사고번호,사고일시,요일,시군구,사고내용,사망자수,중상자수,경상자수,부상신고자수,사고유형,법규위반,노면상태,기상상태,도로형태,가해운전자 차종,가해운전자 성별,가해운전자 연령,가해운전자 상해정도,피해운전자 차종,피해운전자 성별,피해운전자 연령,피해운전자 상해정도
2017011100100235,2017년 1월 11일 12시,수요일,충청남도 청양군 청양읍,경상사고,0,0,3,0,차대차 - 측면충돌,안전거리미확보,건조,맑음,단일로 - 기타,화물,남,74세,상해없음,화물,남,25세,경상
2017011100100303,2017년 1월 11일 14시,수요일,충청남도 서천군 서면,부상신고사고,0,0,0,1,차량단독 - 전도전복,안전운전불이행,젖음/습기,눈,단일로 - 기타,사륜오토바이(ATV),남,83세,부상신고,미분류,미분류,미분류,미분류
2017011100100330,2017년 1월 11일 15시,수요일,충청남도 아산시 도고면,중상사고,0,2,0,0,차대차 - 정면충돌,중앙선침범,건조,맑음,단일로 - 기타,화물,남,73세,기타불명,화물,여,46세,중상
2017011100100352,2017년 1월 11일 16시,수요일,충청남도 아산시 송악면,중상사고,0,1,0,0,차대차 - 추돌,안전운전불이행,건조,맑음,단일로 - 기타,승용,여,41세,상해없음,승용,남,32세,중상
2017011100100353,2017년 1월 11일 16시,수요일,충청남도 서천군 서천읍,사망사고,1,1,2,0,차대사람 - 길가장자리구역통행중,안전운전불이행,건조,맑음,단일로 - 기타,승합,남,69세,상해없음,보행자,남,64세,사망
2017011100100354,2017년 1월 11일 16시,수요일,충청남도 금산군 금산읍,경상사고,0,0,1,0,차대사람 - 횡단중,보행자보호의무위반,건조,맑음,교차로 - 교차로횡단보도내,화물,남,63세,상해없음,보행자,여,52세,경상
2017011100100355,2017년 1월 11일 16시,수요일,충청남도 청양군 비봉면,경상사고,0,0,1,0,차대차 - 추돌,안전운전불이행,건조,맑음,교차로 - 교차로부근,화물,남,46세,상해없음,승용,여,54세,경상
2017011100100384,2017년 1월 11일 17시,수요일,충청남도 부여군 부여읍,중상사고,0,1,0,0,차대차 - 측면충돌,신호위반,건조,맑음,교차로 - 교차로안,화물,여,58세,상해없음,승용,남,59세,중상
2017011100100410,2017년 1월 11일 18시,수요일,충청남도 아산시 둔포면,경상사고,0,0,2,0,차대차 - 측면충돌,안전운전불이행,건조,맑음,교차로 - 교차로안,승용,남,49세,상해없음,승용,남,53세,경상
2017011100100411,2017년 1월 11일 18시,수요일,충청남도 금산군 추부면,중상사고,0,1,0,0,차대차 - 측면충돌,안전운전불이행,건조,맑음,단일로 - 기타,화물,남,54세,상해없음,승용,남,32세,중상
2017011100100412,2017년 1월 11일 18시,수요일,충청남도 천안시 동남구 청수동,중상사고,0,1,0,0,차대사람 - 횡단중,보행자보호의무위반,건조,맑음,교차로 - 교차로안,승용,여,37세,상해없음,보행자,여,27세,중상
2017011100100451,2017년 1월 11일 19시,수요일,충청남도 청양군 청양읍,중상사고,0,1,0,0,차량단독 - 공작물충돌,안전운전불이행,건조,흐림,단일로 - 기타,승용,남,60세,중상,,,,
2017011100100492,2017년 1월 11일 20시,수요일,충청남도 천안시 서북구 성환읍,경상사고,0,0,1,0,차대차 - 추돌,안전운전불이행,건조,맑음,교차로 - 교차로안,승용,여,32세,상해없음,승용,여,45세,경상
2017011100100493,2017년 1월 11일 20시,수요일,충청남도 아산시 신창면,경상사고,0,0,1,0,차대차 - 기타,안전운전불이행,건조,맑음,단일로 - 기타,승용,남,35세,상해없음,이륜,남,21세,경상
2017011100100494,2017년 1월 11일 20시,수요일,충청남도 예산군 예산읍,경상사고,0,0,1,0,차대사람 - 횡단중,교차로운행방법위반,건조,맑음,교차로 - 교차로안,승용,남,36세,상해없음,보행자,여,38세,경상
2017011100100495,2017년 1월 11일 20시,수요일,충청남도 천안시 동남구 대흥동,경상사고,0,0,1,0,차대차 - 측면충돌,안전거리미확보,건조,맑음,교차로 - 교차로안,승용,여,55세,상해없음,승용,남,53세,경상
2017011100100518,2017년 1월 11일 21시,수요일,충청남도 천안시 서북구 두정동,중상사고,0,2,1,0,차대차 - 추돌,안전운전불이행,건조,맑음,단일로 - 기타,승용,여,30세,상해없음,승용,여,48세,중상
2017011100100519,2017년 1월 11일 21시,수요일,충청남도 아산시 탕정면,중상사고,0,2,3,0,차대차 - 기타,안전운전불이행,건조,맑음,기타 - 기타,승용,남,48세,기타불명,승용,남,24세,중상
2017011100100520,2017년 1월 11일 21시,수요일,충청남도 보령시 동대동,중상사고,0,1,0,0,차대차 - 측면충돌,안전운전불이행,건조,맑음,단일로 - 기타,승용,남,29세,상해없음,이륜,남,38세,중상
2017011100100545,2017년 1월 11일 22시,수요일,충청남도 천안시 서북구 백석동,경상사고,0,0,3,0,차대차 - 측면충돌,신호위반,건조,맑음,교차로 - 교차로안,승용,남,34세,경상,승용,여,42세,경상
2017011100100546,2017년 1월 11일 22시,수요일,충청남도 아산시 둔포면,중상사고,0,1,1,0,차대차 - 추돌,안전운전불이행,건조,맑음,단일로 - 기타,승용,남,29세,중상,건설기계,남,44세,경상
2017011100100569,2017년 1월 11일 23시,수요일,충청남도 천안시 동남구 다가동,중상사고,0,1,0,0,차대차 - 측면충돌,안전운전불이행,건조,맑음,단일로 - 기타,승용,남,33세,상해없음,승용,남,28세,중상
2017011200100016,2017년 1월 12일 00시,목요일,충청남도 홍성군 홍북읍,경상사고,0,0,1,0,차대차 - 정면충돌,신호위반,건조,맑음,교차로 - 교차로안,승용,남,27세,상해없음,승용,여,26세,경상
2017011200100017,2017년 1월 12일 00시,목요일,충청남도 공주시 신관동,중상사고,0,3,1,0,차대차 - 정면충돌,직진우회전진행방해,건조,맑음,교차로 - 교차로안,화물,남,53세,중상,승용,남,60세,경상
2017011200100033,2017년 1월 12일 01시,목요일,충청남도 천안시 서북구 성정동,중상사고,0,2,2,0,차대차 - 정면충돌,중앙선침범,건조,맑음,단일로 - 기타,승용,남,34세,상해없음,승용,남,40세,경상
2017011200100042,2017년 1월 12일 02시,목요일,충청남도 공주시 송선동,경상사고,0,0,1,0,차량단독 - 공작물충돌,안전운전불이행,건조,맑음,단일로 - 기타,승용,남,39세,경상,,,,
2017011200100066,2017년 1월 12일 05시,목요일,충청남도 천안시 동남구 청수동,중상사고,0,1,0,0,차대차 - 측면충돌,교차로운행방법위반,건조,맑음,교차로 - 교차로안,승합,남,48세,상해없음,승용,여,44세,중상
2017011200100080,2017년 1월 12일 06시,목요일,충청남도 아산시 인주면,경상사고,0,0,1,0,차대차 - 정면충돌,중앙선침범,건조,맑음,단일로 - 기타,승용,남,72세,상해없음,화물,남,49세,경상
2017011200100081,2017년 1월 12일 06시,목요일,충청남도 천안시 동남구 청수동,경상사고,0,0,1,0,차대차 - 측면충돌,교차로운행방법위반,건조,맑음,교차로 - 교차로안,승합,남,28세,상해없음,이륜,남,46세,경상
2017011200100103,2017년 1월 12일 07시,목요일,충청남도 홍성군 홍북읍,중상사고,0,1,0,0,차대차 - 측면충돌,교차로운행방법위반,건조,맑음,교차로 - 교차로안,화물,남,55세,상해없음,승용,남,61세,중상
2017011200100131,2017년 1월 12일 08시,목요일,충청남도 천안시 동남구 신부동,경상사고,0,0,1,0,차대차 - 정면충돌,안전거리미확보,건조,맑음,단일로 - 기타,승용,남,35세,상해없음,승용,남,30세,경상
2017011200100156,2017년 1월 12일 09시,목요일,충청남도 서천군 서천읍,경상사고,0,0,1,0,차대차 - 측면충돌,직진우회전진행방해,젖음/습기,맑음,교차로 - 교차로안,승용,남,67세,상해없음,화물,남,72세,상해없음
2017011200100157,2017년 1월 12일 09시,목요일,충청남도 청양군 청양읍,중상사고,0,1,0,0,차대차 - 추돌,안전거리미확보,건조,맑음,교차로 - 교차로부근,승용,남,37세,상해없음,승용,여,70세,중상
2017011200100175,2017년 1월 12일 10시,목요일,충청남도 천안시 서북구 쌍용동,중상사고,0,1,0,0,차대사람 - 횡단중,신호위반,적설,눈,교차로 - 교차로횡단보도내,승합,남,51세,상해없음,보행자,여,66세,중상
2017011200100176,2017년 1월 12일 10시,목요일,충청남도 천안시 서북구 불당동,경상사고,0,0,1,0,차대차 - 측면충돌,안전운전불이행,서리/결빙,눈,단일로 - 기타,기타불명,기타불명,미분류,기타불명,승용,여,50세,경상
2017011200100177,2017년 1월 12일 10시,목요일,충청남도 아산시 둔포면,경상사고,0,0,1,0,차대차 - 추돌,안전운전불이행,적설,눈,단일로 - 교량,화물,여,60세,상해없음,화물,남,43세,경상
2017011200100178,2017년 1월 12일 10시,목요일,충청남도 당진시 합덕읍,중상사고,0,1,0,0,차대차 - 정면충돌,중앙선침범,적설,흐림,단일로 - 기타,화물,남,65세,상해없음,화물,남,45세,중상
2017011200100179,2017년 1월 12일 10시,목요일,충청남도 천안시 동남구 봉명동,경상사고,0,0,2,0,차대차 - 정면충돌,직진우회전진행방해,건조,맑음,교차로 - 교차로안,승용,남,58세,경상,승용,남,44세,경상
2017011200100228,2017년 1월 12일 12시,목요일,충청남도 천안시 서북구 백석동,경상사고,0,0,1,0,차대차 - 기타,안전운전불이행,젖음/습기,눈,교차로 - 교차로부근,승용,여,30세,상해없음,승용,남,48세,경상
2017011200100274,2017년 1월 12일 14시,목요일,충청남도 태안군 태안읍,경상사고,0,0,2,1,차대차 - 추돌,안전운전불이행,젖음/습기,흐림,단일로 - 기타,승용,남,54세,부상신고,승용,여,35세,경상
2017011200100275,2017년 1월 12일 14시,목요일,충청남도 아산시 실옥동,경상사고,0,0,1,0,차대차 - 추돌,안전운전불이행,젖음/습기,맑음,단일로 - 기타,승용,남,57세,상해없음,화물,남,34세,경상
2017011200100277,2017년 1월 12일 14시,목요일,충청남도 예산군 예산읍,경상사고,0,0,1,0,차대차 - 추돌,안전거리미확보,젖음/습기,흐림,교차로 - 교차로부근,화물,남,52세,상해없음,승용,남,54세,경상
2017011200100278,2017년 1월 12일 14시,목요일,충청남도 부여군 충화면,중상사고,0,1,0,0,차대차 - 정면충돌,중앙선침범,건조,맑음,단일로 - 기타,승용,남,67세,상해없음,화물,여,52세,중상
2017011200100306,2017년 1월 12일 15시,목요일,충청남도 천안시 서북구 두정동,중상사고,0,1,0,0,차대사람 - 횡단중,보행자보호의무위반,건조,맑음,단일로 - 기타,승용,여,54세,상해없음,보행자,남,7세,중상
2017011200100335,2017년 1월 12일 16시,목요일,충청남도 논산시 반월동,중상사고,0,1,0,0,차대차 - 측면충돌,중앙선침범,건조,맑음,교차로 - 교차로부근,자전거,남,71세,중상,승용,남,72세,기타불명
2017011200100370,2017년 1월 12일 17시,목요일,충청남도 아산시 탕정면,경상사고,0,0,1,0,차대차 - 추돌,안전운전불이행,건조,맑음,단일로 - 기타,승합,남,25세,상해없음,승용,남,34세,경상
2017011200100405,2017년 1월 12일 18시,목요일,충청남도 논산시 내동,중상사고,0,1,0,0,차대차 - 정면충돌,교차로운행방법위반,건조,맑음,교차로 - 교차로안,승용,남,53세,상해없음,이륜,남,16세,중상
2017011200100430,2017년 1월 12일 19시,목요일,충청남도 당진시 채운동,중상사고,0,1,0,0,차대사람 - 횡단중,안전운전불이행,건조,맑음,단일로 - 기타,승용,남,30세,상해없음,보행자,남,12세,중상
2017011200100464,2017년 1월 12일 20시,목요일,충청남도 서산시 석남동,경상사고,0,0,2,0,차대차 - 추돌,안전운전불이행,젖음/습기,흐림,교차로 - 교차로안,승용,여,50세,상해없음,승용,여,42세,경상
2017011200100465,2017년 1월 12일 20시,목요일,충청남도 천안시 동남구 신방동,경상사고,0,0,1,0,차대차 - 추돌,안전운전불이행,적설,맑음,단일로 - 기타,승용,남,60세,상해없음,승용,여,56세,경상
2017011200100552,2017년 1월 12일 23시,목요일,충청남도 서산시 읍내동,경상사고,0,0,1,0,차대차 - 측면충돌,신호위반,건조,흐림,교차로 - 교차로안,승용,남,24세,상해없음,이륜,남,20세,경상
2017011300100039,2017년 1월 13일 01시,금요일,충청남도 천안시 동남구 성남면,경상사고,0,0,2,0,차대차 - 추돌,안전운전불이행,건조,맑음,단일로 - 기타,승용,남,32세,경상,승용,여,29세,경상
2017011300100065,2017년 1월 13일 04시,금요일,충청남도 서산시 읍내동,경상사고,0,0,1,0,차대차 - 추돌,안전거리미확보,건조,흐림,단일로 - 기타,승합,남,41세,상해없음,이륜,남,65세,경상
2017011300100076,2017년 1월 13일 05시,금요일,충청남도 서산시 예천동,경상사고,0,0,6,0,차대차 - 정면충돌,안전운전불이행,건조,흐림,단일로 - 기타,승합,남,49세,상해없음,승합,남,60세,경상
2017011300100087,2017년 1월 13일 06시,금요일,충청남도 당진시 송악읍,경상사고,0,0,1,0,차대차 - 추돌,안전운전불이행,건조,맑음,단일로 - 기타,승용,남,28세,상해없음,승용,남,31세,경상
2017011300100106,2017년 1월 13일 07시,금요일,충청남도 논산시 강산동,사망사고,1,0,1,0,차대사람 - 횡단중,과속,건조,맑음,교차로 - 교차로부근,승용,남,41세,상해없음,보행자,여,77세,사망
2017011300100138,2017년 1월 13일 08시,금요일,충청남도 서천군 비인면,부상신고사고,0,0,0,1,차대차 - 측면충돌,신호위반,건조,흐림,교차로 - 교차로안,승용,남,54세,부상신고,화물,남,51세,상해없음
2017011300100171,2017년 1월 13일 09시,금요일,충청남도 공주시 정안면,경상사고,0,0,5,0,차대차 - 기타,안전운전불이행,건조,맑음,주차장 - 주차장,승합,남,51세,상해없음,승용,남,38세,경상
2017011300100221,2017년 1월 13일 11시,금요일,충청남도 천안시 서북구 직산읍,중상사고,0,1,0,0,차대차 - 측면충돌,교차로운행방법위반,젖음/습기,눈,교차로 - 교차로안,화물,남,61세,상해없음,승용,여,63세,중상
2017011300100222,2017년 1월 13일 11시,금요일,충청남도 홍성군 금마면,경상사고,0,0,1,0,차대차 - 측면충돌,안전운전불이행,적설,눈,교차로 - 교차로안,화물,남,46세,상해없음,승용,남,62세,경상
2017011300100225,2017년 1월 13일 11시,금요일,충청남도 보령시 남곡동,중상사고,0,3,1,0,차대차 - 기타,안전운전불이행,적설,눈,단일로 - 기타,화물,남,49세,상해없음,승용,남,61세,경상
2017011300100247,2017년 1월 13일 12시,금요일,충청남도 서산시 부석면,사망사고,1,0,0,0,차대사람 - 횡단중,안전운전불이행,적설,눈,단일로 - 기타,승용,남,61세,상해없음,보행자,여,71세,사망
2017011300100248,2017년 1월 13일 12시,금요일,충청남도 서산시 부석면,경상사고,0,0,2,0,차대차 - 측면충돌,안전운전불이행,서리/결빙,맑음,단일로 - 기타,승용,남,46세,상해없음,승용,남,71세,상해없음
2017011300100271,2017년 1월 13일 13시,금요일,충청남도 보령시 대천동,중상사고,0,1,0,0,차대사람 - 횡단중,안전운전불이행,젖음/습기,비,교차로 - 교차로안,승용,남,48세,상해없음,보행자,남,61세,중상
2017011300100272,2017년 1월 13일 13시,금요일,충청남도 청양군 화성면,경상사고,0,0,1,0,차대차 - 정면충돌,안전운전불이행,적설,맑음,교차로 - 교차로부근,화물,남,62세,상해없음,승용,남,36세,경상
2017011300100306,2017년 1월 13일 14시,금요일,충청남도 논산시 취암동,중상사고,0,1,0,0,차대사람 - 횡단중,안전운전불이행,건조,맑음,단일로 - 기타,화물,남,22세,상해없음,보행자,여,11세,중상
2017011300100307,2017년 1월 13일 14시,금요일,충청남도 홍성군 홍성읍,경상사고,0,0,3,0,차대차 - 측면충돌,안전운전불이행,젖음/습기,눈,교차로 - 교차로안,승용,남,25세,상해없음,화물,남,50세,경상
2017011300100337,2017년 1월 13일 15시,금요일,충청남도 천안시 서북구 두정동,경상사고,0,0,1,0,차대차 - 측면충돌,안전운전불이행,건조,맑음,교차로 - 교차로안,원동기,남,25세,경상,승합,남,57세,상해없음
2017011300100338,2017년 1월 13일 15시,금요일,충청남도 당진시 송산면,경상사고,0,0,1,0,차대차 - 추돌,안전운전불이행,건조,맑음,단일로 - 기타,승용,여,22세,상해없음,승용,여,34세,경상
2017011300100368,2017년 1월 13일 16시,금요일,충청남도 예산군 예산읍,경상사고,0,0,2,1,차대차 - 추돌,안전운전불이행,젖음/습기,맑음,단일로 - 기타,화물,남,57세,부상신고,승용,여,39세,경상
2017011300100395,2017년 1월 13일 17시,금요일,충청남도 천안시 서북구 불당동,중상사고,0,1,0,0,차대차 - 측면충돌,안전운전불이행,건조,맑음,교차로 - 교차로안,승용,여,37세,상해없음,승용,남,59세,중상
2017011300100450,2017년 1월 13일 18시,금요일,충청남도 아산시 배방읍,경상사고,0,0,1,0,차대차 - 측면충돌,안전운전불이행,건조,맑음,교차로 - 교차로안,화물,남,47세,상해없음,승용,여,42세,경상
2017011300100452,2017년 1월 13일 18시,금요일,충청남도 당진시 신평면,중상사고,0,1,0,0,차대사람 - 횡단중,안전운전불이행,건조,흐림,단일로 - 기타,승용,여,46세,상해없음,보행자,남,78세,중상
2017011300100622,2017년 1월 13일 23시,금요일,충청남도 천안시 서북구 성거읍,중상사고,0,3,2,0,차대차 - 기타,안전운전불이행,건조,맑음,교차로 - 교차로부근,승용,남,28세,중상,승용,여,27세,경상
2017011300100623,2017년 1월 13일 23시,금요일,충청남도 논산시 반월동,중상사고,0,1,1,0,차대차 - 추돌,안전운전불이행,건조,맑음,단일로 - 기타,승용,남,33세,상해없음,승용,남,67세,기타불명
2017011400100063,2017년 1월 14일 02시,토요일,충청남도 천안시 동남구 신방동,중상사고,0,1,0,0,차대사람 - 횡단중,안전운전불이행,건조,맑음,단일로 - 기타,이륜,남,19세,상해없음,보행자,남,36세,상해없음
2017011400100221,2017년 1월 14일 11시,토요일,충청남도 천안시 동남구 신방동,경상사고,0,0,1,0,차대차 - 기타,안전거리미확보,건조,맑음,교차로 - 교차로부근,승용,남,33세,상해없음,승용,남,39세,경상
2017011400100251,2017년 1월 14일 12시,토요일,충청남도 천안시 서북구 쌍용동,경상사고,0,0,1,0,차대차 - 기타,안전운전불이행,건조,맑음,교차로 - 교차로안,이륜,남,37세,경상,승용,남,30세,상해없음
2017011400100252,2017년 1월 14일 12시,토요일,충청남도 홍성군 구항면,경상사고,0,0,1,0,차대차 - 추돌,안전운전불이행,건조,맑음,단일로 - 기타,승용,남,62세,상해없음,화물,남,64세,경상
2017011400100284,2017년 1월 14일 13시,토요일,충청남도 천안시 서북구 백석동,경상사고,0,0,1,0,차대차 - 측면충돌,신호위반,건조,맑음,교차로 - 교차로안,승용,남,39세,상해없음,승용,남,50세,경상
2017011400100331,2017년 1월 14일 15시,토요일,충청남도 당진시 채운동,경상사고,0,0,1,0,차대차 - 정면충돌,직진우회전진행방해,건조,맑음,교차로 - 교차로안,승용,여,56세,상해없음,승용,여,38세,경상
2017011400100332,2017년 1월 14일 15시,토요일,충청남도 천안시 동남구 신부동,경상사고,0,0,1,0,차대차 - 측면충돌,안전운전불이행,건조,맑음,단일로 - 기타,승용,남,49세,상해없음,화물,남,49세,경상
2017011400100426,2017년 1월 14일 18시,토요일,충청남도 천안시 서북구 백석동,경상사고,0,0,1,0,차대차 - 측면충돌,안전운전불이행,건조,맑음,단일로 - 기타,승용,남,52세,상해없음,승용,남,57세,상해없음
2017011400100427,2017년 1월 14일 18시,토요일,충청남도 공주시 옥룡동,중상사고,0,1,2,0,차대차 - 기타,기타,건조,맑음,기타 - 기타,승용,남,56세,상해없음,승용,남,20세,경상
2017011400100428,2017년 1월 14일 18시,토요일,충청남도 당진시 읍내리,경상사고,0,0,1,1,차대차 - 측면충돌,교차로운행방법위반,건조,맑음,교차로 - 교차로안,원동기,남,25세,경상,승용,여,49세,부상신고
2017011400100429,2017년 1월 14일 18시,토요일,충청남도 천안시 동남구 수신면,중상사고,0,2,6,0,차대차 - 추돌,안전운전불이행,건조,맑음,단일로 - 기타,승합,남,57세,상해없음,승합,남,46세,경상
2017011400100468,2017년 1월 14일 19시,토요일,충청남도 홍성군 갈산면,사망사고,1,0,0,0,차대사람 - 차도통행중,안전운전불이행,건조,맑음,단일로 - 기타,승용,여,60세,상해없음,보행자,남,66세,사망
2017011400100502,2017년 1월 14일 20시,토요일,충청남도 홍성군 홍북읍,중상사고,0,1,0,0,차대사람 - 횡단중,안전운전불이행,건조,맑음,단일로 - 기타,승합,남,70세,상해없음,보행자,남,24세,중상
2017011400100503,2017년 1월 14일 20시,토요일,충청남도 당진시 순성면,부상신고사고,0,0,0,1,차대사람 - 차도통행중,안전운전불이행,건조,기타,단일로 - 기타,승용,남,49세,상해없음,보행자,남,27세,부상신고
2017011400100504,2017년 1월 14일 20시,토요일,충청남도 당진시 송악읍,경상사고,0,0,2,0,차대차 - 측면충돌,신호위반,건조,기타,교차로 - 교차로안,승용,남,55세,상해없음,승용,남,53세,경상
2017011400100579,2017년 1월 14일 23시,토요일,충청남도 아산시 영인면,사망사고,1,1,0,0,차대차 - 측면충돌,안전운전불이행,건조,맑음,미분류 - 미분류,승용,남,38세,상해없음,승용,여,34세,중상
2017011400100580,2017년 1월 14일 23시,토요일,충청남도 당진시 수청리,경상사고,0,0,1,0,차대차 - 추돌,안전운전불이행,건조,맑음,교차로 - 교차로부근,승용,남,36세,기타불명,승용,남,31세,경상
2017011400100581,2017년 1월 14일 23시,토요일,충청남도 당진시 정미면,중상사고,0,1,0,0,차대차 - 기타,안전운전불이행,젖음/습기,흐림,단일로 - 교량,승용,남,28세,중상,승용,남,20세,상해없음
2017011400100582,2017년 1월 14일 23시,토요일,충청남도 천안시 동남구 신방동,경상사고,0,0,1,0,차대사람 - 기타,보행자보호의무위반,건조,맑음,교차로 - 교차로횡단보도내,승용,남,51세,상해없음,보행자,남,30세,경상
2017011500100045,2017년 1월 15일 02시,일요일,충청남도 천안시 서북구 성환읍,경상사고,0,0,2,0,차대차 - 기타,안전운전불이행,건조,맑음,단일로 - 기타,승용,남,28세,상해없음,승용,남,26세,경상
2017011500100071,2017년 1월 15일 05시,일요일,충청남도 서산시 석남동,경상사고,0,0,1,0,차대차 - 추돌,안전운전불이행,건조,맑음,단일로 - 기타,화물,남,53세,경상,승합,남,48세,기타불명
2017011500100072,2017년 1월 15일 05시,일요일,충청남도 공주시 정안면,경상사고,0,0,1,0,차대차 - 측면충돌,안전운전불이행,건조,맑음,단일로 - 기타,화물,남,26세,상해없음,승용,남,42세,경상
2017011500100206,2017년 1월 15일 13시,일요일,충청남도 당진시 읍내리,경상사고,0,0,1,0,차대차 - 측면충돌,교차로운행방법위반,건조,맑음,교차로 - 교차로안,승용,남,25세,상해없음,이륜,남,33세,경상
2017011500100207,2017년 1월 15일 13시,일요일,충청남도 천안시 서북구 성거읍,중상사고,0,1,4,0,차대차 - 추돌,안전운전불이행,건조,맑음,단일로 - 기타,승용,남,65세,상해없음,승용,남,33세,상해없음
2017011500100285,2017년 1월 15일 16시,일요일,충청남도 아산시 권곡동,부상신고사고,0,0,0,1,차대사람 - 기타,안전운전불이행,건조,맑음,단일로 - 기타,승용,남,33세,상해없음,보행자,여,78세,부상신고
2017011500100339,2017년 1월 15일 18시,일요일,충청남도 공주시 신관동,경상사고,0,0,1,0,차대사람 - 차도통행중,안전운전불이행,건조,맑음,단일로 - 기타,승용,남,39세,기타불명,보행자,여,22세,경상
2017011500100340,2017년 1월 15일 18시,일요일,충청남도 청양군 남양면,사망사고,1,0,0,0,차대사람 - 기타,안전운전불이행,건조,맑음,단일로 - 기타,승용,남,48세,상해없음,보행자,여,73세,사망
2017011500100376,2017년 1월 15일 19시,일요일,충청남도 서천군 기산면,부상신고사고,0,0,0,1,차대차 - 기타,안전운전불이행,젖음/습기,흐림,단일로 - 교량,승용,남,54세,부상신고,승용,남,61세,상해없음
2017011500100377,2017년 1월 15일 19시,일요일,충청남도 당진시 읍내리,중상사고,0,1,0,0,차대차 - 측면충돌,중앙선침범,건조,맑음,단일로 - 기타,이륜,남,62세,상해없음,이륜,남,56세,중상
2017011500100411,2017년 1월 15일 20시,일요일,충청남도 천안시 서북구 불당동,중상사고,0,1,0,0,차대차 - 정면충돌,중앙선침범,건조,맑음,단일로 - 기타,승용,남,30세,상해없음,원동기,남,42세,중상
2017011500100437,2017년 1월 15일 21시,일요일,충청남도 서산시 동문동,중상사고,0,1,0,0,차대사람 - 기타,안전운전불이행,건조,맑음,단일로 - 기타,승용,여,44세,상해없음,보행자,남,64세,중상
2017011500100478,2017년 1월 15일 23시,일요일,충청남도 보령시 동대동,경상사고,0,0,2,0,차대차 - 기타,직진우회전진행방해,건조,맑음,교차로 - 교차로안,승용,남,67세,상해없음,승용,남,53세,경상
2017011600100025,2017년 1월 16일 00시,월요일,충청남도 아산시 배방읍,경상사고,0,0,1,0,차대차 - 측면충돌,안전운전불이행,건조,맑음,기타 - 기타,승용,남,30세,상해없음,원동기,남,37세,경상
2017011600100026,2017년 1월 16일 00시,월요일,충청남도 천안시 동남구 목천읍,경상사고,0,0,1,0,차대사람 - 차도통행중,안전운전불이행,건조,맑음,단일로 - 기타,화물,남,22세,상해없음,보행자,남,50세,경상
2017011600100078,2017년 1월 16일 06시,월요일,충청남도 천안시 동남구 신방동,경상사고,0,0,1,0,차대차 - 기타,안전운전불이행,건조,맑음,단일로 - 기타,기타불명,기타불명,미분류,기타불명,원동기,남,63세,경상
2017011600100105,2017년 1월 16일 07시,월요일,충청남도 홍성군 홍성읍,경상사고,0,0,4,0,차대차 - 추돌,안전운전불이행,건조,맑음,교차로 - 교차로부근,승용,남,68세,상해없음,승용,남,46세,경상
2017011600100148,2017년 1월 16일 08시,월요일,충청남도 공주시 유구읍,중상사고,0,2,1,0,차대차 - 기타,안전운전불이행,건조,맑음,단일로 - 기타,승용,남,25세,경상,화물,남,51세,상해없음
2017011600100189,2017년 1월 16일 09시,월요일,충청남도 보령시 신흑동,중상사고,0,1,0,0,차량단독 - 공작물충돌,안전운전불이행,건조,맑음,기타 - 기타,승용,남,48세,상해없음,,,,
2017011600100224,2017년 1월 16일 10시,월요일,충청남도 서천군 서천읍,중상사고,0,1,0,0,차대차 - 측면충돌,직진우회전진행방해,건조,맑음,교차로 - 교차로안,화물,남,54세,상해없음,원동기,남,64세,중상
2017011600100254,2017년 1월 16일 11시,월요일,충청남도 논산시 내동,경상사고,0,0,3,0,차대차 - 측면충돌,직진우회전진행방해,건조,맑음,교차로 - 교차로안,이륜,남,28세,상해없음,승용,여,31세,경상
2017011600100255,2017년 1월 16일 11시,월요일,충청남도 논산시 화지동,중상사고,0,2,0,0,차대사람 - 횡단중,보행자보호의무위반,건조,맑음,교차로 - 교차로횡단보도내,승용,남,62세,상해없음,보행자,여,60세,중상
2017011600100256,2017년 1월 16일 11시,월요일,충청남도 당진시 우강면,사망사고,1,0,0,0,차대차 - 정면충돌,교차로운행방법위반,건조,맑음,교차로 - 교차로안,승용,남,58세,상해없음,이륜,남,68세,사망
2017011600100257,2017년 1월 16일 11시,월요일,충청남도 천안시 동남구 목천읍,경상사고,0,0,1,0,차대차 - 측면충돌,교차로운행방법위반,건조,맑음,교차로 - 교차로안,화물,남,48세,상해없음,화물,남,47세,경상
2017011600100258,2017년 1월 16일 11시,월요일,충청남도 천안시 동남구 신방동,경상사고,0,0,2,0,차대차 - 추돌,안전운전불이행,건조,맑음,단일로 - 기타,승용,남,56세,상해없음,승용,여,34세,경상
2017011600100317,2017년 1월 16일 13시,월요일,충청남도 태안군 안면읍,경상사고,0,0,3,0,차대차 - 추돌,신호위반,건조,맑음,교차로 - 교차로안,기타불명,기타불명,미분류,기타불명,승용,남,25세,상해없음
2017011600100318,2017년 1월 16일 13시,월요일,충청남도 논산시 대교동,경상사고,0,0,1,0,차대사람 - 기타,안전운전불이행,건조,맑음,단일로 - 기타,기타불명,기타불명,미분류,기타불명,보행자,남,18세,경상