사고번호,사고일시,요일,시군구,사고내용,사망자수,중상자수,경상자수,부상신고자수,사고유형,법규위반,노면상태,기상상태,도로형태,가해운전자 차종,가해운전자 성별,가해운전자 연령,가해운전자 상해정도,피해운전자 차종,피해운전자 성별,피해운전자 연령,피해운전자 상해정도
2017011600100319,2017년 1월 16일 13시,월요일,충청남도 보령시 남포면,중상사고,0,1,0,0,차대차 - 추돌,안전운전불이행,건조,맑음,교차로 - 교차로부근,승용,남,52세,상해없음,승용,여,54세,중상
2017011600100351,2017년 1월 16일 14시,월요일,충청남도 아산시 도고면,경상사고,0,0,1,0,차대차 - 추돌,안전운전불이행,건조,맑음,단일로 - 기타,승용,남,59세,상해없음,승용,남,29세,경상
2017011600100388,2017년 1월 16일 15시,월요일,충청남도 천안시 서북구 두정동,경상사고,0,0,1,0,차대차 - 기타,신호위반,건조,맑음,교차로 - 교차로부근,승용,여,56세,상해없음,승용,여,29세,경상
2017011600100389,2017년 1월 16일 15시,월요일,충청남도 서천군 판교면,중상사고,0,1,0,0,차량단독 - 전도전복 - 전도,안전운전불이행,건조,맑음,단일로 - 기타,사륜오토바이(ATV),남,80세,중상,,,,
2017011600100390,2017년 1월 16일 15시,월요일,충청남도 보령시 대천동,경상사고,0,0,2,0,차대차 - 추돌,안전거리미확보,건조,맑음,단일로 - 기타,승용,여,32세,상해없음,승용,여,54세,경상
2017011600100391,2017년 1월 16일 15시,월요일,충청남도 천안시 동남구 봉명동,경상사고,0,0,3,0,차대차 - 측면충돌,직진우회전진행방해,건조,맑음,교차로 - 교차로안,승용,여,58세,경상,승용,남,77세,경상
2017011600100427,2017년 1월 16일 16시,월요일,충청남도 서산시 팔봉면,중상사고,0,3,3,0,차대차 - 추돌,안전운전불이행,건조,맑음,단일로 - 기타,승합,남,43세,상해없음,화물,남,65세,상해없음
2017011600100428,2017년 1월 16일 16시,월요일,충청남도 예산군 예산읍,중상사고,0,1,0,0,차대차 - 측면충돌,신호위반,건조,맑음,교차로 - 교차로안,승용,남,79세,상해없음,승용,여,43세,중상
2017011600100457,2017년 1월 16일 17시,월요일,충청남도 보령시 대천동,중상사고,0,1,0,0,차대차 - 측면충돌,직진우회전진행방해,건조,맑음,교차로 - 교차로안,원동기,여,64세,상해없음,이륜,남,40세,중상
2017011600100458,2017년 1월 16일 17시,월요일,충청남도 보령시 성주면,중상사고,0,2,0,0,차대차 - 정면충돌,중앙선침범,건조,맑음,단일로 - 기타,승용,남,25세,상해없음,승용,남,67세,중상
2017011600100459,2017년 1월 16일 17시,월요일,충청남도 보령시 동대동,중상사고,0,1,3,0,차대차 - 추돌,안전운전불이행,건조,맑음,교차로 - 교차로부근,승용,남,52세,상해없음,승용,남,34세,중상
2017011600100460,2017년 1월 16일 17시,월요일,충청남도 공주시 교동,경상사고,0,0,1,0,차대차 - 측면충돌,직진우회전진행방해,건조,맑음,교차로 - 교차로안,원동기,남,16세,경상,승용,남,36세,상해없음
2017011600100504,2017년 1월 16일 18시,월요일,충청남도 부여군 규암면,중상사고,0,1,0,0,차대사람 - 길가장자리구역통행중,안전운전불이행,건조,맑음,단일로 - 기타,화물,남,55세,상해없음,보행자,여,61세,중상
2017011600100562,2017년 1월 16일 19시,월요일,충청남도 서산시 동문동,중상사고,0,1,1,0,차대차 - 추돌,안전운전불이행,건조,맑음,교차로 - 교차로부근,승용,남,43세,상해없음,승용,남,25세,중상
2017011600100563,2017년 1월 16일 19시,월요일,충청남도 천안시 동남구 목천읍,중상사고,0,1,1,0,차대차 - 추돌,안전운전불이행,건조,맑음,단일로 - 기타,화물,남,62세,상해없음,승용,남,22세,경상
2017011600100604,2017년 1월 16일 20시,월요일,충청남도 서산시 성연면,중상사고,0,1,0,0,차량단독 - 전도전복 - 전도,안전운전불이행,건조,맑음,단일로 - 기타,화물,남,53세,상해없음,,,,
2017011600100605,2017년 1월 16일 20시,월요일,충청남도 보령시 명천동,중상사고,0,1,0,0,차대차 - 추돌,안전운전불이행,건조,맑음,단일로 - 기타,승용,여,41세,상해없음,승용,남,40세,중상
2017011600100632,2017년 1월 16일 21시,월요일,충청남도 천안시 동남구 신부동,경상사고,0,0,1,0,차대차 - 기타,안전운전불이행,건조,맑음,단일로 - 기타,화물,남,24세,상해없음,승용,남,34세,경상
2017011600100633,2017년 1월 16일 21시,월요일,충청남도 천안시 동남구 사직동,경상사고,0,0,2,0,차대차 - 측면충돌,안전운전불이행,건조,맑음,단일로 - 기타,승용,남,33세,상해없음,승용,남,55세,경상
2017011700100072,2017년 1월 17일 06시,화요일,충청남도 당진시 송악읍,경상사고,0,0,2,0,차대차 - 추돌,안전운전불이행,건조,맑음,단일로 - 기타,화물,남,55세,상해없음,화물,남,45세,경상
2017011700100128,2017년 1월 17일 08시,화요일,충청남도 부여군 남면,중상사고,0,1,0,0,차대차 - 측면충돌,안전운전불이행,건조,맑음,단일로 - 기타,건설기계,남,57세,상해없음,승합,남,60세,중상
2017011700100196,2017년 1월 17일 11시,화요일,충청남도 천안시 서북구 직산읍,경상사고,0,0,1,0,차대차 - 측면충돌,안전운전불이행,건조,맑음,단일로 - 기타,승용,남,43세,상해없음,화물,남,40세,경상
2017011700100197,2017년 1월 17일 11시,화요일,충청남도 공주시 금성동,경상사고,0,0,4,0,차대차 - 측면충돌,신호위반,건조,맑음,교차로 - 교차로안,승용,여,45세,상해없음,화물,남,46세,경상
2017011700100198,2017년 1월 17일 11시,화요일,충청남도 예산군 예산읍,중상사고,0,1,0,0,차대차 - 측면충돌,안전운전불이행,건조,맑음,단일로 - 기타,승용,여,62세,상해없음,승용,여,49세,중상
2017011700100226,2017년 1월 17일 12시,화요일,충청남도 천안시 동남구 원성동,경상사고,0,0,1,0,차대차 - 추돌,안전거리미확보,건조,맑음,단일로 - 기타,화물,남,24세,상해없음,승용,남,58세,경상
2017011700100227,2017년 1월 17일 12시,화요일,충청남도 서천군 서천읍,중상사고,0,1,0,0,차대차 - 추돌,안전운전불이행,건조,맑음,단일로 - 기타,화물,남,39세,상해없음,승용,남,67세,중상
2017011700100247,2017년 1월 17일 13시,화요일,충청남도 서천군 서천읍,중상사고,0,1,0,0,차대차 - 기타,직진우회전진행방해,건조,맑음,교차로 - 교차로안,자전거,여,69세,중상,승용,남,55세,상해없음
2017011700100278,2017년 1월 17일 14시,화요일,충청남도 천안시 서북구 쌍용동,경상사고,0,0,1,0,차대차 - 측면충돌,안전운전불이행,건조,맑음,기타 - 기타,화물,남,57세,상해없음,승용,남,79세,상해없음
2017011700100312,2017년 1월 17일 15시,화요일,충청남도 서산시 음암면,중상사고,0,1,3,0,차대차 - 정면충돌,중앙선침범,건조,맑음,단일로 - 기타,승용,남,26세,경상,화물,여,55세,경상
2017011700100313,2017년 1월 17일 15시,화요일,충청남도 서산시 성연면,경상사고,0,0,1,0,차대차 - 추돌,안전운전불이행,건조,맑음,교차로 - 교차로부근,이륜,남,76세,경상,승용,여,27세,상해없음
2017011700100373,2017년 1월 17일 17시,화요일,충청남도 천안시 서북구 성정동,경상사고,0,0,2,0,차대차 - 추돌,안전운전불이행,건조,맑음,단일로 - 기타,화물,남,28세,상해없음,승용,여,42세,경상
2017011700100374,2017년 1월 17일 17시,화요일,충청남도 천안시 서북구 쌍용동,경상사고,0,0,1,0,차대차 - 기타,안전운전불이행,건조,맑음,단일로 - 기타,승합,남,61세,상해없음,승용,남,56세,상해없음
2017011700100409,2017년 1월 17일 18시,화요일,충청남도 천안시 서북구 백석동,경상사고,0,0,3,0,차대차 - 추돌,안전운전불이행,건조,맑음,교차로 - 교차로부근,승용,남,56세,상해없음,승용,남,73세,경상
2017011700100410,2017년 1월 17일 18시,화요일,충청남도 홍성군 서부면,경상사고,0,0,1,0,차대차 - 추돌,안전운전불이행,건조,맑음,단일로 - 기타,승용,여,54세,기타불명,승용,여,70세,경상
2017011700100463,2017년 1월 17일 19시,화요일,충청남도 천안시 서북구 성정동,경상사고,0,0,1,0,차대사람 - 기타,안전운전불이행,건조,맑음,기타 - 기타,화물,남,36세,상해없음,보행자,여,60세,경상
2017011700100464,2017년 1월 17일 19시,화요일,충청남도 공주시 반죽동,중상사고,0,1,0,0,차대사람 - 횡단중,보행자보호의무위반,건조,맑음,단일로 - 기타,승용,남,36세,상해없음,보행자,여,59세,중상
2017011700100498,2017년 1월 17일 20시,화요일,충청남도 천안시 서북구 불당동,중상사고,0,2,0,0,차대차 - 측면충돌,신호위반,건조,맑음,교차로 - 교차로안,승용,남,23세,상해없음,승용,여,27세,중상
2017011700100499,2017년 1월 17일 20시,화요일,충청남도 당진시 신평면,중상사고,0,1,0,0,차대차 - 측면충돌,중앙선침범,건조,맑음,단일로 - 기타,화물,남,57세,상해없음,승용,남,33세,중상
2017011700100530,2017년 1월 17일 21시,화요일,충청남도 천안시 서북구 성거읍,경상사고,0,0,1,0,차대차 - 추돌,안전운전불이행,건조,맑음,단일로 - 기타,기타불명,기타불명,미분류,기타불명,화물,남,37세,경상
2017011700100582,2017년 1월 17일 23시,화요일,충청남도 아산시 장존동,사망사고,1,0,0,0,차대차 - 추돌,신호위반,건조,맑음,단일로 - 기타,승용,남,26세,상해없음,화물,남,48세,상해없음
2017011700100583,2017년 1월 17일 23시,화요일,충청남도 아산시 용화동,경상사고,0,0,2,0,차대차 - 기타,안전운전불이행,건조,맑음,교차로 - 교차로부근,승용,남,34세,상해없음,승용,여,45세,경상
2017011800100080,2017년 1월 18일 06시,수요일,충청남도 천안시 서북구 신당동,중상사고,0,1,0,0,차대차 - 정면충돌,중앙선침범,건조,맑음,단일로 - 기타,승용,남,56세,기타불명,원동기,남,63세,중상
2017011800100097,2017년 1월 18일 07시,수요일,충청남도 서산시 예천동,중상사고,0,1,0,0,차대사람 - 횡단중,안전운전불이행,건조,흐림,교차로 - 교차로안,승용,여,58세,상해없음,보행자,남,72세,중상
2017011800100127,2017년 1월 18일 08시,수요일,충청남도 서산시 읍내동,중상사고,0,1,0,0,차대사람 - 횡단중,안전운전불이행,건조,맑음,단일로 - 기타,승용,여,56세,상해없음,보행자,남,52세,중상
2017011800100128,2017년 1월 18일 08시,수요일,충청남도 아산시 둔포면,경상사고,0,0,1,0,차대차 - 측면충돌,신호위반,건조,맑음,교차로 - 교차로안,승용,남,26세,상해없음,승용,남,24세,경상
2017011800100129,2017년 1월 18일 08시,수요일,충청남도 공주시 신관동,경상사고,0,0,3,0,차대차 - 측면충돌,안전운전불이행,건조,맑음,교차로 - 교차로안,승용,남,63세,기타불명,승용,여,24세,경상
2017011800100212,2017년 1월 18일 11시,수요일,충청남도 부여군 규암면,경상사고,0,0,4,0,차대차 - 기타,안전운전불이행,건조,맑음,교차로 - 교차로부근,화물,여,50세,상해없음,승용,남,65세,경상
2017011800100244,2017년 1월 18일 12시,수요일,충청남도 서산시 읍내동,경상사고,0,0,1,0,차대차 - 측면충돌,신호위반,건조,맑음,교차로 - 교차로안,승용,남,39세,상해없음,이륜,남,23세,경상
2017011800100245,2017년 1월 18일 12시,수요일,충청남도 천안시 동남구 북면,중상사고,0,2,0,0,차대차 - 측면충돌,교차로운행방법위반,건조,맑음,교차로 - 교차로안,화물,남,61세,상해없음,화물,남,72세,상해없음
2017011800100282,2017년 1월 18일 13시,수요일,충청남도 아산시 음봉면,중상사고,0,1,2,0,차대차 - 정면충돌,신호위반,건조,맑음,교차로 - 교차로안,승용,여,49세,중상,승용,남,60세,경상
2017011800100304,2017년 1월 18일 14시,수요일,충청남도 아산시 모종동,중상사고,0,1,0,0,차대차 - 추돌,안전운전불이행,건조,맑음,교차로 - 교차로부근,승용,남,63세,상해없음,원동기,남,86세,중상
2017011800100322,2017년 1월 18일 15시,수요일,충청남도 아산시 도고면,경상사고,0,0,1,0,차대차 - 측면충돌,안전운전불이행,건조,맑음,단일로 - 기타,건설기계,남,49세,상해없음,승용,남,36세,경상
2017011800100323,2017년 1월 18일 15시,수요일,충청남도 서천군 한산면,중상사고,0,1,2,0,차대차 - 측면충돌,직진우회전진행방해,건조,맑음,교차로 - 교차로안,승용,남,69세,경상,화물,남,44세,경상
2017011800100324,2017년 1월 18일 15시,수요일,충청남도 당진시 합덕읍,경상사고,0,0,1,0,차대차 - 측면충돌,교차로운행방법위반,건조,맑음,교차로 - 교차로안,승용,남,63세,상해없음,승용,남,34세,경상
2017011800100325,2017년 1월 18일 15시,수요일,충청남도 당진시 석문면,중상사고,0,2,0,0,차대차 - 추돌,안전운전불이행,젖음/습기,흐림,교차로 - 교차로안,승용,남,55세,중상,화물,남,55세,중상
2017011800100348,2017년 1월 18일 16시,수요일,충청남도 서산시 해미면,중상사고,0,1,0,0,차대차 - 추돌,안전운전불이행,젖음/습기,흐림,단일로 - 기타,건설기계,남,56세,상해없음,승용,여,67세,중상
2017011800100427,2017년 1월 18일 18시,수요일,충청남도 태안군 소원면,중상사고,0,2,0,0,차대차 - 측면충돌,교차로운행방법위반,건조,맑음,교차로 - 교차로안,승용,여,43세,중상,화물,남,60세,중상
2017011800100428,2017년 1월 18일 18시,수요일,충청남도 아산시 탕정면,부상신고사고,0,0,0,1,차대사람 - 기타,안전운전불이행,건조,맑음,단일로 - 기타,승용,남,23세,상해없음,보행자,남,30세,부상신고
2017011800100429,2017년 1월 18일 18시,수요일,충청남도 당진시 사기소리,중상사고,0,1,0,0,차대차 - 측면충돌,안전운전불이행,건조,맑음,단일로 - 기타,화물,남,31세,상해없음,승용,남,64세,중상
2017011800100475,2017년 1월 18일 19시,수요일,충청남도 아산시 둔포면,경상사고,0,0,1,0,차대차 - 기타,직진우회전진행방해,건조,맑음,교차로 - 교차로안,승용,남,26세,상해없음,승용,남,43세,경상
2017011800100476,2017년 1월 18일 19시,수요일,충청남도 천안시 동남구 삼룡동,경상사고,0,0,1,0,차대사람 - 차도통행중,안전운전불이행,건조,맑음,단일로 - 기타,승용,남,61세,상해없음,보행자,남,60세,경상
2017011800100542,2017년 1월 18일 21시,수요일,충청남도 태안군 안면읍,중상사고,0,1,0,0,차량단독 - 전도전복,안전운전불이행,건조,맑음,단일로 - 기타,승용,남,58세,중상,미분류,미분류,미분류,미분류
2017011800100585,2017년 1월 18일 22시,수요일,충청남도 태안군 태안읍,경상사고,0,0,1,0,차대차 - 추돌,안전운전불이행,건조,맑음,단일로 - 기타,승용,남,40세,상해없음,승용,남,32세,경상
2017011900100035,2017년 1월 19일 01시,목요일,충청남도 천안시 동남구 안서동,경상사고,0,0,1,0,차대차 - 측면충돌,안전운전불이행,건조,맑음,단일로 - 기타,승용,남,26세,상해없음,승용,남,26세,경상
2017011900100107,2017년 1월 19일 07시,목요일,충청남도 당진시 읍내리,경상사고,0,0,3,0,차대차 - 측면충돌,신호위반,건조,맑음,교차로 - 교차로안,승용,남,27세,기타불명,승용,여,46세,경상
2017011900100108,2017년 1월 19일 07시,목요일,충청남도 당진시 송악읍,중상사고,0,1,0,0,차대차 - 측면충돌,중앙선침범,젖음/습기,안개,단일로 - 기타,화물,남,44세,상해없음,화물,남,49세,중상
2017011900100140,2017년 1월 19일 08시,목요일,충청남도 서천군 장항읍,중상사고,0,1,0,0,차대차 - 기타,안전운전불이행,건조,맑음,교차로 - 교차로안,승용,여,48세,상해없음,자전거,여,68세,중상
2017011900100141,2017년 1월 19일 08시,목요일,충청남도 금산군 금산읍,경상사고,0,0,1,0,차대사람 - 횡단중,안전운전불이행,건조,맑음,교차로 - 교차로안,승용,남,31세,상해없음,보행자,남,64세,경상
2017011900100188,2017년 1월 19일 10시,목요일,충청남도 천안시 서북구 쌍용동,경상사고,0,0,2,0,차대차 - 추돌,안전운전불이행,젖음/습기,비,교차로 - 교차로부근,승용,남,50세,상해없음,승용,남,46세,경상
2017011900100189,2017년 1월 19일 10시,목요일,충청남도 아산시 송악면,중상사고,0,1,0,0,차대사람 - 차도통행중,직진우회전진행방해,건조,맑음,교차로 - 교차로안,화물,남,47세,상해없음,보행자,남,86세,중상
2017011900100190,2017년 1월 19일 10시,목요일,충청남도 논산시 양촌면,경상사고,0,0,1,0,차대차 - 기타,안전운전불이행,건조,맑음,단일로 - 기타,기타불명,기타불명,미분류,기타불명,승용,남,54세,경상
2017011900100232,2017년 1월 19일 12시,목요일,충청남도 논산시 연무읍,중상사고,0,4,2,0,차대차 - 정면충돌,교차로운행방법위반,건조,맑음,교차로 - 교차로안,승용,남,21세,상해없음,승합,남,62세,상해없음
2017011900100233,2017년 1월 19일 12시,목요일,충청남도 예산군 덕산면,경상사고,0,0,1,0,차대사람 - 기타,기타,건조,흐림,교차로 - 교차로부근,화물,남,65세,상해없음,보행자,여,25세,경상
2017011900100321,2017년 1월 19일 15시,목요일,충청남도 태안군 남면,경상사고,0,0,1,0,차대차 - 측면충돌,불법유턴,건조,맑음,교차로 - 교차로부근,승용,남,74세,상해없음,이륜,남,56세,경상
2017011900100358,2017년 1월 19일 16시,목요일,충청남도 보령시 대천동,경상사고,0,0,1,0,차대차 - 측면충돌,직진우회전진행방해,서리/결빙,눈,교차로 - 교차로안,승용,남,62세,상해없음,이륜,남,69세,경상
2017011900100359,2017년 1월 19일 16시,목요일,충청남도 금산군 남일면,중상사고,0,1,0,0,차대차 - 측면충돌,안전운전불이행,건조,맑음,단일로 - 기타,이륜,남,86세,중상,화물,남,59세,상해없음
2017011900100415,2017년 1월 19일 18시,목요일,충청남도 서산시 동문동,중상사고,0,1,0,0,차대차 - 추돌,안전운전불이행,건조,맑음,단일로 - 기타,승용,남,57세,상해없음,승용,여,47세,중상
2017011900100416,2017년 1월 19일 18시,목요일,충청남도 천안시 서북구 성거읍,경상사고,0,0,1,0,차대차 - 기타,안전운전불이행,건조,맑음,교차로 - 교차로안,승용,여,37세,경상,화물,남,57세,상해없음
2017011900100417,2017년 1월 19일 18시,목요일,충청남도 천안시 서북구 성정동,경상사고,0,0,1,0,차대차 - 후진중충돌,안전운전불이행,건조,맑음,교차로 - 교차로안,승용,남,78세,상해없음,승용,여,26세,경상
2017011900100418,2017년 1월 19일 18시,목요일,충청남도 천안시 서북구 입장면,중상사고,0,1,0,0,차대차 - 측면충돌,교차로운행방법위반,건조,맑음,교차로 - 교차로안,화물,남,49세,상해없음,화물,남,26세,중상
2017011900100419,2017년 1월 19일 18시,목요일,충청남도 아산시 모종동,사망사고,1,0,0,0,차대차 - 추돌,안전운전불이행,건조,맑음,미분류 - 미분류,화물,남,34세,사망,화물,남,46세,상해없음
2017011900100464,2017년 1월 19일 19시,목요일,충청남도 천안시 동남구 원성동,부상신고사고,0,0,0,1,차대차 - 측면충돌,안전운전불이행,건조,맑음,교차로 - 교차로안,원동기,남,18세,부상신고,승용,남,67세,상해없음
2017011900100535,2017년 1월 19일 22시,목요일,충청남도 천안시 서북구 불당동,경상사고,0,0,4,0,차대차 - 추돌,안전운전불이행,건조,맑음,교차로 - 교차로부근,승용,남,22세,상해없음,승용,남,49세,경상
2017011900100561,2017년 1월 19일 23시,목요일,충청남도 천안시 서북구 직산읍,중상사고,0,2,1,0,차대차 - 정면충돌,중앙선침범,건조,맑음,단일로 - 기타,승용,남,36세,중상,승용,여,41세,경상
2017011900100562,2017년 1월 19일 23시,목요일,충청남도 홍성군 홍북읍,중상사고,0,1,2,0,차대차 - 측면충돌,안전운전불이행,건조,맑음,교차로 - 교차로안,승용,남,43세,상해없음,승합,남,36세,경상
2017012000100035,2017년 1월 20일 01시,금요일,충청남도 천안시 서북구 백석동,경상사고,0,0,1,0,차대차 - 후진중충돌,안전운전불이행,젖음/습기,눈,기타 - 기타,승용,여,34세,상해없음,승용,남,43세,경상
2017012000100054,2017년 1월 20일 03시,금요일,충청남도 논산시 강경읍,부상신고사고,0,0,0,1,차대차 - 추돌,안전운전불이행,적설,눈,단일로 - 기타,화물,남,39세,부상신고,화물,남,51세,상해없음
2017012000100055,2017년 1월 20일 03시,금요일,충청남도 아산시 탕정면,중상사고,0,1,0,0,차량단독 - 공작물충돌,안전운전불이행,서리/결빙,눈,미분류 - 미분류,승용,남,52세,상해없음,,,,
2017012000100091,2017년 1월 20일 05시,금요일,충청남도 서산시 운산면,사망사고,1,1,3,0,차대차 - 측면충돌,안전운전불이행,적설,눈,단일로 - 기타,화물,남,40세,사망,화물,남,57세,중상
2017012000100128,2017년 1월 20일 07시,금요일,충청남도 아산시 배방읍,경상사고,0,0,1,0,차대차 - 기타,신호위반,서리/결빙,눈,교차로 - 교차로안,승용,남,46세,상해없음,승용,남,32세,경상
2017012000100129,2017년 1월 20일 07시,금요일,충청남도 보령시 웅천읍,중상사고,0,1,1,0,차대차 - 정면충돌,중앙선침범,서리/결빙,눈,단일로 - 기타,승용,남,27세,상해없음,승용,남,41세,경상
2017012000100130,2017년 1월 20일 07시,금요일,충청남도 당진시 시곡리,중상사고,0,1,2,0,차대차 - 추돌,안전운전불이행,서리/결빙,눈,단일로 - 기타,화물,남,59세,상해없음,승용,여,67세,경상
2017012000100167,2017년 1월 20일 08시,금요일,충청남도 천안시 서북구 입장면,경상사고,0,0,3,0,차대차 - 측면충돌,안전운전불이행,적설,눈,단일로 - 기타,승합,남,50세,상해없음,화물,남,44세,경상
2017012000100168,2017년 1월 20일 08시,금요일,충청남도 논산시 상월면,경상사고,0,0,1,0,차대차 - 측면충돌,안전운전불이행,서리/결빙,맑음,교차로 - 교차로안,승합,남,54세,상해없음,승용,여,45세,경상
2017012000100203,2017년 1월 20일 09시,금요일,충청남도 천안시 서북구 성정동,경상사고,0,0,3,0,차대차 - 추돌,안전운전불이행,적설,눈,기타 - 기타,승용,남,24세,상해없음,승용,남,62세,경상
2017012000100204,2017년 1월 20일 09시,금요일,충청남도 천안시 서북구 두정동,경상사고,0,0,1,0,차대차 - 기타,안전운전불이행,서리/결빙,눈,단일로 - 기타,승용,남,57세,상해없음,승용,남,31세,상해없음
2017012000100232,2017년 1월 20일 10시,금요일,충청남도 보령시 미산면,경상사고,0,0,1,0,차대차 - 정면충돌,중앙선침범,서리/결빙,눈,단일로 - 기타,승용,남,38세,상해없음,승용,남,45세,경상
2017012000100440,2017년 1월 20일 18시,금요일,충청남도 아산시 염치읍,부상신고사고,0,0,0,2,차대차 - 기타,안전운전불이행,건조,맑음,교차로 - 교차로안,승용,남,56세,상해없음,승용,남,39세,부상신고
2017012000100441,2017년 1월 20일 18시,금요일,충청남도 당진시 읍내리,경상사고,0,0,3,0,차대차 - 정면충돌,안전운전불이행,건조,맑음,교차로 - 교차로부근,사륜오토바이(ATV),남,53세,상해없음,승용,남,29세,경상
2017012000100473,2017년 1월 20일 19시,금요일,충청남도 천안시 서북구 성정동,경상사고,0,0,1,0,차대차 - 추돌,안전운전불이행,젖음/습기,맑음,교차로 - 교차로부근,승용,남,54세,상해없음,승용,남,35세,경상
2017012000100474,2017년 1월 20일 19시,금요일,충청남도 금산군 금산읍,경상사고,0,0,1,0,차대차 - 측면충돌,교차로운행방법위반,건조,맑음,교차로 - 교차로안,화물,남,22세,상해없음,이륜,남,63세,경상
2017012000100544,2017년 1월 20일 22시,금요일,충청남도 홍성군 홍성읍,경상사고,0,0,1,0,차대차 - 측면충돌,안전운전불이행,서리/결빙,맑음,단일로 - 기타,승용,남,19세,상해없음,승용,여,52세,경상
2017012100100071,2017년 1월 21일 02시,토요일,충청남도 서산시 석림동,경상사고,0,0,1,0,차대차 - 측면충돌,교차로운행방법위반,서리/결빙,흐림,교차로 - 교차로안,승용,남,39세,상해없음,승용,남,42세,경상
2017012100100082,2017년 1월 21일 03시,토요일,충청남도 아산시 온천동,경상사고,0,0,1,0,차대차 - 측면충돌,안전운전불이행,건조,맑음,교차로 - 교차로안,승용,남,46세,상해없음,승용,남,56세,경상
2017012100100186,2017년 1월 21일 10시,토요일,충청남도 천안시 서북구 성환읍,경상사고,0,0,3,0,차대차 - 추돌,안전운전불이행,건조,맑음,단일로 - 기타,화물,남,64세,상해없음,승용,여,39세,경상
2017012100100209,2017년 1월 21일 11시,토요일,충청남도 논산시 부적면,경상사고,0,0,4,1,차대차 - 추돌,안전운전불이행,건조,맑음,단일로 - 기타,화물,남,45세,부상신고,화물,남,48세,경상
2017012100100239,2017년 1월 21일 12시,토요일,충청남도 천안시 동남구 다가동,경상사고,0,0,1,0,차대차 - 기타,직진우회전진행방해,서리/결빙,맑음,단일로 - 기타,승용,남,60세,상해없음,원동기,남,23세,경상
2017012100100258,2017년 1월 21일 13시,토요일,충청남도 천안시 동남구 풍세면,경상사고,0,0,1,0,차대차 - 측면충돌,직진우회전진행방해,서리/결빙,맑음,교차로 - 교차로안,승용,남,65세,상해없음,승용,여,54세,경상
2017012100100281,2017년 1월 21일 14시,토요일,충청남도 서산시 수석동,중상사고,0,1,0,0,차대차 - 추돌,안전운전불이행,서리/결빙,눈,교차로 - 교차로안,승용,여,63세,상해없음,승용,여,55세,중상
2017012100100328,2017년 1월 21일 16시,토요일,충청남도 홍성군 금마면,중상사고,0,1,1,0,차대차 - 측면충돌,교차로운행방법위반,건조,맑음,교차로 - 교차로안,승용,여,47세,경상,승용,여,24세,중상
2017012100100329,2017년 1월 21일 16시,토요일,충청남도 아산시 남동,경상사고,0,0,1,0,차대차 - 기타,안전운전불이행,젖음/습기,맑음,교차로 - 교차로안,승용,남,40세,상해없음,승용,여,55세,경상
2017012100100330,2017년 1월 21일 16시,토요일,충청남도 예산군 신양면,경상사고,0,0,4,0,차대차 - 기타,안전운전불이행,서리/결빙,눈,단일로 - 기타,승용,남,57세,경상,승용,남,34세,경상
2017012100100349,2017년 1월 21일 17시,토요일,충청남도 천안시 서북구 입장면,경상사고,0,0,1,0,차대차 - 기타,안전운전불이행,건조,맑음,교차로 - 교차로부근,승용,남,42세,기타불명,승용,여,61세,경상
2017012100100397,2017년 1월 21일 18시,토요일,충청남도 예산군 예산읍,경상사고,0,0,3,0,차대차 - 측면충돌,불법유턴,서리/결빙,눈,교차로 - 교차로부근,승용,남,65세,경상,승용,남,63세,기타불명
2017012100100423,2017년 1월 21일 19시,토요일,충청남도 청양군 대치면,중상사고,0,1,1,0,차대차 - 추돌,안전운전불이행,건조,맑음,단일로 - 교량,승용,남,45세,상해없음,승용,남,41세,경상
2017012100100470,2017년 1월 21일 21시,토요일,충청남도 서산시 운산면,중상사고,0,2,0,0,차대차 - 추돌,안전운전불이행,서리/결빙,눈,단일로 - 교량,승용,남,54세,상해없음,승용,남,42세,중상
2017012100100519,2017년 1월 21일 23시,토요일,충청남도 천안시 서북구 두정동,중상사고,0,2,0,0,차대차 - 추돌,안전운전불이행,서리/결빙,흐림,교차로 - 교차로부근,승용,남,21세,상해없음,승용,남,58세,중상
2017012100100520,2017년 1월 21일 23시,토요일,충청남도 천안시 서북구 성정동,경상사고,0,0,3,0,차대차 - 기타,안전운전불이행,건조,맑음,교차로 - 교차로부근,승용,남,39세,기타불명,승용,남,57세,경상
2017012200100015,2017년 1월 22일 00시,일요일,충청남도 아산시 둔포면,경상사고,0,0,1,0,차대사람 - 길가장자리구역통행중,안전운전불이행,적설,흐림,단일로 - 기타,승용,남,53세,상해없음,보행자,남,52세,경상
2017012200100030,2017년 1월 22일 01시,일요일,충청남도 천안시 서북구 성정동,경상사고,0,0,1,0,차대차 - 추돌,안전거리미확보,서리/결빙,눈,교차로 - 교차로부근,승용,남,36세,상해없음,승용,남,51세,경상
2017012200100031,2017년 1월 22일 01시,일요일,충청남도 예산군 예산읍,중상사고,0,1,0,0,차량단독 - 전도전복,안전운전불이행,적설,눈,단일로 - 교량,승합,남,50세,중상,미분류,미분류,미분류,미분류