사고번호,사고일시,요일,시군구,사고내용,사망자수,중상자수,경상자수,부상신고자수,사고유형,법규위반,노면상태,기상상태,도로형태,가해운전자 차종,가해운전자 성별,가해운전자 연령,가해운전자 상해정도,피해운전자 차종,피해운전자 성별,피해운전자 연령,피해운전자 상해정도
2017012200100042,2017년 1월 22일 02시,일요일,충청남도 천안시 서북구 성정동,경상사고,0,0,1,0,차대차 - 추돌,안전거리미확보,서리/결빙,눈,교차로 - 교차로부근,승용,남,33세,상해없음,승용,남,27세,경상
2017012200100043,2017년 1월 22일 02시,일요일,충청남도 천안시 동남구 신부동,중상사고,0,1,0,0,차대사람 - 기타,안전운전불이행,적설,눈,단일로 - 기타,기타불명,기타불명,미분류,기타불명,보행자,남,32세,중상
2017012200100095,2017년 1월 22일 06시,일요일,충청남도 천안시 동남구 원성동,중상사고,0,1,0,0,차대차 - 측면충돌,신호위반,건조,맑음,교차로 - 교차로안,승용,남,27세,상해없음,승용,남,67세,중상
2017012200100126,2017년 1월 22일 09시,일요일,충청남도 서산시 음암면,중상사고,0,1,0,0,차량단독 - 공작물충돌,안전운전불이행,서리/결빙,눈,단일로 - 기타,승용,남,61세,중상,,,,
2017012200100127,2017년 1월 22일 09시,일요일,충청남도 천안시 서북구 성정동,경상사고,0,0,1,0,차대사람 - 횡단중,신호위반,서리/결빙,맑음,교차로 - 교차로횡단보도내,승용,남,50세,상해없음,보행자,남,52세,경상
2017012200100142,2017년 1월 22일 10시,일요일,충청남도 청양군 청양읍,중상사고,0,1,0,0,차량단독 - 공작물충돌,안전운전불이행,적설,맑음,단일로 - 기타,승합,남,66세,중상,,,,
2017012200100253,2017년 1월 22일 15시,일요일,충청남도 당진시 수청리,경상사고,0,0,1,0,차대차 - 측면충돌,중앙선침범,서리/결빙,흐림,단일로 - 기타,승용,남,60세,상해없음,승용,남,31세,경상
2017012200100254,2017년 1월 22일 15시,일요일,충청남도 천안시 동남구 원성동,경상사고,0,0,1,0,차대차 - 측면충돌,교차로운행방법위반,건조,맑음,교차로 - 교차로안,승용,남,62세,상해없음,승합,남,56세,상해없음
2017012200100280,2017년 1월 22일 16시,일요일,충청남도 아산시 배방읍,중상사고,0,2,3,0,차대차 - 측면충돌,안전운전불이행,서리/결빙,흐림,단일로 - 터널,승용,남,58세,상해없음,이륜,남,34세,중상
2017012200100329,2017년 1월 22일 18시,일요일,충청남도 논산시 성동면,중상사고,0,1,0,0,차대차 - 측면충돌,중앙선침범,건조,맑음,단일로 - 기타,승합,남,62세,상해없음,화물,남,60세,중상
2017012200100330,2017년 1월 22일 18시,일요일,충청남도 공주시 옥룡동,경상사고,0,0,1,0,차대사람 - 기타,안전운전불이행,서리/결빙,흐림,기타 - 기타,승합,남,56세,상해없음,보행자,남,62세,경상
2017012200100362,2017년 1월 22일 19시,일요일,충청남도 아산시 용화동,경상사고,0,0,1,0,차대차 - 측면충돌,안전운전불이행,건조,맑음,교차로 - 교차로안,승용,여,43세,상해없음,이륜,남,49세,경상
2017012200100432,2017년 1월 22일 22시,일요일,충청남도 보령시 신흑동,경상사고,0,0,5,0,차대차 - 측면충돌,직진우회전진행방해,건조,맑음,교차로 - 교차로안,승용,여,35세,경상,승용,여,54세,경상
2017012300100089,2017년 1월 23일 07시,월요일,충청남도 당진시 송악읍,경상사고,0,0,1,0,차대차 - 정면충돌,중앙선침범,젖음/습기,흐림,단일로 - 기타,승용,여,59세,상해없음,승용,남,61세,경상
2017012300100192,2017년 1월 23일 10시,월요일,충청남도 부여군 규암면,중상사고,0,1,0,0,차량단독 - 기타,안전운전불이행,건조,맑음,단일로 - 기타,승합,남,37세,상해없음,,,,
2017012300100223,2017년 1월 23일 11시,월요일,충청남도 공주시 산성동,중상사고,0,1,0,0,차대사람 - 횡단중,보행자보호의무위반,건조,맑음,단일로 - 기타,승용,남,52세,상해없음,보행자,여,82세,중상
2017012300100224,2017년 1월 23일 11시,월요일,충청남도 천안시 동남구 봉명동,경상사고,0,0,2,0,차대차 - 측면충돌,안전운전불이행,건조,맑음,교차로 - 교차로안,건설기계,남,49세,상해없음,승용,남,46세,경상
2017012300100260,2017년 1월 23일 12시,월요일,충청남도 공주시 유구읍,경상사고,0,0,1,0,차대차 - 측면충돌,신호위반,젖음/습기,맑음,교차로 - 교차로안,승용,남,61세,상해없음,자전거,여,57세,경상
2017012300100338,2017년 1월 23일 14시,월요일,충청남도 서산시 예천동,중상사고,0,1,0,0,차대차 - 측면충돌,신호위반,건조,맑음,교차로 - 교차로안,화물,남,61세,상해없음,승용,여,59세,중상
2017012300100339,2017년 1월 23일 14시,월요일,충청남도 천안시 서북구 성환읍,경상사고,0,0,1,0,차대차 - 정면충돌,안전운전불이행,서리/결빙,맑음,단일로 - 기타,화물,남,25세,상해없음,승용,여,59세,경상
2017012300100340,2017년 1월 23일 14시,월요일,충청남도 서천군 화양면,중상사고,0,1,1,0,차대차 - 측면충돌,직진우회전진행방해,건조,맑음,교차로 - 교차로안,승용,여,44세,중상,승용,여,59세,경상
2017012300100341,2017년 1월 23일 14시,월요일,충청남도 보령시 궁촌동,중상사고,0,1,0,0,차대차 - 측면충돌,안전운전불이행,건조,맑음,교차로 - 교차로안,승합,남,61세,상해없음,자전거,여,70세,중상
2017012300100342,2017년 1월 23일 14시,월요일,충청남도 공주시 우성면,중상사고,0,1,0,0,차대사람 - 차도통행중,안전운전불이행,젖음/습기,맑음,단일로 - 기타,화물,남,54세,기타불명,보행자,남,57세,중상
2017012300100343,2017년 1월 23일 14시,월요일,충청남도 당진시 읍내리,경상사고,0,0,1,0,차대차 - 측면충돌,직진우회전진행방해,건조,맑음,교차로 - 교차로안,승용,여,34세,상해없음,화물,남,42세,경상
2017012300100387,2017년 1월 23일 15시,월요일,충청남도 태안군 안면읍,중상사고,0,1,0,0,차대사람 - 횡단중,안전운전불이행,건조,맑음,단일로 - 기타,승용,남,63세,상해없음,보행자,남,62세,중상
2017012300100388,2017년 1월 23일 15시,월요일,충청남도 천안시 동남구 용곡동,중상사고,0,1,1,0,차대차 - 추돌,안전운전불이행,건조,맑음,단일로 - 고가도로위,화물,남,49세,기타불명,화물,남,33세,경상
2017012300100437,2017년 1월 23일 16시,월요일,충청남도 천안시 서북구 성거읍,경상사고,0,0,1,0,차대차 - 기타,교차로운행방법위반,건조,맑음,교차로 - 교차로안,승용,남,68세,상해없음,승용,남,55세,경상
2017012300100519,2017년 1월 23일 18시,월요일,충청남도 천안시 서북구 두정동,경상사고,0,0,1,0,차대사람 - 기타,안전운전불이행,건조,맑음,교차로 - 교차로안,승용,남,28세,상해없음,보행자,남,34세,경상
2017012300100520,2017년 1월 23일 18시,월요일,충청남도 아산시 둔포면,사망사고,1,0,0,0,차대사람 - 횡단중,안전운전불이행,건조,맑음,교차로 - 교차로부근,승용,남,66세,상해없음,보행자,여,68세,사망
2017012300100521,2017년 1월 23일 18시,월요일,충청남도 천안시 동남구 풍세면,중상사고,0,1,0,0,차대차 - 측면충돌,차로위반,건조,맑음,단일로 - 기타,승용,남,48세,상해없음,승용,남,43세,중상
2017012300100560,2017년 1월 23일 19시,월요일,충청남도 예산군 예산읍,경상사고,0,0,1,0,차대사람 - 횡단중,안전운전불이행,건조,흐림,교차로 - 교차로부근,승용,여,27세,상해없음,보행자,여,17세,경상
2017012300100604,2017년 1월 23일 20시,월요일,충청남도 서산시 인지면,중상사고,0,1,0,0,차대사람 - 횡단중,안전운전불이행,건조,맑음,단일로 - 기타,화물,남,50세,상해없음,보행자,남,55세,중상
2017012300100678,2017년 1월 23일 23시,월요일,충청남도 아산시 탕정면,경상사고,0,0,1,0,차대차 - 기타,중앙선침범,건조,맑음,기타 - 기타,승용,남,34세,기타불명,원동기,남,25세,경상
2017012400100068,2017년 1월 24일 04시,화요일,충청남도 천안시 동남구 삼룡동,중상사고,0,1,0,0,차대차 - 측면충돌,안전운전불이행,건조,흐림,단일로 - 기타,승용,남,20세,상해없음,화물,남,39세,중상
2017012400100095,2017년 1월 24일 06시,화요일,충청남도 아산시 둔포면,사망사고,1,0,0,0,차대사람 - 횡단중,안전운전불이행,건조,맑음,단일로 - 기타,승용,여,52세,상해없음,보행자,남,61세,사망
2017012400100114,2017년 1월 24일 07시,화요일,충청남도 아산시 배방읍,중상사고,0,1,0,0,차대차 - 정면충돌,안전운전불이행,건조,맑음,교차로 - 교차로안,승용,여,40세,상해없음,승용,남,27세,중상
2017012400100139,2017년 1월 24일 08시,화요일,충청남도 천안시 서북구 직산읍,경상사고,0,0,1,0,차대차 - 기타,안전운전불이행,건조,맑음,단일로 - 기타,화물,남,58세,상해없음,승용,여,54세,경상
2017012400100140,2017년 1월 24일 08시,화요일,충청남도 천안시 동남구 유량동,경상사고,0,0,1,0,차대차 - 기타,안전운전불이행,젖음/습기,흐림,단일로 - 기타,승용,여,58세,상해없음,승용,남,56세,경상
2017012400100174,2017년 1월 24일 09시,화요일,충청남도 보령시 명천동,중상사고,0,1,0,0,차대사람 - 기타,안전운전불이행,건조,맑음,단일로 - 기타,원동기,남,71세,상해없음,보행자,여,61세,중상
2017012400100175,2017년 1월 24일 09시,화요일,충청남도 공주시 신관동,경상사고,0,0,1,0,차대사람 - 횡단중,안전운전불이행,건조,맑음,단일로 - 기타,승용,여,60세,상해없음,보행자,여,21세,경상
2017012400100289,2017년 1월 24일 12시,화요일,충청남도 아산시 온천동,경상사고,0,0,1,0,차대사람 - 횡단중,보행자보호의무위반,건조,맑음,교차로 - 교차로횡단보도내,화물,남,65세,상해없음,보행자,여,71세,경상
2017012400100327,2017년 1월 24일 13시,화요일,충청남도 부여군 부여읍,중상사고,0,1,0,0,차대차 - 측면충돌,안전운전불이행,건조,맑음,교차로 - 교차로안,승용,남,80세,상해없음,이륜,남,69세,중상
2017012400100328,2017년 1월 24일 13시,화요일,충청남도 천안시 동남구 다가동,중상사고,0,1,0,0,차대사람 - 횡단중,불법유턴,건조,맑음,교차로 - 교차로안,승용,남,46세,상해없음,보행자,여,73세,중상
2017012400100360,2017년 1월 24일 14시,화요일,충청남도 공주시 금성동,사망사고,1,0,0,0,차대차 - 측면충돌,안전운전불이행,건조,맑음,단일로 - 기타,화물,여,51세,상해없음,자전거,남,64세,사망
2017012400100361,2017년 1월 24일 14시,화요일,충청남도 부여군 부여읍,중상사고,0,1,0,0,차대차 - 측면충돌,안전운전불이행,건조,맑음,교차로 - 교차로안,승용,여,54세,상해없음,자전거,여,75세,중상
2017012400100407,2017년 1월 24일 15시,화요일,충청남도 아산시 염치읍,사망사고,1,1,0,0,차량단독 - 전도전복,안전운전불이행,건조,맑음,미분류 - 미분류,승용,남,79세,중상,미분류,미분류,미분류,미분류
2017012400100456,2017년 1월 24일 16시,화요일,충청남도 천안시 서북구 두정동,경상사고,0,0,1,0,차대차 - 기타,안전거리미확보,건조,맑음,단일로 - 기타,원동기,남,74세,경상,화물,남,58세,상해없음
2017012400100489,2017년 1월 24일 17시,화요일,충청남도 예산군 오가면,부상신고사고,0,0,0,1,차대차 - 추돌,안전거리미확보,건조,맑음,단일로 - 교량,화물,남,34세,상해없음,원동기,남,90세 이상,부상신고
2017012400100544,2017년 1월 24일 18시,화요일,충청남도 천안시 서북구 성환읍,중상사고,0,1,0,0,차대차 - 정면충돌,안전운전불이행,건조,맑음,단일로 - 기타,승용,여,60세,상해없음,자전거,남,27세,중상
2017012400100594,2017년 1월 24일 19시,화요일,충청남도 천안시 서북구 성성동,경상사고,0,0,1,0,차대차 - 측면충돌,안전거리미확보,건조,맑음,단일로 - 기타,화물,남,42세,상해없음,승용,남,31세,경상
2017012400100738,2017년 1월 24일 23시,화요일,충청남도 서산시 음암면,경상사고,0,0,1,0,차대차 - 추돌,안전운전불이행,건조,맑음,단일로 - 기타,승용,남,27세,상해없음,특수,남,44세,상해없음
2017012400100739,2017년 1월 24일 23시,화요일,충청남도 청양군 청남면,경상사고,0,0,1,0,차량단독 - 전도전복 - 전도,안전운전불이행,건조,맑음,단일로 - 기타,이륜,남,67세,경상,,,,
2017012500100070,2017년 1월 25일 03시,수요일,충청남도 천안시 서북구 두정동,경상사고,0,0,3,0,차대차 - 측면충돌,안전운전불이행,건조,맑음,교차로 - 교차로안,승용,남,32세,상해없음,승용,남,21세,상해없음
2017012500100100,2017년 1월 25일 06시,수요일,충청남도 천안시 서북구 쌍용동,경상사고,0,0,1,0,차대차 - 측면충돌,안전운전불이행,건조,맑음,단일로 - 기타,화물,남,58세,상해없음,화물,남,66세,경상
2017012500100101,2017년 1월 25일 06시,수요일,충청남도 당진시 신평면,경상사고,0,0,1,0,차대차 - 측면충돌,안전운전불이행,건조,맑음,교차로 - 교차로안,화물,남,55세,상해없음,승용,남,61세,경상
2017012500100102,2017년 1월 25일 06시,수요일,충청남도 당진시 석문면,경상사고,0,0,2,0,차대차 - 측면충돌,안전운전불이행,건조,맑음,단일로 - 기타,승용,남,30세,상해없음,승합,남,65세,상해없음
2017012500100199,2017년 1월 25일 09시,수요일,충청남도 태안군 소원면,중상사고,0,1,1,0,차대차 - 측면충돌,직진우회전진행방해,건조,맑음,단일로 - 기타,화물,남,51세,경상,화물,여,58세,중상
2017012500100200,2017년 1월 25일 09시,수요일,충청남도 청양군 청남면,중상사고,0,1,0,0,차대차 - 정면충돌,안전운전불이행,건조,맑음,단일로 - 기타,화물,남,46세,상해없음,화물,남,55세,중상
2017012500100201,2017년 1월 25일 09시,수요일,충청남도 청양군 화성면,경상사고,0,0,1,0,차량단독 - 공작물충돌,안전운전불이행,건조,맑음,단일로 - 기타,화물,여,76세,경상,,,,
2017012500100268,2017년 1월 25일 11시,수요일,충청남도 서천군 마서면,경상사고,0,0,2,0,차대차 - 추돌,안전거리미확보,건조,맑음,교차로 - 교차로안,화물,남,43세,상해없음,승용,여,34세,경상
2017012500100269,2017년 1월 25일 11시,수요일,충청남도 천안시 동남구 신부동,경상사고,0,0,1,0,차대차 - 추돌,안전운전불이행,건조,맑음,교차로 - 교차로부근,승용,여,24세,상해없음,화물,남,53세,경상
2017012500100301,2017년 1월 25일 12시,수요일,충청남도 서산시 동문동,중상사고,0,1,2,0,차대차 - 추돌,안전운전불이행,건조,맑음,교차로 - 교차로부근,승용,여,52세,중상,승용,여,58세,경상
2017012500100377,2017년 1월 25일 14시,수요일,충청남도 서산시 예천동,부상신고사고,0,0,0,1,차대차 - 측면충돌,차로위반,건조,맑음,교차로 - 교차로안,승용,남,19세,상해없음,이륜,남,79세,부상신고
2017012500100420,2017년 1월 25일 15시,수요일,충청남도 논산시 내동,중상사고,0,1,0,0,차대사람 - 횡단중,보행자보호의무위반,건조,맑음,교차로 - 교차로부근,승용,남,35세,상해없음,보행자,여,10세,중상
2017012500100421,2017년 1월 25일 15시,수요일,충청남도 서천군 서천읍,경상사고,0,0,3,0,차대차 - 기타,안전운전불이행,건조,맑음,교차로 - 교차로부근,화물,남,60세,상해없음,승용,남,63세,상해없음
2017012500100459,2017년 1월 25일 16시,수요일,충청남도 당진시 수청리,경상사고,0,0,1,0,차대차 - 정면충돌,안전운전불이행,건조,맑음,단일로 - 기타,승용,남,62세,상해없음,승용,남,45세,경상
2017012500100510,2017년 1월 25일 17시,수요일,충청남도 예산군 예산읍,중상사고,0,2,1,0,차대차 - 추돌,안전운전불이행,건조,맑음,교차로 - 교차로부근,승용,남,72세,중상,승용,여,46세,경상
2017012500100511,2017년 1월 25일 17시,수요일,충청남도 청양군 청양읍,경상사고,0,0,1,0,차량단독 - 공작물충돌,안전운전불이행,건조,맑음,단일로 - 기타,승용,남,59세,경상,,,,
2017012500100564,2017년 1월 25일 18시,수요일,충청남도 태안군 원북면,중상사고,0,1,0,0,차대사람 - 횡단중,안전운전불이행,건조,맑음,단일로 - 기타,승용,여,50세,상해없음,보행자,여,80세,중상
2017012500100565,2017년 1월 25일 18시,수요일,충청남도 논산시 취암동,경상사고,0,0,1,0,차대차 - 측면충돌,기타,건조,맑음,단일로 - 기타,승용,남,64세,상해없음,이륜,남,33세,경상
2017012500100566,2017년 1월 25일 18시,수요일,충청남도 아산시 온천동,경상사고,0,0,1,0,차대차 - 기타,신호위반,건조,맑음,교차로 - 교차로안,원동기,남,16세,경상,승용,여,39세,상해없음
2017012500100633,2017년 1월 25일 19시,수요일,충청남도 서산시 지곡면,경상사고,0,0,2,0,차대차 - 측면충돌,차로위반,건조,맑음,교차로 - 교차로부근,승용,여,49세,경상,승합,남,49세,상해없음
2017012500100718,2017년 1월 25일 21시,수요일,충청남도 천안시 서북구 백석동,경상사고,0,0,1,0,차대차 - 추돌,안전운전불이행,건조,맑음,단일로 - 기타,승용,남,29세,상해없음,승용,여,48세,경상
2017012500100719,2017년 1월 25일 21시,수요일,충청남도 홍성군 홍성읍,중상사고,0,1,0,0,차대사람 - 횡단중,안전운전불이행,건조,맑음,단일로 - 기타,승용,여,38세,상해없음,보행자,남,44세,중상
2017012500100748,2017년 1월 25일 22시,수요일,충청남도 논산시 연산면,경상사고,0,0,4,0,차대차 - 추돌,안전운전불이행,건조,맑음,교차로 - 교차로부근,승용,여,42세,경상,승용,남,46세,경상
2017012500100749,2017년 1월 25일 22시,수요일,충청남도 아산시 온천동,경상사고,0,0,2,0,차대차 - 후진중충돌,안전운전불이행,건조,맑음,교차로 - 교차로안,기타불명,기타불명,미분류,기타불명,승용,남,21세,경상
2017012500100750,2017년 1월 25일 22시,수요일,충청남도 아산시 음봉면,경상사고,0,0,1,0,차대차 - 추돌,안전운전불이행,건조,맑음,교차로 - 교차로부근,승용,남,32세,상해없음,승용,여,50세,경상
2017012500100751,2017년 1월 25일 22시,수요일,충청남도 예산군 삽교읍,경상사고,0,0,1,1,차대차 - 측면충돌,안전운전불이행,건조,맑음,교차로 - 교차로부근,화물,남,53세,부상신고,승용,여,40세,경상
2017012500100782,2017년 1월 25일 23시,수요일,충청남도 아산시 배방읍,경상사고,0,0,1,0,차대차 - 기타,안전운전불이행,건조,맑음,교차로 - 교차로안,원동기,남,26세,경상,승합,남,53세,상해없음
2017012500100784,2017년 1월 25일 23시,수요일,충청남도 당진시 송산면,경상사고,0,0,3,0,차대차 - 정면충돌,안전운전불이행,젖음/습기,비,단일로 - 기타,승용,여,60세,경상,승용,남,26세,경상
2017012500100785,2017년 1월 25일 23시,수요일,충청남도 천안시 동남구 다가동,중상사고,0,1,0,0,차대차 - 기타,안전운전불이행,건조,맑음,단일로 - 기타,승용,남,37세,상해없음,자전거,남,13세,중상
2017012600100052,2017년 1월 26일 01시,목요일,충청남도 천안시 동남구 성남면,경상사고,0,0,1,0,차대차 - 기타,안전운전불이행,건조,맑음,단일로 - 기타,승용,남,28세,상해없음,화물,남,46세,경상
2017012600100107,2017년 1월 26일 06시,목요일,충청남도 천안시 동남구 북면,경상사고,0,0,2,0,차대차 - 측면충돌,직진우회전진행방해,건조,맑음,교차로 - 교차로안,승용,여,53세,상해없음,화물,남,53세,경상
2017012600100159,2017년 1월 26일 08시,목요일,충청남도 천안시 서북구 신당동,경상사고,0,0,1,0,차대차 - 측면충돌,신호위반,건조,맑음,교차로 - 교차로안,승합,남,65세,상해없음,승용,여,62세,경상
2017012600100185,2017년 1월 26일 09시,목요일,충청남도 서산시 석림동,경상사고,0,0,1,0,차대차 - 측면충돌,안전운전불이행,건조,맑음,단일로 - 기타,화물,남,57세,상해없음,승용,여,56세,경상
2017012600100230,2017년 1월 26일 10시,목요일,충청남도 청양군 화성면,중상사고,0,2,1,0,차량단독 - 공작물충돌,안전운전불이행,서리/결빙,맑음,단일로 - 기타,화물,남,68세,경상,,,,
2017012600100231,2017년 1월 26일 10시,목요일,충청남도 천안시 동남구 병천면,중상사고,0,1,1,0,차대차 - 측면충돌,교차로운행방법위반,건조,맑음,교차로 - 교차로안,승용,여,19세,상해없음,원동기,남,86세,중상
2017012600100259,2017년 1월 26일 11시,목요일,충청남도 논산시 반월동,경상사고,0,0,3,0,차대차 - 측면충돌,안전운전불이행,건조,맑음,단일로 - 기타,승용,남,66세,상해없음,자전거,기타불명,미분류,기타불명
2017012600100260,2017년 1월 26일 11시,목요일,충청남도 공주시 사곡면,중상사고,0,2,1,0,차대차 - 측면충돌,안전운전불이행,건조,맑음,단일로 - 기타,화물,남,76세,중상,건설기계,남,53세,경상
2017012600100298,2017년 1월 26일 12시,목요일,충청남도 천안시 서북구 백석동,경상사고,0,0,1,0,차대차 - 측면충돌,안전운전불이행,건조,맑음,단일로 - 기타,승용,남,42세,상해없음,승용,남,49세,경상
2017012600100299,2017년 1월 26일 12시,목요일,충청남도 아산시 방축동,경상사고,0,0,2,0,차대차 - 측면충돌,안전운전불이행,건조,맑음,교차로 - 교차로안,승용,남,71세,상해없음,승용,여,33세,경상
2017012600100300,2017년 1월 26일 12시,목요일,충청남도 아산시 장존동,경상사고,0,0,3,0,차대차 - 기타,안전거리미확보,건조,맑음,단일로 - 기타,화물,남,62세,상해없음,승용,남,39세,경상
2017012600100301,2017년 1월 26일 12시,목요일,충청남도 공주시 송선동,중상사고,0,1,0,0,차량단독 - 공작물충돌,안전운전불이행,기타,맑음,단일로 - 기타,이륜,남,58세,중상,,,,
2017012600100336,2017년 1월 26일 13시,목요일,충청남도 천안시 서북구 쌍용동,경상사고,0,0,3,0,차대차 - 기타,교차로운행방법위반,건조,맑음,교차로 - 교차로안,승용,여,41세,경상,승용,여,37세,경상
2017012600100390,2017년 1월 26일 14시,목요일,충청남도 공주시 석장리동,중상사고,0,1,0,0,차대사람 - 횡단중,안전운전불이행,젖음/습기,맑음,단일로 - 기타,승용,여,57세,상해없음,보행자,여,72세,중상
2017012600100391,2017년 1월 26일 14시,목요일,충청남도 금산군 금성면,중상사고,0,1,1,0,차대차 - 측면충돌,교차로운행방법위반,건조,맑음,교차로 - 교차로안,화물,남,73세,중상,화물,남,37세,경상
2017012600100392,2017년 1월 26일 14시,목요일,충청남도 청양군 정산면,중상사고,0,1,0,0,차량단독 - 전도전복,안전거리미확보,서리/결빙,맑음,단일로 - 기타,이륜,남,80세,중상,미분류,미분류,미분류,미분류
2017012600100393,2017년 1월 26일 14시,목요일,충청남도 천안시 동남구 안서동,경상사고,0,0,2,0,차대차 - 기타,안전운전불이행,건조,맑음,단일로 - 기타,승용,남,49세,상해없음,승합,남,47세,경상
2017012600100499,2017년 1월 26일 16시,목요일,충청남도 당진시 합덕읍,경상사고,0,0,1,0,차대차 - 측면충돌,안전운전불이행,건조,맑음,단일로 - 기타,화물,남,46세,상해없음,화물,여,63세,경상
2017012600100547,2017년 1월 26일 17시,목요일,충청남도 아산시 권곡동,중상사고,0,1,0,0,차대사람 - 횡단중,중앙선침범,건조,흐림,단일로 - 기타,승용,여,30세,상해없음,보행자,여,72세,중상
2017012600100590,2017년 1월 26일 18시,목요일,충청남도 서천군 비인면,경상사고,0,0,1,0,차대차 - 추돌,안전거리미확보,건조,맑음,단일로 - 기타,화물,남,27세,상해없음,승용,여,25세,경상
2017012600100591,2017년 1월 26일 18시,목요일,충청남도 당진시 우강면,중상사고,0,1,0,0,차대사람 - 횡단중,안전운전불이행,젖음/습기,비,단일로 - 기타,승용,여,63세,상해없음,보행자,여,78세,중상
2017012600100654,2017년 1월 26일 19시,목요일,충청남도 천안시 서북구 불당동,경상사고,0,0,1,0,차대차 - 후진중충돌,안전운전불이행,건조,맑음,단일로 - 기타,승용,남,50세,상해없음,승용,남,36세,경상
2017012600100655,2017년 1월 26일 19시,목요일,충청남도 논산시 내동,중상사고,0,2,1,0,차대차 - 추돌,안전운전불이행,건조,맑음,단일로 - 기타,화물,남,47세,상해없음,승용,남,36세,경상
2017012600100656,2017년 1월 26일 19시,목요일,충청남도 아산시 둔포면,경상사고,0,0,1,0,차대사람 - 기타,안전운전불이행,건조,맑음,단일로 - 기타,승용,여,33세,상해없음,보행자,남,43세,경상
2017012600100657,2017년 1월 26일 19시,목요일,충청남도 청양군 운곡면,경상사고,0,0,2,0,차대차 - 정면충돌,안전운전불이행,서리/결빙,맑음,단일로 - 기타,승용,남,56세,상해없음,승용,여,37세,경상
2017012600100658,2017년 1월 26일 19시,목요일,충청남도 천안시 동남구 안서동,경상사고,0,0,1,0,차대차 - 추돌,안전운전불이행,건조,맑음,단일로 - 기타,승용,남,27세,상해없음,이륜,남,34세,경상
2017012600100703,2017년 1월 26일 20시,목요일,충청남도 아산시 도고면,중상사고,0,1,2,0,차대차 - 추돌,안전운전불이행,건조,맑음,단일로 - 기타,화물,남,46세,상해없음,승용,여,36세,중상
2017012600100704,2017년 1월 26일 20시,목요일,충청남도 아산시 배방읍,경상사고,0,0,1,0,차대사람 - 횡단중,안전운전불이행,건조,맑음,단일로 - 기타,승용,남,36세,상해없음,보행자,여,44세,경상
2017012600100705,2017년 1월 26일 20시,목요일,충청남도 보령시 궁촌동,경상사고,0,0,1,0,차대차 - 추돌,안전운전불이행,건조,맑음,교차로 - 교차로부근,화물,남,59세,상해없음,승용,여,55세,경상
2017012600100742,2017년 1월 26일 21시,목요일,충청남도 천안시 서북구 성환읍,부상신고사고,0,0,0,1,차대차 - 추돌,안전운전불이행,건조,맑음,교차로 - 교차로안,승합,남,44세,상해없음,자전거,여,18세,부상신고
2017012600100743,2017년 1월 26일 21시,목요일,충청남도 아산시 인주면,중상사고,0,1,0,0,차대차 - 추돌,안전운전불이행,건조,맑음,단일로 - 기타,승용,여,48세,상해없음,승용,남,45세,중상
2017012600100744,2017년 1월 26일 21시,목요일,충청남도 보령시 대천동,중상사고,0,1,0,0,차대사람 - 횡단중,보행자보호의무위반,건조,맑음,교차로 - 교차로부근,화물,남,32세,상해없음,보행자,여,17세,중상
2017012600100745,2017년 1월 26일 21시,목요일,충청남도 당진시 읍내리,중상사고,0,1,1,0,차대사람 - 횡단중,안전운전불이행,건조,맑음,교차로 - 교차로안,승용,남,25세,상해없음,보행자,여,64세,경상
2017012600100746,2017년 1월 26일 21시,목요일,충청남도 천안시 동남구 목천읍,부상신고사고,0,0,0,1,차대차 - 측면충돌,차로위반,건조,맑음,단일로 - 기타,승용,남,50세,상해없음,원동기,남,17세,부상신고
2017012600100813,2017년 1월 26일 23시,목요일,충청남도 서산시 갈산동,중상사고,0,1,0,0,차대사람 - 차도통행중,안전운전불이행,건조,맑음,단일로 - 기타,화물,남,53세,기타불명,보행자,여,48세,중상
2017012600100814,2017년 1월 26일 23시,목요일,충청남도 천안시 서북구 쌍용동,중상사고,0,1,0,0,차대차 - 기타,안전운전불이행,건조,맑음,교차로 - 교차로부근,승용,남,36세,상해없음,원동기,남,51세,중상
2017012700100026,2017년 1월 27일 00시,금요일,충청남도 천안시 서북구 성정동,경상사고,0,0,5,0,차대차 - 기타,안전운전불이행,건조,맑음,단일로 - 기타,승용,남,35세,상해없음,승용,남,56세,경상
2017012700100086,2017년 1월 27일 03시,금요일,충청남도 아산시 득산동,사망사고,1,0,0,0,차대사람 - 기타,중앙선침범,젖음/습기,비,단일로 - 기타,승용,여,41세,상해없음,보행자,남,33세,사망
2017012700100110,2017년 1월 27일 05시,금요일,충청남도 아산시 인주면,경상사고,0,0,1,0,차대차 - 추돌,안전운전불이행,건조,맑음,단일로 - 기타,화물,남,34세,상해없음,승용,남,28세,경상
2017012700100122,2017년 1월 27일 06시,금요일,충청남도 홍성군 구항면,중상사고,0,2,0,0,차량단독 - 전도전복,안전운전불이행,서리/결빙,흐림,단일로 - 기타,승용,남,23세,중상,미분류,미분류,미분류,미분류
2017012700100160,2017년 1월 27일 09시,금요일,충청남도 청양군 정산면,중상사고,0,1,2,0,차대차 - 정면충돌,안전운전불이행,서리/결빙,맑음,단일로 - 기타,승용,남,35세,상해없음,승용,남,38세,경상