사고번호,사고일시,요일,시군구,사고내용,사망자수,중상자수,경상자수,부상신고자수,사고유형,법규위반,노면상태,기상상태,도로형태,가해운전자 차종,가해운전자 성별,가해운전자 연령,가해운전자 상해정도,피해운전자 차종,피해운전자 성별,피해운전자 연령,피해운전자 상해정도
2017020400100138,2017년 2월 4일 08시,토요일,충청남도 천안시 서북구 두정동,경상사고,0,0,1,0,차대차 - 측면충돌,안전운전불이행,건조,맑음,교차로 - 교차로부근,승용,남,28세,상해없음,승용,남,32세,경상
2017020400100159,2017년 2월 4일 09시,토요일,충청남도 예산군 덕산면,중상사고,0,2,2,0,차대차 - 측면충돌,중앙선침범,건조,맑음,단일로 - 기타,승용,여,75세,중상,화물,남,64세,경상
2017020400100190,2017년 2월 4일 10시,토요일,충청남도 서천군 서천읍,경상사고,0,0,1,0,차대차 - 측면충돌,안전운전불이행,건조,맑음,기타 - 기타,승용,여,71세,상해없음,사륜오토바이(ATV),남,74세,경상
2017020400100225,2017년 2월 4일 12시,토요일,충청남도 보령시 화산동,경상사고,0,0,3,0,차대차 - 측면충돌,신호위반,건조,맑음,교차로 - 교차로부근,승용,남,75세,상해없음,승용,남,18세,경상
2017020400100276,2017년 2월 4일 14시,토요일,충청남도 천안시 동남구 원성동,경상사고,0,0,1,0,차대차 - 후진중충돌,안전운전불이행,건조,맑음,기타 - 기타,승용,여,31세,상해없음,승용,남,57세,경상
2017020400100295,2017년 2월 4일 15시,토요일,충청남도 아산시 둔포면,경상사고,0,0,2,1,차대차 - 측면충돌,신호위반,건조,맑음,교차로 - 교차로안,승용,남,35세,상해없음,승용,남,39세,경상
2017020400100310,2017년 2월 4일 16시,토요일,충청남도 태안군 남면,경상사고,0,0,4,0,차대차 - 측면충돌,신호위반,건조,맑음,교차로 - 교차로안,승용,남,31세,상해없음,승용,여,55세,경상
2017020400100311,2017년 2월 4일 16시,토요일,충청남도 보령시 신흑동,경상사고,0,0,1,0,차대사람 - 기타,안전운전불이행,건조,맑음,단일로 - 기타,승용,남,63세,상해없음,보행자,남,64세,경상
2017020400100395,2017년 2월 4일 19시,토요일,충청남도 천안시 서북구 불당동,중상사고,0,1,1,0,차대차 - 추돌,안전운전불이행,건조,맑음,교차로 - 교차로부근,승용,여,38세,상해없음,승용,남,45세,중상
2017020400100396,2017년 2월 4일 19시,토요일,충청남도 홍성군 홍북읍,중상사고,0,1,0,0,차대사람 - 길가장자리구역통행중,안전운전불이행,건조,맑음,단일로 - 기타,승용,남,61세,상해없음,보행자,남,65세,중상
2017020400100415,2017년 2월 4일 20시,토요일,충청남도 천안시 서북구 성거읍,경상사고,0,0,1,0,차대차 - 추돌,안전운전불이행,건조,맑음,교차로 - 교차로부근,화물,남,52세,상해없음,승용,여,49세,경상
2017020400100439,2017년 2월 4일 21시,토요일,충청남도 아산시 둔포면,중상사고,0,1,0,0,차량단독 - 공작물충돌,안전운전불이행,건조,맑음,단일로 - 기타,승용,여,57세,중상,,,,
2017020400100468,2017년 2월 4일 22시,토요일,충청남도 천안시 서북구 성정동,중상사고,0,1,0,0,차대차 - 기타,교차로운행방법위반,젖음/습기,맑음,단일로 - 기타,승용,남,45세,상해없음,이륜,남,60세,중상
2017020500100036,2017년 2월 5일 01시,일요일,충청남도 천안시 서북구 성정동,경상사고,0,0,2,0,차대차 - 측면충돌,신호위반,건조,맑음,교차로 - 교차로부근,승용,남,60세,경상,승용,남,51세,경상
2017020500100056,2017년 2월 5일 02시,일요일,충청남도 천안시 서북구 직산읍,경상사고,0,0,1,0,차대차 - 정면충돌,중앙선침범,건조,맑음,단일로 - 기타,승용,남,56세,상해없음,승용,남,68세,경상
2017020500100065,2017년 2월 5일 03시,일요일,충청남도 천안시 서북구 성환읍,사망사고,1,0,0,0,차대사람 - 기타,안전운전불이행,건조,맑음,단일로 - 기타,승용,남,42세,상해없음,보행자,남,81세,사망
2017020500100066,2017년 2월 5일 03시,일요일,충청남도 논산시 연산면,경상사고,0,0,1,0,차대차 - 추돌,안전운전불이행,건조,맑음,단일로 - 기타,승용,남,45세,기타불명,승용,남,41세,경상
2017020500100102,2017년 2월 5일 07시,일요일,충청남도 아산시 배방읍,사망사고,1,0,0,0,차대사람 - 횡단중,안전운전불이행,건조,맑음,교차로 - 교차로횡단보도내,승용,남,65세,상해없음,보행자,남,76세,사망
2017020500100117,2017년 2월 5일 09시,일요일,충청남도 천안시 서북구 성거읍,경상사고,0,0,2,0,차대차 - 기타,안전운전불이행,건조,흐림,주차장 - 주차장,승용,남,69세,상해없음,승용,남,23세,경상
2017020500100132,2017년 2월 5일 10시,일요일,충청남도 청양군 청남면,중상사고,0,1,0,0,차량단독 - 공작물충돌,안전운전불이행,건조,맑음,단일로 - 기타,승용,여,59세,상해없음,,,,
2017020500100152,2017년 2월 5일 11시,일요일,충청남도 아산시 신창면,중상사고,0,1,0,0,차대차 - 추돌,안전운전불이행,건조,맑음,단일로 - 기타,승용,남,57세,기타불명,승용,여,56세,중상
2017020500100167,2017년 2월 5일 12시,일요일,충청남도 서산시 갈산동,경상사고,0,0,1,0,차대차 - 기타,기타,젖음/습기,비,단일로 - 기타,화물,남,59세,기타불명,승용,여,36세,상해없음
2017020500100215,2017년 2월 5일 15시,일요일,충청남도 천안시 동남구 광덕면,중상사고,0,1,0,0,차량단독 - 공작물충돌,안전운전불이행,젖음/습기,비,단일로 - 기타,승용,남,59세,상해없음,,,,
2017020500100286,2017년 2월 5일 18시,일요일,충청남도 당진시 석문면,중상사고,0,1,2,0,차대차 - 정면충돌,신호위반,건조,맑음,교차로 - 교차로안,승용,여,46세,상해없음,승용,남,59세,경상
2017020500100287,2017년 2월 5일 18시,일요일,충청남도 당진시 읍내리,중상사고,0,1,0,0,차대사람 - 횡단중,보행자보호의무위반,건조,맑음,교차로 - 교차로횡단보도내,승용,남,45세,상해없음,보행자,남,13세,중상
2017020500100341,2017년 2월 5일 20시,일요일,충청남도 아산시 배방읍,중상사고,0,1,0,0,차대차 - 정면충돌,안전운전불이행,건조,맑음,교차로 - 교차로안,승용,남,46세,상해없음,원동기,남,17세,중상
2017020500100342,2017년 2월 5일 20시,일요일,충청남도 천안시 동남구 원성동,경상사고,0,0,1,0,차대차 - 기타,안전운전불이행,건조,맑음,교차로 - 교차로부근,기타불명,기타불명,미분류,기타불명,이륜,남,50세,경상
2017020500100361,2017년 2월 5일 21시,일요일,충청남도 천안시 서북구 두정동,경상사고,0,0,2,0,차대차 - 추돌,안전운전불이행,건조,맑음,교차로 - 교차로안,승용,여,31세,기타불명,승용,남,45세,경상
2017020600100063,2017년 2월 6일 06시,월요일,충청남도 논산시 등화동,중상사고,0,1,0,0,차대사람 - 횡단중,안전운전불이행,건조,맑음,단일로 - 기타,화물,남,61세,상해없음,보행자,남,58세,중상
2017020600100077,2017년 2월 6일 07시,월요일,충청남도 보령시 궁촌동,경상사고,0,0,2,0,차대차 - 측면충돌,신호위반,건조,맑음,교차로 - 교차로안,승용,남,74세,상해없음,승용,남,50세,경상
2017020600100107,2017년 2월 6일 08시,월요일,충청남도 논산시 화지동,중상사고,0,1,0,0,차대사람 - 횡단중,안전운전불이행,건조,맑음,단일로 - 기타,승용,남,76세,상해없음,보행자,여,78세,중상
2017020600100108,2017년 2월 6일 08시,월요일,충청남도 홍성군 홍성읍,경상사고,0,0,2,0,차대차 - 측면충돌,안전운전불이행,건조,맑음,교차로 - 교차로안,승용,여,45세,상해없음,승합,남,43세,경상
2017020600100109,2017년 2월 6일 08시,월요일,충청남도 부여군 규암면,경상사고,0,0,1,0,차대차 - 측면충돌,직진우회전진행방해,건조,맑음,교차로 - 교차로안,승용,남,36세,상해없음,화물,남,65세,상해없음
2017020600100134,2017년 2월 6일 09시,월요일,충청남도 금산군 추부면,중상사고,0,1,0,0,차대사람 - 횡단중,안전운전불이행,건조,맑음,교차로 - 교차로안,화물,남,38세,상해없음,보행자,남,72세,중상
2017020600100155,2017년 2월 6일 10시,월요일,충청남도 계룡시 신도안면,경상사고,0,0,2,0,차대차 - 기타,중앙선침범,건조,맑음,단일로 - 기타,승합,남,44세,기타불명,승용,여,54세,경상
2017020600100173,2017년 2월 6일 11시,월요일,충청남도 서산시 예천동,경상사고,0,0,1,0,차대차 - 측면충돌,교차로운행방법위반,건조,맑음,교차로 - 교차로안,화물,남,51세,상해없음,승용,남,71세,경상
2017020600100174,2017년 2월 6일 11시,월요일,충청남도 아산시 법곡동,중상사고,0,1,0,0,차대차 - 추돌,안전운전불이행,건조,맑음,교차로 - 교차로안,화물,남,70세,상해없음,승용,남,32세,중상
2017020600100208,2017년 2월 6일 12시,월요일,충청남도 천안시 서북구 성정동,경상사고,0,0,1,0,차대사람 - 기타,안전운전불이행,건조,맑음,주차장 - 주차장,승용,여,26세,상해없음,보행자,여,22세,경상
2017020600100209,2017년 2월 6일 12시,월요일,충청남도 천안시 서북구 쌍용동,경상사고,0,0,2,0,차대차 - 기타,교차로운행방법위반,건조,맑음,교차로 - 교차로부근,승용,남,54세,경상,승용,여,45세,경상
2017020600100230,2017년 2월 6일 13시,월요일,충청남도 예산군 예산읍,경상사고,0,0,1,0,차대차 - 기타,기타,건조,맑음,단일로 - 기타,이륜,남,55세,경상,승용,남,62세,상해없음
2017020600100263,2017년 2월 6일 14시,월요일,충청남도 당진시 읍내리,경상사고,0,0,1,0,차대차 - 정면충돌,교차로운행방법위반,건조,맑음,교차로 - 교차로안,승용,남,28세,상해없음,승용,여,55세,경상
2017020600100289,2017년 2월 6일 15시,월요일,충청남도 당진시 원당리,경상사고,0,0,1,0,차대차 - 정면충돌,안전운전불이행,건조,맑음,단일로 - 기타,승용,남,64세,상해없음,승용,여,31세,경상
2017020600100320,2017년 2월 6일 16시,월요일,충청남도 서천군 서천읍,경상사고,0,0,1,0,차대차 - 측면충돌,교차로운행방법위반,건조,맑음,교차로 - 교차로안,원동기,남,31세,경상,승용,여,49세,상해없음
2017020600100321,2017년 2월 6일 16시,월요일,충청남도 금산군 군북면,경상사고,0,0,1,0,차대차 - 추돌,안전거리미확보,건조,맑음,교차로 - 교차로부근,화물,남,24세,상해없음,승용,남,59세,경상
2017020600100349,2017년 2월 6일 17시,월요일,충청남도 천안시 서북구 성정동,경상사고,0,0,1,0,차대사람 - 횡단중,안전운전불이행,건조,맑음,단일로 - 기타,화물,남,50세,상해없음,보행자,여,37세,경상
2017020600100350,2017년 2월 6일 17시,월요일,충청남도 당진시 면천면,경상사고,0,0,1,0,차대차 - 정면충돌,교차로운행방법위반,건조,맑음,교차로 - 교차로부근,승용,여,26세,상해없음,이륜,남,65세,경상
2017020600100415,2017년 2월 6일 19시,월요일,충청남도 아산시 배방읍,경상사고,0,0,1,0,차대차 - 측면충돌,안전운전불이행,건조,맑음,단일로 - 기타,승용,여,22세,상해없음,자전거,남,38세,경상
2017020600100416,2017년 2월 6일 19시,월요일,충청남도 아산시 둔포면,경상사고,0,0,1,0,차대사람 - 횡단중,안전운전불이행,건조,맑음,교차로 - 교차로안,승용,남,48세,상해없음,보행자,여,65세,경상
2017020600100462,2017년 2월 6일 21시,월요일,충청남도 보령시 대천동,중상사고,0,1,0,0,차대사람 - 기타,안전운전불이행,건조,맑음,교차로 - 교차로부근,승용,남,31세,상해없음,보행자,여,60세,중상
2017020600100463,2017년 2월 6일 21시,월요일,충청남도 천안시 동남구 영성동,경상사고,0,0,1,0,차대차 - 측면충돌,직진우회전진행방해,건조,맑음,교차로 - 교차로안,승용,남,38세,상해없음,승용,남,38세,경상
2017020600100487,2017년 2월 6일 22시,월요일,충청남도 천안시 서북구 불당동,경상사고,0,0,1,0,차대차 - 기타,신호위반,건조,맑음,교차로 - 교차로안,승용,남,34세,상해없음,승용,남,51세,경상
2017020600100508,2017년 2월 6일 23시,월요일,충청남도 천안시 서북구 쌍용동,경상사고,0,0,1,0,차대사람 - 기타,안전운전불이행,건조,맑음,단일로 - 기타,승용,남,24세,상해없음,보행자,여,22세,경상
2017020700100019,2017년 2월 7일 00시,화요일,충청남도 서산시 잠홍동,중상사고,0,1,2,0,차대차 - 추돌,안전운전불이행,건조,맑음,교차로 - 교차로부근,승용,남,35세,상해없음,승용,남,48세,중상
2017020700100020,2017년 2월 7일 00시,화요일,충청남도 계룡시 엄사면,경상사고,0,0,1,0,차대차 - 측면충돌,안전운전불이행,건조,맑음,단일로 - 기타,화물,남,52세,상해없음,이륜,남,30세,경상
2017020700100054,2017년 2월 7일 05시,화요일,충청남도 천안시 서북구 두정동,경상사고,0,0,2,0,차대차 - 기타,안전운전불이행,건조,맑음,교차로 - 교차로안,승용,남,59세,상해없음,승용,남,38세,경상
2017020700100055,2017년 2월 7일 05시,화요일,충청남도 부여군 외산면,중상사고,0,1,0,0,차량단독 - 전도전복,안전운전불이행,건조,맑음,단일로 - 기타,승용,남,30세,상해없음,미분류,미분류,미분류,미분류
2017020700100072,2017년 2월 7일 06시,화요일,충청남도 당진시 시곡리,경상사고,0,0,1,0,차대차 - 정면충돌,교차로운행방법위반,건조,맑음,교차로 - 교차로부근,승용,남,63세,상해없음,승용,남,72세,경상
2017020700100091,2017년 2월 7일 07시,화요일,충청남도 서산시 잠홍동,중상사고,0,2,0,0,차대차 - 측면충돌,신호위반,건조,맑음,교차로 - 교차로안,승용,남,51세,중상,승용,남,34세,중상
2017020700100122,2017년 2월 7일 08시,화요일,충청남도 서산시 동문동,경상사고,0,0,1,0,차대차 - 측면충돌,교차로운행방법위반,건조,맑음,교차로 - 교차로안,승용,남,18세,기타불명,원동기,남,68세,경상
2017020700100148,2017년 2월 7일 09시,화요일,충청남도 예산군 삽교읍,중상사고,0,4,1,0,차대차 - 정면충돌,안전운전불이행,건조,맑음,단일로 - 기타,화물,여,55세,경상,화물,남,74세,중상
2017020700100149,2017년 2월 7일 09시,화요일,충청남도 금산군 복수면,경상사고,0,0,2,0,차대차 - 측면충돌,교차로운행방법위반,건조,맑음,교차로 - 교차로안,승용,남,62세,상해없음,승용,남,57세,경상
2017020700100175,2017년 2월 7일 10시,화요일,충청남도 부여군 부여읍,경상사고,0,0,2,0,차대차 - 추돌,안전운전불이행,건조,맑음,단일로 - 기타,승용,남,52세,경상,화물,남,45세,경상
2017020700100222,2017년 2월 7일 12시,화요일,충청남도 예산군 고덕면,경상사고,0,0,1,0,차대사람 - 기타,기타,건조,맑음,단일로 - 기타,승합,남,64세,상해없음,보행자,여,77세,경상
2017020700100237,2017년 2월 7일 13시,화요일,충청남도 아산시 신창면,중상사고,0,1,0,0,차대차 - 정면충돌,안전거리미확보,건조,맑음,단일로 - 기타,승용,여,27세,상해없음,승용,여,61세,중상
2017020700100238,2017년 2월 7일 13시,화요일,충청남도 아산시 신창면,경상사고,0,0,1,0,차대차 - 측면충돌,교차로운행방법위반,건조,맑음,교차로 - 교차로안,승용,여,51세,상해없음,원동기,남,17세,경상
2017020700100239,2017년 2월 7일 13시,화요일,충청남도 서천군 장항읍,경상사고,0,0,1,0,차대차 - 측면충돌,직진우회전진행방해,건조,맑음,교차로 - 교차로안,원동기,남,76세,상해없음,승용,여,27세,경상
2017020700100258,2017년 2월 7일 14시,화요일,충청남도 천안시 서북구 두정동,경상사고,0,0,1,0,차대차 - 측면충돌,안전거리미확보,건조,맑음,단일로 - 기타,승용,여,44세,상해없음,이륜,남,17세,경상
2017020700100259,2017년 2월 7일 14시,화요일,충청남도 논산시 연무읍,중상사고,0,1,0,0,차대차 - 정면충돌,중앙선침범,건조,맑음,교차로 - 교차로안,자전거,여,67세,중상,화물,남,42세,상해없음
2017020700100289,2017년 2월 7일 15시,화요일,충청남도 천안시 동남구 신부동,중상사고,0,1,0,0,차대사람 - 횡단중,보행자보호의무위반,건조,맑음,교차로 - 교차로부근,승용,남,56세,상해없음,보행자,남,62세,중상
2017020700100312,2017년 2월 7일 16시,화요일,충청남도 서산시 지곡면,경상사고,0,0,1,0,차대차 - 측면충돌,안전운전불이행,건조,맑음,단일로 - 기타,승용,남,61세,상해없음,승용,여,43세,경상
2017020700100313,2017년 2월 7일 16시,화요일,충청남도 금산군 금산읍,경상사고,0,0,1,0,차대사람 - 횡단중,보행자보호의무위반,건조,맑음,교차로 - 교차로부근,승용,남,45세,상해없음,보행자,여,28세,경상
2017020700100339,2017년 2월 7일 17시,화요일,충청남도 당진시 순성면,사망사고,1,0,0,0,차량단독 - 공작물충돌,안전운전불이행,건조,맑음,단일로 - 기타,승용,여,31세,사망,,,,
2017020700100367,2017년 2월 7일 18시,화요일,충청남도 논산시 연산면,경상사고,0,0,2,0,차대차 - 정면충돌,신호위반,건조,맑음,교차로 - 교차로안,승용,남,52세,상해없음,화물,남,59세,경상
2017020700100368,2017년 2월 7일 18시,화요일,충청남도 천안시 동남구 신부동,경상사고,0,0,2,0,차대차 - 기타,기타,건조,맑음,단일로 - 기타,승용,남,47세,상해없음,승합,남,34세,상해없음
2017020700100426,2017년 2월 7일 20시,화요일,충청남도 계룡시 엄사면,중상사고,0,2,0,0,차대사람 - 횡단중,안전운전불이행,건조,맑음,교차로 - 교차로안,승용,여,62세,상해없음,보행자,남,56세,중상
2017020700100427,2017년 2월 7일 20시,화요일,충청남도 아산시 온천동,중상사고,0,1,0,0,차대사람 - 횡단중,보행자보호의무위반,건조,맑음,교차로 - 교차로횡단보도내,승용,여,51세,상해없음,보행자,남,62세,중상
2017020700100481,2017년 2월 7일 22시,화요일,충청남도 당진시 신평면,중상사고,0,2,0,0,차량단독 - 전도전복,과속,건조,맑음,교차로 - 교차로안,승용,남,29세,중상,미분류,미분류,미분류,미분류
2017020800100036,2017년 2월 8일 02시,수요일,충청남도 천안시 서북구 성거읍,중상사고,0,1,1,0,차대차 - 기타,과속,건조,맑음,교차로 - 교차로안,승용,남,51세,중상,승용,남,47세,경상
2017020800100048,2017년 2월 8일 04시,수요일,충청남도 천안시 서북구 성거읍,중상사고,0,1,0,0,차대차 - 측면충돌,안전운전불이행,건조,맑음,단일로 - 기타,화물,남,45세,상해없음,화물,남,41세,중상
2017020800100068,2017년 2월 8일 06시,수요일,충청남도 태안군 안면읍,경상사고,0,0,1,0,차대사람 - 횡단중,안전운전불이행,건조,맑음,단일로 - 기타,승용,남,60세,상해없음,보행자,여,69세,경상
2017020800100069,2017년 2월 8일 06시,수요일,충청남도 아산시 배방읍,중상사고,0,1,0,0,차대차 - 정면충돌,안전운전불이행,건조,맑음,교차로 - 교차로안,승용,여,34세,상해없음,승용,남,31세,중상
2017020800100070,2017년 2월 8일 06시,수요일,충청남도 서천군 서면,중상사고,0,1,1,0,차대사람 - 횡단중,안전운전불이행,건조,맑음,단일로 - 기타,원동기,남,56세,경상,보행자,남,76세,중상
2017020800100109,2017년 2월 8일 08시,수요일,충청남도 서산시 성연면,중상사고,0,3,8,0,차대차 - 측면충돌,직진우회전진행방해,건조,맑음,교차로 - 교차로안,승합,남,35세,상해없음,화물,남,32세,중상
2017020800100139,2017년 2월 8일 09시,수요일,충청남도 당진시 송악읍,경상사고,0,0,1,0,차대차 - 측면충돌,직진우회전진행방해,건조,맑음,교차로 - 교차로안,승용,남,48세,상해없음,승용,남,60세,경상
2017020800100181,2017년 2월 8일 11시,수요일,충청남도 천안시 서북구 성정동,중상사고,0,1,0,0,차대사람 - 횡단중,안전운전불이행,건조,맑음,단일로 - 기타,승용,남,29세,상해없음,보행자,남,46세,중상
2017020800100182,2017년 2월 8일 11시,수요일,충청남도 홍성군 홍북읍,중상사고,0,1,1,0,차대차 - 측면충돌,안전운전불이행,건조,맑음,단일로 - 기타,승용,여,43세,경상,승용,남,38세,중상
2017020800100183,2017년 2월 8일 11시,수요일,충청남도 아산시 온천동,경상사고,0,0,1,0,차대차 - 기타,안전운전불이행,건조,맑음,단일로 - 기타,화물,남,34세,상해없음,승용,남,64세,경상
2017020800100289,2017년 2월 8일 15시,수요일,충청남도 보령시 내항동,경상사고,0,0,3,0,차대차 - 정면충돌,중앙선침범,건조,맑음,단일로 - 기타,승용,남,75세,상해없음,승용,여,45세,경상
2017020800100321,2017년 2월 8일 16시,수요일,충청남도 아산시 방축동,경상사고,0,0,1,0,차대차 - 측면충돌,안전운전불이행,건조,맑음,단일로 - 기타,승합,남,67세,상해없음,승용,여,56세,경상
2017020800100322,2017년 2월 8일 16시,수요일,충청남도 당진시 송악읍,중상사고,0,1,0,0,차대차 - 정면충돌,안전운전불이행,건조,맑음,교차로 - 교차로부근,승용,남,51세,상해없음,원동기,남,41세,중상
2017020800100382,2017년 2월 8일 18시,수요일,충청남도 논산시 연무읍,중상사고,0,1,0,0,차대사람 - 기타,안전운전불이행,건조,맑음,교차로 - 교차로부근,승용,남,54세,상해없음,보행자,남,66세,중상
2017020800100383,2017년 2월 8일 18시,수요일,충청남도 서천군 장항읍,중상사고,0,1,0,0,차대차 - 측면충돌,직진우회전진행방해,건조,맑음,교차로 - 교차로안,승합,남,45세,상해없음,원동기,남,37세,중상
2017020800100384,2017년 2월 8일 18시,수요일,충청남도 보령시 대천동,중상사고,0,1,0,0,차대사람 - 횡단중,안전운전불이행,건조,맑음,단일로 - 기타,승용,여,26세,상해없음,보행자,여,52세,중상
2017020800100428,2017년 2월 8일 19시,수요일,충청남도 아산시 영인면,경상사고,0,0,2,0,차대차 - 추돌,안전운전불이행,건조,맑음,단일로 - 기타,기타불명,기타불명,미분류,기타불명,승용,여,45세,경상
2017020800100457,2017년 2월 8일 20시,수요일,충청남도 천안시 서북구 두정동,중상사고,0,1,0,0,차대차 - 측면충돌,교차로운행방법위반,건조,맑음,교차로 - 교차로안,승용,남,43세,상해없음,원동기,남,20세,중상
2017020800100479,2017년 2월 8일 21시,수요일,충청남도 공주시 의당면,경상사고,0,0,1,0,차대차 - 기타,중앙선침범,젖음/습기,맑음,단일로 - 기타,승용,여,39세,상해없음,승용,남,61세,경상
2017020800100501,2017년 2월 8일 22시,수요일,충청남도 예산군 광시면,경상사고,0,0,2,0,차대차 - 정면충돌,중앙선침범,건조,맑음,단일로 - 기타,승용,남,36세,상해없음,화물,여,60세,경상
2017020800100502,2017년 2월 8일 22시,수요일,충청남도 천안시 동남구 삼룡동,중상사고,0,1,0,0,차대사람 - 횡단중,안전운전불이행,건조,맑음,단일로 - 기타,승합,남,54세,상해없음,보행자,여,69세,중상
2017020800100524,2017년 2월 8일 23시,수요일,충청남도 천안시 동남구 신방동,경상사고,0,0,3,0,차대차 - 측면충돌,안전운전불이행,건조,맑음,교차로 - 교차로안,승용,여,30세,상해없음,승용,남,31세,경상
2017020900100046,2017년 2월 9일 05시,목요일,충청남도 천안시 서북구 불당동,사망사고,1,0,0,0,차대차 - 측면충돌,신호위반,건조,맑음,교차로 - 교차로안,건설기계,여,49세,상해없음,승합,남,71세,사망
2017020900100073,2017년 2월 9일 07시,목요일,충청남도 천안시 서북구 입장면,경상사고,0,0,1,0,차대차 - 기타,안전운전불이행,건조,맑음,교차로 - 교차로안,승용,남,43세,상해없음,화물,남,55세,경상
2017020900100134,2017년 2월 9일 09시,목요일,충청남도 천안시 서북구 불당동,경상사고,0,0,1,0,차대차 - 측면충돌,안전운전불이행,건조,맑음,단일로 - 기타,건설기계,남,58세,상해없음,승용,남,24세,경상
2017020900100155,2017년 2월 9일 10시,목요일,충청남도 홍성군 홍북읍,중상사고,0,1,2,0,차대차 - 측면충돌,신호위반,건조,맑음,교차로 - 교차로안,승용,남,74세,경상,화물,남,54세,경상
2017020900100231,2017년 2월 9일 13시,목요일,충청남도 서천군 서천읍,경상사고,0,0,1,0,차대차 - 측면충돌,안전거리미확보,건조,맑음,기타 - 기타,화물,남,67세,상해없음,승용,여,47세,경상
2017020900100341,2017년 2월 9일 17시,목요일,충청남도 공주시 우성면,중상사고,0,1,0,0,차대차 - 추돌,안전운전불이행,건조,흐림,단일로 - 기타,화물,남,55세,상해없음,승용,남,53세,중상
2017021000100037,2017년 2월 10일 02시,금요일,충청남도 금산군 추부면,경상사고,0,0,1,0,차대차 - 추돌,안전운전불이행,적설,흐림,단일로 - 기타,승용,남,42세,경상,화물,기타불명,미분류,기타불명
2017021000100049,2017년 2월 10일 03시,금요일,충청남도 서산시 음암면,중상사고,0,1,0,0,차량단독 - 공작물충돌,안전운전불이행,건조,맑음,단일로 - 기타,승용,남,25세,중상,,,,
2017021000100125,2017년 2월 10일 08시,금요일,충청남도 천안시 서북구 직산읍,중상사고,0,1,2,0,차대차 - 측면충돌,신호위반,건조,맑음,교차로 - 교차로안,승용,여,32세,상해없음,승용,남,35세,중상
2017021000100126,2017년 2월 10일 08시,금요일,충청남도 천안시 서북구 쌍용동,중상사고,0,2,0,0,차대차 - 측면충돌,안전운전불이행,젖음/습기,맑음,교차로 - 교차로부근,화물,남,70세,상해없음,승용,남,35세,중상
2017021000100163,2017년 2월 10일 09시,금요일,충청남도 천안시 동남구 삼룡동,경상사고,0,0,1,0,차대차 - 측면충돌,안전운전불이행,건조,맑음,교차로 - 교차로안,승용,남,28세,경상,건설기계,남,37세,상해없음
2017021000100188,2017년 2월 10일 10시,금요일,충청남도 아산시 권곡동,중상사고,0,3,0,0,차대차 - 측면충돌,신호위반,건조,맑음,교차로 - 교차로안,승용,남,48세,상해없음,화물,여,52세,중상
2017021000100207,2017년 2월 10일 11시,금요일,충청남도 천안시 동남구 영성동,중상사고,0,1,0,0,차대차 - 기타,중앙선침범,건조,맑음,단일로 - 기타,승용,여,42세,상해없음,원동기,남,35세,중상
2017021000100208,2017년 2월 10일 11시,금요일,충청남도 천안시 동남구 신부동,경상사고,0,0,1,0,차대차 - 추돌,안전거리미확보,건조,맑음,단일로 - 기타,승용,여,35세,상해없음,승용,여,21세,경상
2017021000100227,2017년 2월 10일 12시,금요일,충청남도 금산군 금산읍,경상사고,0,0,1,0,차대차 - 측면충돌,직진우회전진행방해,건조,맑음,교차로 - 교차로안,승용,여,44세,상해없음,이륜,남,51세,경상
2017021000100247,2017년 2월 10일 13시,금요일,충청남도 천안시 동남구 삼룡동,중상사고,0,4,9,0,차대차 - 추돌,안전거리미확보,건조,맑음,단일로 - 기타,승합,남,35세,상해없음,화물,남,31세,경상
2017021000100328,2017년 2월 10일 16시,금요일,충청남도 예산군 예산읍,경상사고,0,0,1,0,차대차 - 측면충돌,직진우회전진행방해,건조,맑음,교차로 - 교차로안,승용,남,29세,상해없음,화물,남,69세,경상
2017021000100357,2017년 2월 10일 17시,금요일,충청남도 천안시 서북구 성정동,경상사고,0,0,1,0,차대사람 - 횡단중,안전운전불이행,건조,맑음,단일로 - 기타,승용,여,33세,상해없음,보행자,여,21세,경상
2017021000100387,2017년 2월 10일 18시,금요일,충청남도 천안시 동남구 광덕면,경상사고,0,0,2,0,차대차 - 추돌,안전운전불이행,건조,맑음,단일로 - 기타,승용,남,46세,상해없음,승용,남,52세,경상
2017021000100439,2017년 2월 10일 19시,금요일,충청남도 홍성군 서부면,중상사고,0,1,2,0,차대차 - 측면충돌,안전운전불이행,건조,맑음,단일로 - 기타,승용,남,59세,상해없음,승용,남,30세,중상
2017021000100489,2017년 2월 10일 20시,금요일,충청남도 아산시 온천동,중상사고,0,1,0,0,차대사람 - 횡단중,안전운전불이행,건조,맑음,단일로 - 기타,화물,여,58세,상해없음,보행자,여,69세,중상
2017021000100490,2017년 2월 10일 20시,금요일,충청남도 천안시 동남구 구성동,중상사고,0,1,0,0,차대사람 - 횡단중,안전운전불이행,적설,눈,교차로 - 교차로부근,승용,여,49세,상해없음,보행자,여,44세,중상
2017021000100554,2017년 2월 10일 22시,금요일,충청남도 천안시 서북구 성정동,경상사고,0,0,2,0,차대차 - 추돌,안전운전불이행,적설,흐림,교차로 - 교차로부근,승용,남,45세,상해없음,승용,남,56세,경상