사고번호,사고일시,요일,시군구,사고내용,사망자수,중상자수,경상자수,부상신고자수,사고유형,법규위반,노면상태,기상상태,도로형태,가해운전자 차종,가해운전자 성별,가해운전자 연령,가해운전자 상해정도,피해운전자 차종,피해운전자 성별,피해운전자 연령,피해운전자 상해정도
2017021000100589,2017년 2월 10일 23시,금요일,충청남도 천안시 서북구 쌍용동,경상사고,0,0,1,0,차대사람 - 횡단중,안전운전불이행,적설,흐림,단일로 - 기타,화물,남,50세,상해없음,보행자,남,52세,경상
2017021100100047,2017년 2월 11일 01시,토요일,충청남도 서산시 동문동,경상사고,0,0,1,0,차량단독 - 공작물충돌,안전운전불이행,건조,맑음,단일로 - 기타,승용,여,57세,경상,,,,
2017021100100048,2017년 2월 11일 01시,토요일,충청남도 천안시 서북구 두정동,경상사고,0,0,2,0,차대차 - 측면충돌,안전운전불이행,적설,흐림,교차로 - 교차로안,승용,남,25세,상해없음,승용,여,24세,경상
2017021100100088,2017년 2월 11일 04시,토요일,충청남도 공주시 석장리동,경상사고,0,0,2,0,차대차 - 측면충돌,중앙선침범,적설,눈,단일로 - 기타,승용,남,43세,경상,화물,남,40세,경상
2017021100100136,2017년 2월 11일 08시,토요일,충청남도 서천군 종천면,경상사고,0,0,1,0,차대차 - 정면충돌,중앙선침범,건조,맑음,단일로 - 기타,화물,남,21세,경상,승용,남,52세,상해없음
2017021100100137,2017년 2월 11일 08시,토요일,충청남도 천안시 동남구 대흥동,중상사고,0,1,0,0,차대사람 - 횡단중,안전운전불이행,건조,맑음,단일로 - 기타,승용,남,65세,상해없음,보행자,여,61세,중상
2017021100100182,2017년 2월 11일 10시,토요일,충청남도 예산군 예산읍,경상사고,0,0,1,0,차대차 - 측면충돌,직진우회전진행방해,건조,맑음,교차로 - 교차로안,승용,남,77세,상해없음,승용,여,44세,경상
2017021100100183,2017년 2월 11일 10시,토요일,충청남도 천안시 동남구 안서동,중상사고,0,3,0,0,차대차 - 측면충돌,안전운전불이행,건조,맑음,단일로 - 기타,승용,남,31세,상해없음,승용,남,48세,중상
2017021100100239,2017년 2월 11일 12시,토요일,충청남도 아산시 음봉면,경상사고,0,0,1,0,차대차 - 기타,중앙선침범,건조,맑음,단일로 - 기타,건설기계,남,53세,상해없음,승용,남,30세,경상
2017021100100240,2017년 2월 11일 12시,토요일,충청남도 아산시 방축동,중상사고,0,1,0,0,차대차 - 추돌,안전거리미확보,건조,맑음,단일로 - 기타,승용,여,48세,중상,승용,남,23세,상해없음
2017021100100241,2017년 2월 11일 12시,토요일,충청남도 당진시 채운동,경상사고,0,0,1,0,차대차 - 측면충돌,차로위반,건조,맑음,단일로 - 기타,승용,남,42세,상해없음,승용,남,47세,경상
2017021100100336,2017년 2월 11일 15시,토요일,충청남도 보령시 청소면,중상사고,0,1,0,0,차대차 - 추돌,안전운전불이행,건조,맑음,단일로 - 기타,승용,남,56세,상해없음,승용,남,51세,중상
2017021100100337,2017년 2월 11일 15시,토요일,충청남도 당진시 송악읍,중상사고,0,1,0,0,차대차 - 정면충돌,중앙선침범,건조,맑음,단일로 - 기타,승용,남,65세,상해없음,승용,남,64세,중상
2017021100100338,2017년 2월 11일 15시,토요일,충청남도 당진시 읍내리,경상사고,0,0,5,0,차대차 - 측면충돌,교차로운행방법위반,건조,맑음,교차로 - 교차로안,승용,여,43세,상해없음,승용,남,24세,경상
2017021100100362,2017년 2월 11일 16시,토요일,충청남도 천안시 서북구 쌍용동,경상사고,0,0,1,0,차대차 - 추돌,안전운전불이행,건조,맑음,교차로 - 교차로안,승용,남,25세,상해없음,승용,남,36세,경상
2017021100100363,2017년 2월 11일 16시,토요일,충청남도 천안시 서북구 입장면,경상사고,0,0,3,0,차대차 - 측면충돌,교차로운행방법위반,건조,맑음,교차로 - 교차로안,승용,여,21세,상해없음,승용,여,52세,경상
2017021100100389,2017년 2월 11일 17시,토요일,충청남도 서산시 운산면,중상사고,0,1,3,0,차대차 - 측면충돌,신호위반,건조,맑음,교차로 - 교차로안,승용,여,62세,상해없음,승용,여,44세,경상
2017021100100390,2017년 2월 11일 17시,토요일,충청남도 홍성군 갈산면,사망사고,1,0,0,0,차량단독 - 전도전복,안전운전불이행,건조,맑음,단일로 - 기타,이륜,남,65세,상해없음,미분류,미분류,미분류,미분류
2017021100100391,2017년 2월 11일 17시,토요일,충청남도 예산군 예산읍,경상사고,0,0,4,0,차대차 - 추돌,안전운전불이행,건조,맑음,단일로 - 기타,승용,여,31세,기타불명,승용,남,46세,경상
2017021100100392,2017년 2월 11일 17시,토요일,충청남도 천안시 동남구 목천읍,중상사고,0,1,1,1,차대차 - 추돌,안전운전불이행,건조,맑음,단일로 - 기타,화물,남,54세,부상신고,승용,남,34세,중상
2017021100100419,2017년 2월 11일 18시,토요일,충청남도 천안시 동남구 구성동,중상사고,0,1,0,0,차대사람 - 횡단중,보행자보호의무위반,건조,맑음,교차로 - 교차로횡단보도내,화물,남,69세,상해없음,보행자,여,77세,중상
2017021100100457,2017년 2월 11일 19시,토요일,충청남도 천안시 동남구 목천읍,경상사고,0,0,4,0,차대차 - 추돌,안전운전불이행,건조,맑음,교차로 - 교차로부근,승용,남,53세,상해없음,승용,남,51세,경상
2017021100100488,2017년 2월 11일 20시,토요일,충청남도 아산시 염치읍,경상사고,0,0,2,0,차대차 - 추돌,안전운전불이행,건조,맑음,단일로 - 기타,승용,남,26세,상해없음,승용,여,29세,경상
2017021100100514,2017년 2월 11일 21시,토요일,충청남도 천안시 서북구 성거읍,경상사고,0,0,2,0,차대차 - 기타,안전운전불이행,건조,맑음,단일로 - 기타,승용,남,46세,상해없음,승용,남,22세,경상
2017021100100515,2017년 2월 11일 21시,토요일,충청남도 천안시 동남구 원성동,중상사고,0,1,0,0,차대사람 - 횡단중,안전운전불이행,건조,맑음,교차로 - 교차로부근,승합,남,39세,상해없음,보행자,남,48세,중상
2017021100100566,2017년 2월 11일 23시,토요일,충청남도 천안시 서북구 성정동,경상사고,0,0,2,0,차대차 - 추돌,안전운전불이행,건조,맑음,단일로 - 기타,승용,여,41세,상해없음,승합,남,48세,상해없음
2017021200100036,2017년 2월 12일 01시,일요일,충청남도 천안시 동남구 성남면,중상사고,0,1,1,0,차대차 - 기타,안전운전불이행,건조,맑음,단일로 - 기타,승용,남,22세,상해없음,승용,남,25세,중상
2017021200100062,2017년 2월 12일 03시,일요일,충청남도 천안시 서북구 두정동,중상사고,0,1,0,0,차량단독 - 전도전복,안전운전불이행,건조,맑음,단일로 - 기타,승용,남,20세,상해없음,미분류,미분류,미분류,미분류
2017021200100063,2017년 2월 12일 03시,일요일,충청남도 천안시 서북구 두정동,경상사고,0,0,1,0,차대사람 - 기타,안전운전불이행,건조,맑음,단일로 - 기타,승용,남,20세,기타불명,보행자,남,31세,경상
2017021200100064,2017년 2월 12일 03시,일요일,충청남도 천안시 서북구 두정동,경상사고,0,0,1,0,차대차 - 후진중충돌,안전운전불이행,건조,맑음,단일로 - 기타,승용,남,24세,기타불명,승용,남,39세,경상
2017021200100092,2017년 2월 12일 06시,일요일,충청남도 논산시 내동,중상사고,0,2,3,0,차대차 - 측면충돌,신호위반,건조,맑음,교차로 - 교차로안,승용,남,24세,경상,승용,남,44세,중상
2017021200100093,2017년 2월 12일 06시,일요일,충청남도 천안시 동남구 목천읍,경상사고,0,0,1,0,차대사람 - 횡단중,신호위반,건조,맑음,교차로 - 교차로횡단보도내,화물,남,43세,상해없음,보행자,남,64세,경상
2017021200100136,2017년 2월 12일 09시,일요일,충청남도 당진시 대호지면,경상사고,0,0,1,0,차대차 - 정면충돌,안전운전불이행,건조,맑음,교차로 - 교차로부근,화물,남,51세,상해없음,건설기계,남,54세,경상
2017021200100191,2017년 2월 12일 12시,일요일,충청남도 논산시 상월면,중상사고,0,2,0,0,차대차 - 정면충돌,신호위반,건조,맑음,교차로 - 교차로안,승용,남,35세,상해없음,승용,남,47세,중상
2017021200100192,2017년 2월 12일 12시,일요일,충청남도 당진시 읍내리,중상사고,0,1,0,0,차대차 - 정면충돌,교차로운행방법위반,건조,맑음,교차로 - 교차로안,승용,남,77세,상해없음,자전거,남,73세,중상
2017021200100206,2017년 2월 12일 13시,일요일,충청남도 천안시 서북구 입장면,경상사고,0,0,1,0,차대차 - 기타,안전운전불이행,기타,맑음,단일로 - 기타,승용,남,62세,상해없음,승합,남,70세,경상
2017021200100207,2017년 2월 12일 13시,일요일,충청남도 부여군 임천면,경상사고,0,0,4,0,차대차 - 측면충돌,직진우회전진행방해,건조,맑음,교차로 - 교차로안,승용,남,76세,상해없음,승용,여,26세,경상
2017021200100225,2017년 2월 12일 14시,일요일,충청남도 당진시 우강면,중상사고,0,1,1,0,차대차 - 정면충돌,교차로운행방법위반,건조,맑음,교차로 - 교차로안,승용,여,62세,상해없음,특수,남,52세,경상
2017021200100249,2017년 2월 12일 15시,일요일,충청남도 당진시 송산면,경상사고,0,0,1,0,차대차 - 정면충돌,안전운전불이행,건조,맑음,단일로 - 기타,승용,남,29세,상해없음,승용,여,54세,경상
2017021200100268,2017년 2월 12일 16시,일요일,충청남도 보령시 죽정동,중상사고,0,1,0,0,차대사람 - 횡단중,보행자보호의무위반,건조,맑음,교차로 - 교차로횡단보도내,승용,남,51세,상해없음,보행자,여,20세,중상
2017021200100304,2017년 2월 12일 18시,일요일,충청남도 천안시 서북구 두정동,중상사고,0,1,5,3,차대차 - 측면충돌,교차로운행방법위반,건조,맑음,교차로 - 교차로안,승용,남,58세,경상,승용,남,43세,경상
2017021200100305,2017년 2월 12일 18시,일요일,충청남도 아산시 풍기동,경상사고,0,0,2,0,차대차 - 기타,안전거리미확보,건조,맑음,단일로 - 기타,화물,남,69세,상해없음,승용,남,28세,경상
2017021200100339,2017년 2월 12일 19시,일요일,충청남도 서산시 석림동,중상사고,0,1,0,0,차대사람 - 횡단중,안전운전불이행,건조,맑음,교차로 - 교차로안,승용,남,28세,상해없음,보행자,남,64세,중상
2017021200100372,2017년 2월 12일 20시,일요일,충청남도 보령시 주산면,중상사고,0,1,0,0,차량단독 - 공작물충돌,안전운전불이행,건조,맑음,단일로 - 기타,승용,남,48세,중상,,,,
2017021200100373,2017년 2월 12일 20시,일요일,충청남도 당진시 읍내리,경상사고,0,0,3,0,차대차 - 정면충돌,교차로운행방법위반,건조,맑음,교차로 - 교차로안,승용,남,29세,상해없음,승용,여,24세,경상
2017021200100414,2017년 2월 12일 22시,일요일,충청남도 당진시 채운동,경상사고,0,0,5,0,차대차 - 정면충돌,신호위반,건조,맑음,교차로 - 교차로안,이륜,남,23세,상해없음,승용,남,22세,경상
2017021300100023,2017년 2월 13일 00시,월요일,충청남도 예산군 고덕면,중상사고,0,1,1,0,차대차 - 정면충돌,중앙선침범,건조,맑음,단일로 - 기타,승용,남,32세,중상,화물,남,45세,경상
2017021300100114,2017년 2월 13일 08시,월요일,충청남도 천안시 서북구 직산읍,경상사고,0,0,1,0,차대차 - 정면충돌,신호위반,건조,맑음,교차로 - 교차로안,승용,남,22세,상해없음,승용,여,41세,경상
2017021300100115,2017년 2월 13일 08시,월요일,충청남도 홍성군 갈산면,중상사고,0,2,0,0,차대차 - 추돌,안전운전불이행,건조,맑음,단일로 - 기타,승용,남,43세,상해없음,화물,남,50세,중상
2017021300100116,2017년 2월 13일 08시,월요일,충청남도 아산시 온천동,중상사고,0,1,0,0,차대차 - 기타,안전거리미확보,건조,맑음,단일로 - 기타,승용,남,70세,상해없음,승용,여,36세,중상
2017021300100117,2017년 2월 13일 08시,월요일,충청남도 예산군 예산읍,경상사고,0,0,1,0,차대차 - 기타,안전운전불이행,건조,맑음,교차로 - 교차로부근,승용,남,39세,상해없음,이륜,남,17세,경상
2017021300100138,2017년 2월 13일 09시,월요일,충청남도 아산시 신창면,경상사고,0,0,1,0,차대사람 - 횡단중,보행자보호의무위반,건조,맑음,교차로 - 교차로횡단보도내,승용,남,42세,상해없음,보행자,여,23세,경상
2017021300100164,2017년 2월 13일 10시,월요일,충청남도 천안시 서북구 백석동,경상사고,0,0,1,1,차대차 - 기타,안전운전불이행,건조,맑음,단일로 - 기타,승용,여,60세,부상신고,승용,남,52세,경상
2017021300100226,2017년 2월 13일 12시,월요일,충청남도 금산군 추부면,중상사고,0,1,1,0,차량단독 - 전도전복,안전운전불이행,젖음/습기,맑음,단일로 - 기타,승용,여,55세,경상,미분류,미분류,미분류,미분류
2017021300100279,2017년 2월 13일 14시,월요일,충청남도 천안시 서북구 입장면,경상사고,0,0,4,0,차대차 - 측면충돌,안전운전불이행,건조,맑음,교차로 - 교차로안,승용,남,31세,상해없음,승용,남,29세,경상
2017021300100280,2017년 2월 13일 14시,월요일,충청남도 당진시 송악읍,중상사고,0,1,0,0,차대사람 - 기타,기타,건조,맑음,단일로 - 기타,건설기계,남,44세,상해없음,보행자,여,64세,중상
2017021300100362,2017년 2월 13일 17시,월요일,충청남도 태안군 태안읍,경상사고,0,0,1,0,차대차 - 측면충돌,차로위반,건조,맑음,단일로 - 기타,이륜,남,44세,경상,승용,여,42세,상해없음
2017021300100395,2017년 2월 13일 18시,월요일,충청남도 천안시 서북구 성거읍,중상사고,0,1,0,0,차대사람 - 차도통행중,안전운전불이행,젖음/습기,맑음,교차로 - 교차로안,승용,남,70세,상해없음,보행자,남,68세,중상
2017021300100396,2017년 2월 13일 18시,월요일,충청남도 당진시 신평면,경상사고,0,0,2,0,차대차 - 측면충돌,직진우회전진행방해,건조,맑음,교차로 - 교차로안,승합,여,36세,경상,승용,남,69세,경상
2017021300100433,2017년 2월 13일 19시,월요일,충청남도 태안군 태안읍,중상사고,0,1,2,0,차대차 - 추돌,안전운전불이행,건조,맑음,단일로 - 기타,승용,남,51세,상해없음,승용,남,72세,경상
2017021300100434,2017년 2월 13일 19시,월요일,충청남도 서산시 석림동,경상사고,0,0,1,0,차대차 - 측면충돌,교차로운행방법위반,건조,맑음,교차로 - 교차로안,승용,여,39세,상해없음,승용,남,67세,경상
2017021300100435,2017년 2월 13일 19시,월요일,충청남도 보령시 대천동,중상사고,0,1,0,0,차대차 - 측면충돌,직진우회전진행방해,건조,맑음,교차로 - 교차로안,승용,남,50세,상해없음,승용,남,23세,중상
2017021400100079,2017년 2월 14일 06시,화요일,충청남도 당진시 송악읍,중상사고,0,1,1,1,차대차 - 추돌,안전운전불이행,건조,맑음,교차로 - 교차로부근,승용,남,44세,부상신고,승용,남,30세,중상
2017021400100102,2017년 2월 14일 07시,화요일,충청남도 천안시 서북구 직산읍,경상사고,0,0,2,0,차대차 - 측면충돌,중앙선침범,건조,맑음,단일로 - 기타,화물,남,40세,상해없음,승용,남,71세,경상
2017021400100134,2017년 2월 14일 08시,화요일,충청남도 천안시 서북구 두정동,부상신고사고,0,0,0,1,차대차 - 추돌,안전운전불이행,건조,맑음,단일로 - 기타,승용,남,32세,상해없음,승용,남,29세,부상신고
2017021400100168,2017년 2월 14일 09시,화요일,충청남도 천안시 서북구 두정동,경상사고,0,0,1,0,차대차 - 추돌,안전운전불이행,건조,맑음,단일로 - 기타,승용,여,24세,상해없음,원동기,남,30세,경상
2017021400100169,2017년 2월 14일 09시,화요일,충청남도 홍성군 광천읍,중상사고,0,1,0,0,차대차 - 추돌,안전운전불이행,건조,맑음,교차로 - 교차로안,승용,여,53세,상해없음,자전거,남,74세,중상
2017021400100170,2017년 2월 14일 09시,화요일,충청남도 천안시 동남구 신부동,경상사고,0,0,2,0,차대차 - 기타,교차로운행방법위반,건조,맑음,교차로 - 교차로안,승용,남,49세,상해없음,승용,남,34세,경상
2017021400100250,2017년 2월 14일 12시,화요일,충청남도 보령시 신흑동,중상사고,0,1,3,0,차대차 - 측면충돌,직진우회전진행방해,건조,맑음,교차로 - 교차로안,승합,남,34세,상해없음,승용,여,26세,경상
2017021400100308,2017년 2월 14일 14시,화요일,충청남도 청양군 남양면,경상사고,0,0,1,0,차대차 - 측면충돌,직진우회전진행방해,건조,맑음,교차로 - 교차로안,이륜,남,64세,경상,화물,남,59세,상해없음
2017021400100372,2017년 2월 14일 16시,화요일,충청남도 천안시 서북구 직산읍,사망사고,1,0,0,0,차대차 - 추돌,안전운전불이행,건조,맑음,단일로 - 기타,건설기계,남,56세,상해없음,원동기,남,41세,사망
2017021400100373,2017년 2월 14일 16시,화요일,충청남도 천안시 동남구 원성동,경상사고,0,0,2,0,차대차 - 측면충돌,신호위반,건조,맑음,교차로 - 교차로안,승용,남,69세,경상,승용,남,27세,경상
2017021400100438,2017년 2월 14일 18시,화요일,충청남도 당진시 송악읍,사망사고,1,0,0,0,차대사람 - 횡단중,안전운전불이행,건조,맑음,단일로 - 기타,승용,남,51세,상해없음,보행자,여,78세,사망
2017021400100513,2017년 2월 14일 20시,화요일,충청남도 천안시 동남구 사직동,경상사고,0,0,1,0,차대차 - 정면충돌,중앙선침범,건조,맑음,단일로 - 기타,이륜,남,52세,경상,승합,남,59세,상해없음
2017021400100539,2017년 2월 14일 21시,화요일,충청남도 서산시 읍내동,경상사고,0,0,1,0,차대차 - 추돌,안전운전불이행,건조,맑음,단일로 - 기타,승용,남,42세,상해없음,승용,남,45세,경상
2017021400100540,2017년 2월 14일 21시,화요일,충청남도 아산시 용화동,경상사고,0,0,1,0,차대사람 - 길가장자리구역통행중,안전운전불이행,건조,맑음,교차로 - 교차로부근,승용,남,58세,상해없음,보행자,남,29세,경상
2017021400100542,2017년 2월 14일 21시,화요일,충청남도 천안시 서북구 입장면,경상사고,0,0,2,0,차대차 - 기타,안전운전불이행,건조,맑음,기타 - 기타,승용,여,50세,상해없음,승용,남,33세,경상
2017021400100568,2017년 2월 14일 22시,화요일,충청남도 서산시 해미면,중상사고,0,1,0,0,차대차 - 측면충돌,신호위반,건조,맑음,교차로 - 교차로안,승용,남,46세,상해없음,승용,남,55세,중상
2017021400100569,2017년 2월 14일 22시,화요일,충청남도 천안시 서북구 불당동,중상사고,0,1,0,0,차대사람 - 횡단중,안전운전불이행,건조,맑음,교차로 - 교차로안,승용,남,28세,상해없음,보행자,남,44세,중상
2017021400100570,2017년 2월 14일 22시,화요일,충청남도 보령시 동대동,중상사고,0,1,0,0,차대차 - 측면충돌,차로위반,건조,맑음,단일로 - 기타,승용,남,39세,상해없음,이륜,남,42세,중상
2017021500100022,2017년 2월 15일 00시,수요일,충청남도 천안시 동남구 안서동,중상사고,0,1,0,0,차대차 - 정면충돌,안전운전불이행,건조,맑음,교차로 - 교차로안,승용,남,62세,상해없음,이륜,남,19세,중상
2017021500100083,2017년 2월 15일 06시,수요일,충청남도 천안시 서북구 성환읍,경상사고,0,0,1,0,차대차 - 측면충돌,신호위반,건조,맑음,교차로 - 교차로안,승용,남,67세,상해없음,승용,남,23세,경상
2017021500100098,2017년 2월 15일 07시,수요일,충청남도 논산시 양촌면,중상사고,0,1,0,0,차대사람 - 횡단중,기타,건조,맑음,교차로 - 교차로부근,화물,남,61세,상해없음,보행자,여,58세,중상
2017021500100126,2017년 2월 15일 08시,수요일,충청남도 천안시 서북구 백석동,경상사고,0,0,1,0,차대차 - 측면충돌,신호위반,건조,맑음,교차로 - 교차로안,승용,남,66세,상해없음,승용,남,24세,경상
2017021500100161,2017년 2월 15일 09시,수요일,충청남도 부여군 부여읍,중상사고,0,1,0,0,차대사람 - 횡단중,안전운전불이행,건조,맑음,단일로 - 기타,승용,여,49세,상해없음,보행자,남,75세,중상
2017021500100179,2017년 2월 15일 10시,수요일,충청남도 천안시 동남구 사직동,중상사고,0,1,0,0,차대사람 - 횡단중,안전운전불이행,건조,맑음,단일로 - 기타,승용,여,61세,상해없음,보행자,여,73세,중상
2017021500100210,2017년 2월 15일 11시,수요일,충청남도 서산시 예천동,경상사고,0,0,1,0,차대차 - 추돌,안전운전불이행,건조,맑음,교차로 - 교차로부근,승합,남,42세,상해없음,화물,남,77세,경상
2017021500100211,2017년 2월 15일 11시,수요일,충청남도 보령시 명천동,중상사고,0,1,0,0,차량단독 - 전도전복,안전운전불이행,건조,맑음,단일로 - 기타,이륜,여,71세,중상,미분류,미분류,미분류,미분류
2017021500100241,2017년 2월 15일 12시,수요일,충청남도 아산시 인주면,사망사고,1,0,0,0,차대사람 - 횡단중,안전운전불이행,건조,맑음,단일로 - 기타,화물,남,49세,기타불명,보행자,남,52세,사망
2017021500100242,2017년 2월 15일 12시,수요일,충청남도 공주시 우성면,경상사고,0,0,1,0,차대차 - 추돌,안전거리미확보,건조,맑음,단일로 - 기타,화물,남,61세,상해없음,승용,여,57세,경상
2017021500100244,2017년 2월 15일 12시,수요일,충청남도 당진시 신평면,경상사고,0,0,1,0,차대차 - 후진중충돌,안전운전불이행,건조,맑음,단일로 - 기타,화물,남,58세,상해없음,승용,여,47세,경상
2017021500100267,2017년 2월 15일 13시,수요일,충청남도 청양군 청양읍,중상사고,0,1,0,0,차대사람 - 기타,안전운전불이행,건조,맑음,단일로 - 기타,건설기계,남,41세,상해없음,보행자,남,75세,중상
2017021500100313,2017년 2월 15일 15시,수요일,충청남도 서천군 마서면,중상사고,0,1,0,0,차대차 - 측면충돌,신호위반,건조,맑음,교차로 - 교차로안,승용,남,79세,상해없음,원동기,남,70세,중상
2017021500100401,2017년 2월 15일 18시,수요일,충청남도 홍성군 홍성읍,경상사고,0,0,2,0,차대차 - 측면충돌,안전운전불이행,건조,맑음,교차로 - 교차로부근,승용,남,61세,상해없음,승용,여,46세,경상
2017021500100402,2017년 2월 15일 18시,수요일,충청남도 예산군 예산읍,중상사고,0,1,1,0,차대차 - 추돌,안전운전불이행,건조,맑음,단일로 - 기타,화물,남,73세,경상,화물,남,56세,상해없음
2017021500100403,2017년 2월 15일 18시,수요일,충청남도 천안시 동남구 신방동,경상사고,0,0,1,0,차대차 - 측면충돌,안전운전불이행,건조,맑음,단일로 - 기타,승용,남,35세,상해없음,이륜,남,51세,경상
2017021500100464,2017년 2월 15일 20시,수요일,충청남도 천안시 서북구 성거읍,중상사고,0,1,0,0,차대차 - 정면충돌,중앙선침범,건조,맑음,단일로 - 교량,승용,남,51세,상해없음,승용,남,22세,중상
2017021500100465,2017년 2월 15일 20시,수요일,충청남도 천안시 서북구 백석동,경상사고,0,0,2,0,차대차 - 추돌,안전운전불이행,건조,맑음,단일로 - 기타,승용,여,30세,상해없음,승용,남,24세,경상
2017021500100492,2017년 2월 15일 21시,수요일,충청남도 아산시 모종동,중상사고,0,1,2,0,차대차 - 추돌,안전운전불이행,건조,맑음,단일로 - 기타,승용,여,39세,상해없음,승합,남,54세,중상
2017021500100493,2017년 2월 15일 21시,수요일,충청남도 아산시 배방읍,경상사고,0,0,2,0,차대차 - 추돌,안전운전불이행,건조,맑음,단일로 - 기타,승용,남,38세,상해없음,승용,남,43세,경상
2017021600100039,2017년 2월 16일 01시,목요일,충청남도 천안시 서북구 쌍용동,경상사고,0,0,1,0,차대사람 - 횡단중,안전운전불이행,건조,맑음,단일로 - 기타,승용,남,60세,상해없음,보행자,여,23세,경상
2017021600100153,2017년 2월 16일 09시,목요일,충청남도 아산시 온천동,경상사고,0,0,1,0,차대차 - 추돌,안전운전불이행,건조,맑음,교차로 - 교차로부근,화물,남,57세,상해없음,이륜,남,57세,경상
2017021600100154,2017년 2월 16일 09시,목요일,충청남도 당진시 시곡리,경상사고,0,0,1,0,차대차 - 정면충돌,직진우회전진행방해,건조,맑음,교차로 - 교차로안,승용,남,54세,상해없음,승용,여,52세,경상
2017021600100227,2017년 2월 16일 12시,목요일,충청남도 아산시 음봉면,중상사고,0,1,0,0,차대차 - 측면충돌,기타,건조,맑음,교차로 - 교차로안,이륜,남,50세,중상,승용,여,40세,상해없음
2017021600100242,2017년 2월 16일 13시,목요일,충청남도 당진시 송악읍,중상사고,0,1,0,0,차대사람 - 횡단중,과속,건조,맑음,단일로 - 기타,승용,여,67세,상해없음,보행자,남,17세,중상
2017021600100273,2017년 2월 16일 14시,목요일,충청남도 당진시 합덕읍,중상사고,0,1,0,0,차대차 - 측면충돌,직진우회전진행방해,건조,맑음,교차로 - 교차로안,화물,남,48세,상해없음,승용,여,66세,중상
2017021600100300,2017년 2월 16일 15시,목요일,충청남도 천안시 서북구 쌍용동,경상사고,0,0,1,0,차대차 - 기타,안전운전불이행,건조,맑음,교차로 - 교차로부근,승용,남,24세,상해없음,승용,남,32세,경상
2017021600100301,2017년 2월 16일 15시,목요일,충청남도 보령시 명천동,경상사고,0,0,1,0,차대사람 - 차도통행중,안전운전불이행,건조,맑음,교차로 - 교차로부근,승용,여,42세,상해없음,보행자,남,11세,경상
2017021600100302,2017년 2월 16일 15시,목요일,충청남도 당진시 채운동,중상사고,0,1,0,0,차대차 - 측면충돌,차로위반,건조,맑음,단일로 - 기타,승용,남,40세,상해없음,이륜,남,64세,중상
2017021600100323,2017년 2월 16일 16시,목요일,충청남도 천안시 서북구 성정동,경상사고,0,0,1,0,차대차 - 기타,안전운전불이행,건조,맑음,교차로 - 교차로안,자전거,여,66세,경상,승합,남,53세,상해없음
2017021600100395,2017년 2월 16일 18시,목요일,충청남도 천안시 동남구 봉명동,경상사고,0,0,1,0,차대차 - 측면충돌,안전운전불이행,건조,맑음,교차로 - 교차로부근,승용,여,41세,상해없음,이륜,남,25세,경상
2017021600100396,2017년 2월 16일 18시,목요일,충청남도 천안시 서북구 백석동,중상사고,0,1,0,0,차대차 - 측면충돌,안전운전불이행,건조,맑음,교차로 - 교차로부근,승용,남,57세,상해없음,이륜,남,48세,중상
2017021600100397,2017년 2월 16일 18시,목요일,충청남도 홍성군 홍성읍,경상사고,0,0,3,0,차대차 - 추돌,안전운전불이행,건조,맑음,교차로 - 교차로부근,승용,남,34세,상해없음,승용,여,46세,경상
2017021600100398,2017년 2월 16일 18시,목요일,충청남도 홍성군 은하면,중상사고,0,2,0,0,차대차 - 정면충돌,중앙선침범,건조,흐림,단일로 - 기타,화물,남,64세,중상,화물,남,49세,중상
2017021600100399,2017년 2월 16일 18시,목요일,충청남도 공주시 우성면,사망사고,2,0,1,0,차대사람 - 횡단중,신호위반,젖음/습기,비,교차로 - 교차로횡단보도내,승용,남,39세,경상,보행자,남,81세,사망
2017021600100430,2017년 2월 16일 19시,목요일,충청남도 아산시 용화동,경상사고,0,0,1,0,차대사람 - 횡단중,안전운전불이행,건조,맑음,단일로 - 기타,화물,남,27세,상해없음,보행자,여,23세,경상
2017021600100471,2017년 2월 16일 20시,목요일,충청남도 천안시 동남구 목천읍,중상사고,0,2,2,0,차대차 - 추돌,안전운전불이행,젖음/습기,비,단일로 - 기타,승용,남,36세,중상,승용,남,42세,경상
2017021600100536,2017년 2월 16일 22시,목요일,충청남도 서산시 동문동,중상사고,0,1,0,0,차대사람 - 기타,안전운전불이행,젖음/습기,흐림,교차로 - 교차로안,승용,여,47세,상해없음,보행자,남,29세,중상
2017021600100570,2017년 2월 16일 23시,목요일,충청남도 아산시 배방읍,경상사고,0,0,1,0,차대사람 - 길가장자리구역통행중,안전운전불이행,젖음/습기,비,교차로 - 교차로부근,승용,남,35세,상해없음,보행자,남,15세,경상
2017021700100033,2017년 2월 17일 00시,금요일,충청남도 천안시 서북구 쌍용동,경상사고,0,0,1,0,차대차 - 후진중충돌,안전운전불이행,건조,맑음,단일로 - 기타,승용,남,27세,상해없음,승용,남,57세,경상
2017021700100060,2017년 2월 17일 01시,금요일,충청남도 천안시 서북구 백석동,경상사고,0,0,3,0,차대차 - 측면충돌,신호위반,젖음/습기,비,교차로 - 교차로안,승용,남,27세,상해없음,승용,남,23세,경상
2017021700100061,2017년 2월 17일 01시,금요일,충청남도 예산군 광시면,사망사고,1,0,0,0,차량단독 - 전도전복 - 전도,안전운전불이행,젖음/습기,비,단일로 - 기타,승용,남,22세,사망,,,,