사고번호,사고일시,요일,시군구,사고내용,사망자수,중상자수,경상자수,부상신고자수,사고유형,법규위반,노면상태,기상상태,도로형태,가해운전자 차종,가해운전자 성별,가해운전자 연령,가해운전자 상해정도,피해운전자 차종,피해운전자 성별,피해운전자 연령,피해운전자 상해정도
2017021700100116,2017년 2월 17일 06시,금요일,충청남도 천안시 서북구 불당동,경상사고,0,0,2,0,차대차 - 기타,중앙선침범,젖음/습기,비,단일로 - 기타,승용,남,51세,상해없음,승용,여,59세,경상
2017021700100135,2017년 2월 17일 07시,금요일,충청남도 천안시 서북구 불당동,중상사고,0,1,1,0,차대차 - 측면충돌,신호위반,건조,맑음,교차로 - 교차로안,승용,남,57세,상해없음,승용,남,45세,경상
2017021700100136,2017년 2월 17일 07시,금요일,충청남도 아산시 신창면,경상사고,0,0,1,0,차대차 - 정면충돌,중앙선침범,건조,맑음,단일로 - 기타,승용,남,28세,상해없음,승용,남,28세,경상
2017021700100137,2017년 2월 17일 07시,금요일,충청남도 당진시 수청리,경상사고,0,0,1,0,차대차 - 정면충돌,과속,건조,맑음,단일로 - 기타,승용,남,46세,상해없음,건설기계,남,49세,경상
2017021700100157,2017년 2월 17일 08시,금요일,충청남도 아산시 배방읍,경상사고,0,0,1,0,차대차 - 추돌,안전운전불이행,건조,맑음,교차로 - 교차로부근,승용,남,59세,상해없음,승용,남,53세,경상
2017021700100180,2017년 2월 17일 09시,금요일,충청남도 공주시 중동,부상신고사고,0,0,0,1,차대사람 - 횡단중,안전운전불이행,건조,맑음,단일로 - 기타,승합,남,51세,상해없음,보행자,여,84세,부상신고
2017021700100207,2017년 2월 17일 10시,금요일,충청남도 금산군 금산읍,경상사고,0,0,2,0,차대차 - 정면충돌,안전운전불이행,젖음/습기,맑음,교차로 - 교차로부근,승용,남,74세,경상,화물,남,56세,경상
2017021700100226,2017년 2월 17일 11시,금요일,충청남도 천안시 서북구 성성동,경상사고,0,0,1,0,차대차 - 기타,안전운전불이행,건조,맑음,교차로 - 교차로부근,승용,여,45세,기타불명,승용,여,44세,경상
2017021700100227,2017년 2월 17일 11시,금요일,충청남도 청양군 청양읍,중상사고,0,1,0,0,차대사람 - 횡단중,안전운전불이행,건조,맑음,단일로 - 기타,승용,여,46세,상해없음,보행자,남,87세,중상
2017021700100259,2017년 2월 17일 12시,금요일,충청남도 홍성군 홍성읍,경상사고,0,0,1,0,차대차 - 추돌,안전거리미확보,건조,맑음,교차로 - 교차로부근,승용,남,78세,상해없음,승용,남,56세,경상
2017021700100283,2017년 2월 17일 13시,금요일,충청남도 천안시 서북구 성정동,경상사고,0,0,1,0,차대차 - 기타,신호위반,건조,맑음,교차로 - 교차로안,승용,남,63세,상해없음,승용,남,32세,경상
2017021700100307,2017년 2월 17일 14시,금요일,충청남도 아산시 음봉면,중상사고,0,1,1,0,차대차 - 측면충돌,안전운전불이행,건조,맑음,교차로 - 교차로안,승용,남,47세,상해없음,승용,남,53세,중상
2017021700100339,2017년 2월 17일 15시,금요일,충청남도 논산시 지산동,중상사고,0,2,0,0,차대차 - 측면충돌,신호위반,건조,맑음,교차로 - 교차로안,승용,남,72세,상해없음,화물,남,73세,중상
2017021700100455,2017년 2월 17일 18시,금요일,충청남도 서산시 읍내동,경상사고,0,0,1,0,차대차 - 측면충돌,안전운전불이행,젖음/습기,맑음,교차로 - 교차로안,승용,여,35세,상해없음,승용,여,46세,경상
2017021700100456,2017년 2월 17일 18시,금요일,충청남도 천안시 동남구 청수동,부상신고사고,0,0,0,1,차대차 - 정면충돌,안전거리미확보,건조,맑음,교차로 - 교차로안,승용,남,51세,상해없음,승용,여,56세,부상신고
2017021700100503,2017년 2월 17일 19시,금요일,충청남도 당진시 석문면,사망사고,1,1,0,0,차대차 - 측면충돌,중앙선침범,건조,맑음,단일로 - 기타,화물,남,56세,사망,승용,남,35세,중상
2017021700100536,2017년 2월 17일 20시,금요일,충청남도 천안시 서북구 백석동,경상사고,0,0,1,0,차대차 - 기타,차로위반,건조,맑음,단일로 - 기타,승용,남,54세,상해없음,승용,남,29세,경상
2017021700100537,2017년 2월 17일 20시,금요일,충청남도 천안시 동남구 목천읍,경상사고,0,0,1,0,차대차 - 측면충돌,안전운전불이행,건조,맑음,단일로 - 기타,승용,여,40세,상해없음,승용,여,20세,경상
2017021700100562,2017년 2월 17일 21시,금요일,충청남도 천안시 동남구 신방동,중상사고,0,1,1,0,차대차 - 정면충돌,안전운전불이행,건조,맑음,교차로 - 교차로안,승용,남,30세,상해없음,승용,여,36세,경상
2017021700100563,2017년 2월 17일 21시,금요일,충청남도 천안시 동남구 신방동,중상사고,0,1,0,0,차대차 - 추돌,안전운전불이행,건조,맑음,교차로 - 교차로부근,승용,남,56세,상해없음,승용,남,41세,중상
2017021700100595,2017년 2월 17일 22시,금요일,충청남도 천안시 서북구 쌍용동,경상사고,0,0,1,0,차대차 - 기타,신호위반,건조,맑음,교차로 - 교차로안,승용,남,47세,상해없음,승용,여,60세,경상
2017021800100026,2017년 2월 18일 00시,토요일,충청남도 홍성군 홍북읍,경상사고,0,0,1,0,차대차 - 측면충돌,신호위반,건조,맑음,교차로 - 교차로안,승용,남,29세,상해없음,승용,여,49세,경상
2017021800100027,2017년 2월 18일 00시,토요일,충청남도 천안시 동남구 안서동,경상사고,0,0,1,0,차대차 - 정면충돌,안전운전불이행,건조,맑음,교차로 - 교차로부근,승용,남,42세,상해없음,화물,남,25세,경상
2017021800100053,2017년 2월 18일 01시,토요일,충청남도 서산시 석림동,경상사고,0,0,1,0,차대차 - 측면충돌,직진우회전진행방해,건조,맑음,교차로 - 교차로안,승용,남,63세,상해없음,승용,남,27세,경상
2017021800100054,2017년 2월 18일 01시,토요일,충청남도 아산시 배방읍,사망사고,1,2,0,0,차대차 - 추돌,기타,건조,맑음,단일로 - 기타,승용,남,46세,상해없음,승용,기타불명,미분류,기타불명
2017021800100115,2017년 2월 18일 06시,토요일,충청남도 서천군 서천읍,중상사고,0,1,0,0,차대차 - 측면충돌,신호위반,건조,맑음,교차로 - 교차로안,승용,남,66세,상해없음,승용,여,57세,중상
2017021800100140,2017년 2월 18일 08시,토요일,충청남도 서산시 석남동,경상사고,0,0,2,0,차대차 - 측면충돌,안전운전불이행,건조,맑음,교차로 - 교차로안,승용,남,52세,상해없음,승용,남,30세,경상
2017021800100141,2017년 2월 18일 08시,토요일,충청남도 서천군 서천읍,경상사고,0,0,1,0,차대차 - 측면충돌,안전운전불이행,건조,맑음,교차로 - 교차로안,화물,남,63세,상해없음,이륜,남,74세,경상
2017021800100166,2017년 2월 18일 09시,토요일,충청남도 천안시 서북구 두정동,중상사고,0,1,0,0,차대사람 - 횡단중,보행자보호의무위반,건조,맑음,교차로 - 교차로횡단보도내,승용,남,64세,상해없음,보행자,남,56세,중상
2017021800100167,2017년 2월 18일 09시,토요일,충청남도 홍성군 홍성읍,경상사고,0,0,1,0,차대차 - 정면충돌,중앙선침범,건조,맑음,교차로 - 교차로안,승용,남,56세,기타불명,승용,남,27세,경상
2017021800100168,2017년 2월 18일 09시,토요일,충청남도 당진시 합덕읍,중상사고,0,1,0,0,차대사람 - 횡단중,안전운전불이행,건조,맑음,교차로 - 교차로부근,승용,남,43세,상해없음,보행자,여,73세,중상
2017021800100196,2017년 2월 18일 10시,토요일,충청남도 천안시 서북구 백석동,경상사고,0,0,1,0,차대차 - 추돌,안전운전불이행,건조,맑음,교차로 - 교차로부근,승합,남,48세,상해없음,승용,남,57세,경상
2017021800100197,2017년 2월 18일 10시,토요일,충청남도 홍성군 홍성읍,중상사고,0,1,1,0,차대차 - 정면충돌,중앙선침범,건조,맑음,단일로 - 기타,승용,남,69세,중상,승용,남,64세,경상
2017021800100198,2017년 2월 18일 10시,토요일,충청남도 금산군 금산읍,중상사고,0,2,0,0,차대차 - 측면충돌,신호위반,건조,맑음,교차로 - 교차로안,화물,남,69세,중상,승용,남,42세,중상
2017021800100224,2017년 2월 18일 11시,토요일,충청남도 논산시 가야곡면,중상사고,0,4,0,0,차대차 - 정면충돌,안전운전불이행,건조,맑음,단일로 - 기타,승용,여,56세,상해없음,화물,남,74세,상해없음
2017021800100225,2017년 2월 18일 11시,토요일,충청남도 공주시 금성동,중상사고,0,1,0,0,차대차 - 측면충돌,안전운전불이행,건조,맑음,교차로 - 교차로안,승용,남,50세,상해없음,이륜,남,31세,중상
2017021800100259,2017년 2월 18일 12시,토요일,충청남도 천안시 서북구 직산읍,경상사고,0,0,2,0,차대차 - 추돌,안전운전불이행,건조,맑음,교차로 - 교차로안,승용,남,38세,상해없음,승용,남,30세,경상
2017021800100260,2017년 2월 18일 12시,토요일,충청남도 보령시 주교면,사망사고,1,1,1,0,차대차 - 측면충돌,직진우회전진행방해,건조,맑음,교차로 - 교차로안,승용,남,48세,중상,특수,남,37세,경상
2017021800100289,2017년 2월 18일 13시,토요일,충청남도 태안군 태안읍,경상사고,0,0,1,0,차대사람 - 횡단중,안전운전불이행,건조,맑음,교차로 - 교차로부근,승용,남,44세,상해없음,보행자,여,81세,경상
2017021800100290,2017년 2월 18일 13시,토요일,충청남도 당진시 면천면,중상사고,0,1,1,0,차대차 - 정면충돌,중앙선침범,건조,맑음,단일로 - 기타,승용,여,50세,상해없음,화물,남,64세,경상
2017021800100315,2017년 2월 18일 14시,토요일,충청남도 아산시 염치읍,경상사고,0,0,1,0,차대차 - 측면충돌,안전운전불이행,건조,맑음,기타 - 기타,승용,남,18세,상해없음,승용,남,35세,경상
2017021800100316,2017년 2월 18일 14시,토요일,충청남도 아산시 배방읍,경상사고,0,0,1,0,차대차 - 추돌,안전운전불이행,건조,맑음,교차로 - 교차로부근,승용,여,23세,상해없음,승용,여,32세,경상
2017021800100320,2017년 2월 18일 14시,토요일,충청남도 보령시 주산면,중상사고,0,2,3,0,차대차 - 추돌,안전거리미확보,건조,맑음,단일로 - 터널,승용,남,39세,상해없음,승용,남,67세,경상
2017021800100352,2017년 2월 18일 15시,토요일,충청남도 계룡시 금암동,사망사고,1,0,0,0,차대차 - 정면충돌,안전운전불이행,건조,맑음,교차로 - 교차로안,승용,여,43세,상해없음,이륜,남,58세,사망
2017021800100353,2017년 2월 18일 15시,토요일,충청남도 천안시 동남구 광덕면,경상사고,0,0,5,0,차대차 - 추돌,안전운전불이행,건조,맑음,단일로 - 기타,승용,여,53세,경상,승용,남,48세,경상
2017021800100408,2017년 2월 18일 17시,토요일,충청남도 태안군 태안읍,중상사고,0,3,0,0,차대차 - 측면충돌,신호위반,건조,맑음,교차로 - 교차로안,승용,남,28세,중상,승용,남,56세,중상
2017021800100409,2017년 2월 18일 17시,토요일,충청남도 논산시 연무읍,중상사고,0,2,2,1,차대차 - 정면충돌,안전운전불이행,건조,맑음,교차로 - 교차로안,화물,남,75세,부상신고,승용,여,45세,중상
2017021800100410,2017년 2월 18일 17시,토요일,충청남도 아산시 탕정면,중상사고,0,1,0,0,차대차 - 정면충돌,중앙선침범,건조,맑음,미분류 - 미분류,승용,남,67세,상해없음,승용,남,32세,중상
2017021800100470,2017년 2월 18일 19시,토요일,충청남도 서산시 대산읍,중상사고,0,2,1,0,차대차 - 측면충돌,중앙선침범,건조,맑음,단일로 - 기타,승용,여,57세,경상,승용,남,41세,중상
2017021800100471,2017년 2월 18일 19시,토요일,충청남도 천안시 서북구 두정동,경상사고,0,0,1,0,차대차 - 측면충돌,안전운전불이행,건조,맑음,단일로 - 기타,원동기,남,45세,경상,승용,남,28세,상해없음
2017021800100472,2017년 2월 18일 19시,토요일,충청남도 공주시 신관동,경상사고,0,0,1,0,차대사람 - 횡단중,안전운전불이행,건조,맑음,단일로 - 기타,승용,여,26세,상해없음,보행자,남,25세,경상
2017021800100507,2017년 2월 18일 20시,토요일,충청남도 당진시 대덕리,중상사고,0,1,0,0,차량단독 - 전도전복,안전운전불이행,건조,맑음,교차로 - 교차로안,승용,남,30세,상해없음,미분류,미분류,미분류,미분류
2017021800100526,2017년 2월 18일 21시,토요일,충청남도 천안시 서북구 백석동,중상사고,0,1,5,0,차대차 - 기타,안전운전불이행,건조,맑음,단일로 - 기타,승용,남,48세,중상,승용,여,29세,경상
2017021800100527,2017년 2월 18일 21시,토요일,충청남도 당진시 읍내리,경상사고,0,0,1,0,차대차 - 정면충돌,신호위반,건조,맑음,단일로 - 기타,승용,남,45세,상해없음,승용,남,50세,경상
2017021800100547,2017년 2월 18일 22시,토요일,충청남도 보령시 동대동,중상사고,0,1,1,0,차대차 - 추돌,안전운전불이행,건조,맑음,교차로 - 교차로부근,승용,남,48세,상해없음,승용,남,52세,중상
2017021800100571,2017년 2월 18일 23시,토요일,충청남도 아산시 배방읍,중상사고,0,1,1,0,차대차 - 정면충돌,중앙선침범,건조,맑음,미분류 - 미분류,승용,남,34세,상해없음,승용,남,55세,경상
2017021900100017,2017년 2월 19일 00시,일요일,충청남도 서산시 읍내동,경상사고,0,0,1,0,차대차 - 측면충돌,안전운전불이행,건조,맑음,교차로 - 교차로안,승용,남,30세,상해없음,승용,여,27세,경상
2017021900100085,2017년 2월 19일 05시,일요일,충청남도 서산시 읍내동,중상사고,0,2,1,0,차대차 - 측면충돌,안전운전불이행,건조,맑음,교차로 - 교차로안,승용,남,28세,상해없음,승용,남,34세,경상
2017021900100086,2017년 2월 19일 05시,일요일,충청남도 천안시 서북구 성정동,중상사고,0,3,4,0,차대차 - 측면충돌,신호위반,건조,맑음,교차로 - 교차로안,승용,남,48세,중상,승용,남,25세,경상
2017021900100106,2017년 2월 19일 07시,일요일,충청남도 서산시 동문동,중상사고,0,1,0,0,차대사람 - 횡단중,신호위반,건조,맑음,교차로 - 교차로안,승용,남,62세,상해없음,보행자,남,71세,중상
2017021900100115,2017년 2월 19일 08시,일요일,충청남도 당진시 신평면,경상사고,0,0,1,0,차대차 - 정면충돌,안전운전불이행,건조,맑음,단일로 - 기타,승용,남,28세,상해없음,승용,남,52세,경상
2017021900100116,2017년 2월 19일 08시,일요일,충청남도 천안시 동남구 수신면,중상사고,0,1,1,0,차대차 - 기타,안전운전불이행,건조,맑음,단일로 - 기타,승용,남,59세,상해없음,승용,남,45세,경상
2017021900100128,2017년 2월 19일 09시,일요일,충청남도 아산시 모종동,경상사고,0,0,1,0,차대사람 - 횡단중,안전운전불이행,건조,맑음,단일로 - 기타,승용,남,34세,상해없음,보행자,여,49세,경상
2017021900100213,2017년 2월 19일 14시,일요일,충청남도 천안시 서북구 성정동,경상사고,0,0,1,0,차대사람 - 횡단중,안전운전불이행,건조,맑음,단일로 - 기타,승용,여,53세,상해없음,보행자,남,44세,경상
2017021900100228,2017년 2월 19일 15시,일요일,충청남도 천안시 서북구 성정동,경상사고,0,0,1,0,차대차 - 추돌,안전운전불이행,건조,맑음,단일로 - 기타,승용,여,29세,상해없음,승용,남,60세,경상
2017021900100229,2017년 2월 19일 15시,일요일,충청남도 천안시 동남구 청당동,경상사고,0,0,4,0,차대차 - 추돌,안전거리미확보,건조,맑음,단일로 - 지하차도(도로)내,승용,남,31세,경상,승용,남,44세,경상
2017021900100304,2017년 2월 19일 18시,일요일,충청남도 서산시 동문동,경상사고,0,0,1,0,차대사람 - 횡단중,보행자보호의무위반,젖음/습기,비,교차로 - 교차로안,화물,남,57세,상해없음,보행자,남,28세,경상
2017021900100305,2017년 2월 19일 18시,일요일,충청남도 논산시 내동,중상사고,0,1,3,0,차대차 - 정면충돌,교차로운행방법위반,젖음/습기,비,교차로 - 교차로부근,승용,남,29세,상해없음,승용,남,34세,중상
2017021900100334,2017년 2월 19일 19시,일요일,충청남도 서산시 석림동,경상사고,0,0,1,0,차대차 - 기타,안전운전불이행,젖음/습기,비,교차로 - 교차로부근,승용,남,60세,상해없음,승용,남,27세,경상
2017021900100335,2017년 2월 19일 19시,일요일,충청남도 논산시 연산면,경상사고,0,0,1,0,차대차 - 추돌,안전운전불이행,젖음/습기,비,단일로 - 기타,승용,남,63세,상해없음,이륜,남,57세,경상
2017021900100336,2017년 2월 19일 19시,일요일,충청남도 아산시 배미동,경상사고,0,0,2,0,차대차 - 정면충돌,중앙선침범,젖음/습기,비,단일로 - 기타,승용,남,42세,상해없음,승용,남,37세,경상
2017021900100365,2017년 2월 19일 20시,일요일,충청남도 천안시 서북구 직산읍,중상사고,0,1,1,0,차대차 - 추돌,안전운전불이행,젖음/습기,비,교차로 - 교차로부근,승용,남,52세,상해없음,화물,여,53세,경상
2017021900100393,2017년 2월 19일 21시,일요일,충청남도 서산시 읍내동,중상사고,0,1,1,0,차대차 - 측면충돌,신호위반,건조,맑음,교차로 - 교차로안,승용,남,34세,상해없음,승용,남,46세,경상
2017021900100426,2017년 2월 19일 22시,일요일,충청남도 홍성군 홍성읍,경상사고,0,0,2,0,차대차 - 추돌,안전운전불이행,젖음/습기,비,단일로 - 기타,승용,남,57세,상해없음,승용,여,33세,경상
2017021900100442,2017년 2월 19일 23시,일요일,충청남도 천안시 서북구 쌍용동,경상사고,0,0,1,0,차대차 - 기타,중앙선침범,젖음/습기,비,단일로 - 기타,승용,남,48세,상해없음,원동기,남,32세,경상
2017022000100079,2017년 2월 20일 07시,월요일,충청남도 논산시 채운면,경상사고,0,0,1,0,차대차 - 측면충돌,신호위반,건조,맑음,교차로 - 교차로안,승용,남,42세,상해없음,승용,남,57세,경상
2017022000100129,2017년 2월 20일 09시,월요일,충청남도 천안시 서북구 두정동,경상사고,0,0,1,0,차대차 - 측면충돌,신호위반,건조,맑음,교차로 - 교차로안,승용,여,54세,상해없음,화물,남,57세,경상
2017022000100154,2017년 2월 20일 10시,월요일,충청남도 청양군 대치면,중상사고,0,1,1,0,차대차 - 정면충돌,중앙선침범,건조,맑음,단일로 - 기타,승용,남,55세,상해없음,승용,남,43세,경상
2017022000100155,2017년 2월 20일 10시,월요일,충청남도 천안시 동남구 원성동,부상신고사고,0,0,0,1,차대차 - 측면충돌,신호위반,건조,맑음,교차로 - 교차로안,이륜,남,88세,부상신고,승용,남,51세,상해없음
2017022000100187,2017년 2월 20일 11시,월요일,충청남도 서산시 고북면,중상사고,0,1,0,0,차대사람 - 횡단중,안전운전불이행,건조,맑음,단일로 - 기타,승합,남,39세,상해없음,보행자,남,78세,중상
2017022000100210,2017년 2월 20일 12시,월요일,충청남도 홍성군 구항면,경상사고,0,0,2,0,차대차 - 측면충돌,신호위반,건조,맑음,교차로 - 교차로안,화물,남,33세,경상,승용,여,43세,경상
2017022000100211,2017년 2월 20일 12시,월요일,충청남도 청양군 대치면,경상사고,0,0,2,0,차대차 - 추돌,안전운전불이행,건조,맑음,교차로 - 교차로부근,승용,여,46세,상해없음,승용,남,50세,경상
2017022000100234,2017년 2월 20일 13시,월요일,충청남도 천안시 동남구 신부동,경상사고,0,0,3,0,차대차 - 측면충돌,안전거리미확보,건조,맑음,교차로 - 교차로부근,승용,남,35세,상해없음,승용,남,30세,경상
2017022000100289,2017년 2월 20일 15시,월요일,충청남도 예산군 광시면,경상사고,0,0,1,0,차대차 - 추돌,안전거리미확보,건조,맑음,교차로 - 교차로안,화물,남,75세,상해없음,승용,남,55세,경상
2017022000100330,2017년 2월 20일 16시,월요일,충청남도 부여군 부여읍,중상사고,0,1,1,0,차대차 - 측면충돌,신호위반,건조,맑음,교차로 - 교차로안,화물,남,75세,상해없음,화물,남,52세,경상
2017022000100384,2017년 2월 20일 18시,월요일,충청남도 아산시 둔포면,중상사고,0,1,0,0,차대사람 - 길가장자리구역통행중,안전운전불이행,건조,맑음,주차장 - 주차장,승용,남,50세,기타불명,보행자,여,56세,중상
2017022000100385,2017년 2월 20일 18시,월요일,충청남도 천안시 동남구 병천면,중상사고,0,1,0,0,차대차 - 측면충돌,직진우회전진행방해,건조,맑음,교차로 - 교차로안,승용,남,54세,상해없음,승용,여,56세,중상
2017022000100426,2017년 2월 20일 19시,월요일,충청남도 천안시 서북구 직산읍,경상사고,0,0,1,0,차대차 - 측면충돌,안전운전불이행,건조,맑음,교차로 - 교차로안,화물,남,46세,상해없음,승용,남,47세,경상
2017022000100462,2017년 2월 20일 20시,월요일,충청남도 천안시 서북구 백석동,경상사고,0,0,1,0,차대차 - 측면충돌,안전거리미확보,건조,맑음,단일로 - 기타,승용,남,48세,상해없음,승용,여,47세,경상
2017022000100463,2017년 2월 20일 20시,월요일,충청남도 당진시 송산면,중상사고,0,1,0,0,차대사람 - 차도통행중,안전운전불이행,건조,맑음,단일로 - 기타,승용,남,58세,상해없음,보행자,남,48세,중상
2017022000100490,2017년 2월 20일 21시,월요일,충청남도 홍성군 홍북읍,사망사고,1,3,0,0,차대차 - 측면충돌,중앙선침범,건조,맑음,단일로 - 기타,승용,남,44세,중상,승용,남,69세,사망
2017022100100027,2017년 2월 21일 00시,화요일,충청남도 천안시 서북구 쌍용동,경상사고,0,0,1,0,차대차 - 기타,안전운전불이행,건조,맑음,단일로 - 기타,기타불명,기타불명,미분류,기타불명,승용,여,46세,경상
2017022100100028,2017년 2월 21일 00시,화요일,충청남도 천안시 서북구 성환읍,중상사고,0,1,0,0,차대차 - 정면충돌,중앙선침범,건조,맑음,단일로 - 기타,기타불명,기타불명,미분류,기타불명,승용,남,40세,중상
2017022100100058,2017년 2월 21일 04시,화요일,충청남도 아산시 탕정면,사망사고,1,0,0,0,차대차 - 추돌,안전운전불이행,건조,맑음,단일로 - 기타,승용,남,37세,사망,승합,남,59세,상해없음
2017022100100097,2017년 2월 21일 07시,화요일,충청남도 천안시 서북구 쌍용동,경상사고,0,0,1,0,차대차 - 추돌,안전운전불이행,건조,맑음,단일로 - 기타,승용,남,47세,상해없음,승용,남,29세,경상
2017022100100121,2017년 2월 21일 08시,화요일,충청남도 논산시 취암동,중상사고,0,1,0,0,차대사람 - 횡단중,보행자보호의무위반,건조,맑음,교차로 - 교차로횡단보도내,승용,남,72세,상해없음,보행자,여,60세,중상
2017022100100142,2017년 2월 21일 09시,화요일,충청남도 서산시 성연면,부상신고사고,0,0,0,1,차대차 - 측면충돌,신호위반,건조,맑음,교차로 - 교차로안,승용,여,44세,부상신고,승용,남,55세,상해없음
2017022100100167,2017년 2월 21일 10시,화요일,충청남도 천안시 서북구 성정동,경상사고,0,0,1,0,차대차 - 측면충돌,안전운전불이행,건조,맑음,단일로 - 기타,승용,여,34세,상해없음,승용,남,65세,경상
2017022100100168,2017년 2월 21일 10시,화요일,충청남도 청양군 청양읍,경상사고,0,0,1,0,차대차 - 측면충돌,직진우회전진행방해,건조,맑음,교차로 - 교차로안,승용,남,38세,상해없음,승용,남,54세,경상
2017022100100195,2017년 2월 21일 11시,화요일,충청남도 아산시 배방읍,중상사고,0,2,0,0,차대차 - 측면충돌,신호위반,건조,맑음,교차로 - 교차로안,승용,여,56세,중상,승용,남,32세,중상
2017022100100196,2017년 2월 21일 11시,화요일,충청남도 천안시 동남구 원성동,경상사고,0,0,1,0,차대사람 - 횡단중,안전운전불이행,건조,맑음,교차로 - 교차로횡단보도내,화물,남,47세,상해없음,보행자,여,80세,경상
2017022100100220,2017년 2월 21일 12시,화요일,충청남도 논산시 연무읍,경상사고,0,0,1,0,차대차 - 측면충돌,신호위반,건조,맑음,교차로 - 교차로안,승용,남,74세,상해없음,이륜,남,38세,경상
2017022100100221,2017년 2월 21일 12시,화요일,충청남도 아산시 염치읍,경상사고,0,0,3,0,차대차 - 측면충돌,안전운전불이행,건조,맑음,단일로 - 기타,승용,여,26세,경상,승용,여,49세,경상
2017022100100239,2017년 2월 21일 13시,화요일,충청남도 서산시 고북면,경상사고,0,0,2,0,차대차 - 추돌,안전거리미확보,건조,맑음,단일로 - 기타,이륜,남,18세,경상,이륜,여,67세,경상
2017022100100274,2017년 2월 21일 14시,화요일,충청남도 예산군 오가면,경상사고,0,0,4,0,차대차 - 측면충돌,신호위반,건조,맑음,교차로 - 교차로안,승합,남,61세,상해없음,승용,남,42세,경상
2017022100100275,2017년 2월 21일 14시,화요일,충청남도 천안시 동남구 신부동,경상사고,0,0,1,0,차대차 - 기타,안전운전불이행,건조,맑음,단일로 - 기타,승용,여,36세,상해없음,승용,여,30세,경상
2017022100100298,2017년 2월 21일 15시,화요일,충청남도 예산군 예산읍,경상사고,0,0,2,0,차대차 - 측면충돌,안전운전불이행,건조,맑음,교차로 - 교차로안,승용,남,76세,상해없음,승용,남,55세,경상
2017022100100328,2017년 2월 21일 16시,화요일,충청남도 아산시 둔포면,경상사고,0,0,2,0,차대차 - 정면충돌,안전운전불이행,건조,맑음,교차로 - 교차로안,승용,여,35세,경상,승용,여,53세,경상
2017022100100380,2017년 2월 21일 18시,화요일,충청남도 홍성군 구항면,경상사고,0,0,1,0,차대차 - 추돌,안전운전불이행,건조,맑음,단일로 - 기타,승합,남,42세,상해없음,화물,남,58세,경상
2017022100100381,2017년 2월 21일 18시,화요일,충청남도 아산시 탕정면,중상사고,0,1,0,0,차대차 - 측면충돌,직진우회전진행방해,건조,맑음,교차로 - 교차로안,승용,남,33세,상해없음,이륜,남,36세,중상
2017022100100382,2017년 2월 21일 18시,화요일,충청남도 당진시 석문면,경상사고,0,0,2,0,차대차 - 추돌,안전운전불이행,건조,맑음,교차로 - 교차로부근,승용,남,31세,상해없음,승용,남,39세,경상
2017022100100415,2017년 2월 21일 19시,화요일,충청남도 서산시 성연면,중상사고,0,1,0,0,차대차 - 기타,안전거리미확보,건조,맑음,교차로 - 교차로안,승용,여,64세,상해없음,승용,남,37세,중상
2017022100100416,2017년 2월 21일 19시,화요일,충청남도 당진시 읍내리,중상사고,0,1,0,0,차대차 - 측면충돌,안전거리미확보,건조,맑음,단일로 - 기타,승합,남,19세,상해없음,원동기,남,36세,중상
2017022100100461,2017년 2월 21일 21시,화요일,충청남도 아산시 둔포면,경상사고,0,0,2,0,차대차 - 정면충돌,신호위반,건조,맑음,교차로 - 교차로안,승용,남,64세,상해없음,승합,남,59세,경상
2017022100100492,2017년 2월 21일 23시,화요일,충청남도 당진시 신평면,중상사고,0,1,0,0,차량단독 - 공작물충돌,안전운전불이행,건조,맑음,단일로 - 기타,승용,여,36세,중상,,,,
2017022200100020,2017년 2월 22일 00시,수요일,충청남도 천안시 서북구 쌍용동,중상사고,0,1,2,0,차대차 - 측면충돌,신호위반,건조,맑음,교차로 - 교차로안,승용,여,49세,상해없음,승용,남,50세,경상
2017022200100021,2017년 2월 22일 00시,수요일,충청남도 아산시 모종동,부상신고사고,0,0,0,1,차대차 - 정면충돌,안전운전불이행,건조,맑음,교차로 - 교차로안,이륜,남,16세,부상신고,승용,남,33세,상해없음
2017022200100039,2017년 2월 22일 02시,수요일,충청남도 천안시 서북구 두정동,중상사고,0,1,1,0,차대차 - 측면충돌,신호위반,건조,맑음,교차로 - 교차로안,승용,여,26세,상해없음,승용,남,58세,경상
2017022200100056,2017년 2월 22일 05시,수요일,충청남도 천안시 동남구 구성동,경상사고,0,0,1,0,차대차 - 추돌,안전운전불이행,젖음/습기,흐림,단일로 - 기타,승용,남,24세,상해없음,승용,남,65세,경상
2017022200100064,2017년 2월 22일 06시,수요일,충청남도 서산시 동문동,경상사고,0,0,2,0,차대차 - 측면충돌,신호위반,건조,맑음,교차로 - 교차로안,승용,남,25세,경상,화물,남,70세,경상
2017022200100065,2017년 2월 22일 06시,수요일,충청남도 천안시 서북구 두정동,경상사고,0,0,1,0,차대차 - 후진중충돌,안전운전불이행,건조,맑음,단일로 - 기타,승용,남,24세,상해없음,승용,남,29세,경상