사고번호,사고일시,요일,시군구,사고내용,사망자수,중상자수,경상자수,부상신고자수,사고유형,법규위반,노면상태,기상상태,도로형태,가해운전자 차종,가해운전자 성별,가해운전자 연령,가해운전자 상해정도,피해운전자 차종,피해운전자 성별,피해운전자 연령,피해운전자 상해정도
2017032100100278,2017년 3월 21일 13시,화요일,충청남도 당진시 대호지면,경상사고,0,0,3,0,차대차 - 측면충돌,안전운전불이행,건조,맑음,단일로 - 기타,승용,남,36세,상해없음,화물,남,64세,경상
2017032100100309,2017년 3월 21일 14시,화요일,충청남도 당진시 채운동,중상사고,0,1,0,0,차대차 - 측면충돌,중앙선침범,건조,맑음,단일로 - 기타,승용,남,57세,상해없음,이륜,남,44세,중상
2017032100100310,2017년 3월 21일 14시,화요일,충청남도 금산군 부리면,중상사고,0,1,1,0,차대차 - 측면충돌,교차로운행방법위반,건조,맑음,교차로 - 교차로안,건설기계,남,49세,상해없음,화물,남,79세,경상
2017032100100353,2017년 3월 21일 16시,화요일,충청남도 태안군 남면,경상사고,0,0,1,0,차대차 - 추돌,안전운전불이행,건조,맑음,단일로 - 기타,화물,남,51세,상해없음,화물,남,65세,경상
2017032100100354,2017년 3월 21일 16시,화요일,충청남도 천안시 서북구 성환읍,경상사고,0,0,1,0,차대사람 - 차도통행중,안전운전불이행,건조,맑음,단일로 - 기타,화물,남,45세,상해없음,보행자,남,17세,경상
2017032100100355,2017년 3월 21일 16시,화요일,충청남도 천안시 동남구 구성동,경상사고,0,0,1,0,차대차 - 측면충돌,안전운전불이행,건조,맑음,교차로 - 교차로부근,승용,남,47세,상해없음,원동기,남,39세,경상
2017032100100424,2017년 3월 21일 18시,화요일,충청남도 천안시 서북구 쌍용동,중상사고,0,1,0,0,차대차 - 측면충돌,중앙선침범,건조,맑음,단일로 - 기타,승용,여,46세,상해없음,원동기,남,34세,중상
2017032100100456,2017년 3월 21일 19시,화요일,충청남도 서산시 성연면,중상사고,0,1,0,0,차대차 - 측면충돌,신호위반,건조,맑음,교차로 - 교차로안,화물,남,54세,상해없음,승용,남,35세,중상
2017032100100457,2017년 3월 21일 19시,화요일,충청남도 천안시 서북구 불당동,경상사고,0,0,1,0,차대차 - 추돌,과속,건조,맑음,단일로 - 기타,승용,남,26세,상해없음,승용,남,41세,경상
2017032100100458,2017년 3월 21일 19시,화요일,충청남도 예산군 덕산면,중상사고,0,1,1,0,차대차 - 추돌,안전운전불이행,건조,맑음,단일로 - 기타,화물,남,47세,경상,농기계,남,45세,중상
2017032100100489,2017년 3월 21일 20시,화요일,충청남도 서천군 시초면,사망사고,1,0,0,0,차량단독 - 전도전복,안전운전불이행,건조,맑음,단일로 - 기타,원동기,남,53세,사망,미분류,미분류,미분류,미분류
2017032100100490,2017년 3월 21일 20시,화요일,충청남도 보령시 천북면,경상사고,0,0,4,0,차대차 - 기타,기타,건조,맑음,단일로 - 기타,특수,남,65세,상해없음,승합,여,62세,경상
2017032100100519,2017년 3월 21일 21시,화요일,충청남도 서산시 석림동,중상사고,0,1,0,0,차대차 - 정면충돌,직진우회전진행방해,건조,맑음,교차로 - 교차로안,승용,여,53세,상해없음,자전거,여,55세,중상
2017032100100558,2017년 3월 21일 23시,화요일,충청남도 예산군 예산읍,경상사고,0,0,1,0,차량단독 - 공작물충돌,안전운전불이행,건조,맑음,단일로 - 기타,승용,남,41세,경상,,,,
2017032100100559,2017년 3월 21일 23시,화요일,충청남도 천안시 동남구 신방동,경상사고,0,0,3,0,차대차 - 측면충돌,신호위반,건조,맑음,교차로 - 교차로부근,승용,남,25세,상해없음,승용,남,57세,경상
2017032200100017,2017년 3월 22일 00시,수요일,충청남도 천안시 서북구 성정동,경상사고,0,0,1,0,차대차 - 측면충돌,안전운전불이행,건조,맑음,기타 - 기타,승용,남,51세,상해없음,승용,남,28세,경상
2017032200100027,2017년 3월 22일 01시,수요일,충청남도 천안시 서북구 성정동,경상사고,0,0,3,0,차대차 - 측면충돌,교차로운행방법위반,건조,맑음,교차로 - 교차로안,승용,남,22세,상해없음,승용,남,24세,상해없음
2017032200100084,2017년 3월 22일 07시,수요일,충청남도 천안시 서북구 직산읍,경상사고,0,0,1,0,차대차 - 측면충돌,신호위반,건조,맑음,교차로 - 교차로안,승용,여,46세,상해없음,승합,남,45세,상해없음
2017032200100085,2017년 3월 22일 07시,수요일,충청남도 청양군 정산면,중상사고,0,1,2,0,차대차 - 측면충돌,직진우회전진행방해,건조,맑음,교차로 - 교차로안,승용,남,47세,중상,화물,남,29세,경상
2017032200100188,2017년 3월 22일 10시,수요일,충청남도 당진시 시곡리,중상사고,0,1,0,0,차대차 - 추돌,안전거리미확보,건조,맑음,교차로 - 교차로부근,화물,남,52세,상해없음,화물,남,66세,중상
2017032200100210,2017년 3월 22일 11시,수요일,충청남도 금산군 군북면,경상사고,0,0,1,0,차대차 - 측면충돌,직진우회전진행방해,건조,맑음,교차로 - 교차로안,화물,여,57세,상해없음,화물,남,36세,경상
2017032200100235,2017년 3월 22일 12시,수요일,충청남도 서산시 지곡면,중상사고,0,1,1,0,차대차 - 추돌,안전운전불이행,건조,맑음,교차로 - 교차로부근,화물,남,41세,중상,화물,남,36세,경상
2017032200100236,2017년 3월 22일 12시,수요일,충청남도 서산시 동문동,경상사고,0,0,1,0,차대사람 - 횡단중,안전운전불이행,건조,맑음,단일로 - 기타,승용,남,77세,상해없음,보행자,여,51세,경상
2017032200100237,2017년 3월 22일 12시,수요일,충청남도 공주시 소학동,중상사고,0,1,0,0,차대차 - 측면충돌,안전운전불이행,건조,맑음,단일로 - 기타,화물,남,54세,기타불명,원동기,남,78세,중상
2017032200100260,2017년 3월 22일 13시,수요일,충청남도 서산시 예천동,경상사고,0,0,1,0,차대사람 - 횡단중,안전운전불이행,건조,맑음,교차로 - 교차로안,승용,남,32세,상해없음,보행자,여,6세,경상
2017032200100261,2017년 3월 22일 13시,수요일,충청남도 서산시 예천동,중상사고,0,1,0,0,차량단독 - 공작물충돌,안전운전불이행,건조,맑음,기타 - 기타,승용,여,36세,중상,,,,
2017032200100262,2017년 3월 22일 13시,수요일,충청남도 홍성군 홍성읍,중상사고,0,1,0,0,차대사람 - 횡단중,보행자보호의무위반,건조,맑음,단일로 - 기타,승용,남,50세,상해없음,보행자,여,83세,중상
2017032200100373,2017년 3월 22일 17시,수요일,충청남도 태안군 소원면,중상사고,0,1,1,0,차대차 - 측면충돌,직진우회전진행방해,건조,맑음,교차로 - 교차로안,승용,남,61세,상해없음,승용,남,42세,중상
2017032200100374,2017년 3월 22일 17시,수요일,충청남도 보령시 동대동,경상사고,0,0,1,0,차대사람 - 횡단중,안전운전불이행,건조,맑음,단일로 - 기타,승용,남,58세,상해없음,보행자,남,10세,경상
2017032200100412,2017년 3월 22일 18시,수요일,충청남도 서산시 동문동,부상신고사고,0,0,0,1,차대차 - 측면충돌,안전운전불이행,건조,맑음,단일로 - 기타,자전거,남,60세,부상신고,승용,남,78세,상해없음
2017032200100413,2017년 3월 22일 18시,수요일,충청남도 아산시 온천동,경상사고,0,0,1,0,차대차 - 측면충돌,안전운전불이행,건조,맑음,교차로 - 교차로안,승용,여,47세,상해없음,원동기,남,18세,경상
2017032200100414,2017년 3월 22일 18시,수요일,충청남도 공주시 금성동,경상사고,0,0,1,0,차대차 - 측면충돌,안전운전불이행,건조,맑음,단일로 - 기타,승용,여,60세,기타불명,자전거,여,21세,경상
2017032200100510,2017년 3월 22일 21시,수요일,충청남도 예산군 응봉면,중상사고,0,1,0,0,차량단독 - 공작물충돌,안전운전불이행,건조,맑음,교차로 - 교차로부근,승용,남,59세,중상,,,,
2017032200100539,2017년 3월 22일 22시,수요일,충청남도 아산시 배방읍,경상사고,0,0,1,0,차대차 - 정면충돌,신호위반,건조,맑음,교차로 - 교차로안,승용,여,30세,상해없음,화물,남,37세,경상
2017032200100566,2017년 3월 22일 23시,수요일,충청남도 홍성군 홍성읍,경상사고,0,0,2,0,차대차 - 측면충돌,교차로운행방법위반,건조,맑음,교차로 - 교차로안,승용,여,46세,상해없음,승용,여,27세,경상
2017032200100567,2017년 3월 22일 23시,수요일,충청남도 당진시 대덕리,경상사고,0,0,1,0,차대차 - 정면충돌,중앙선침범,건조,맑음,단일로 - 기타,승용,남,50세,상해없음,승용,남,24세,경상
2017032200100568,2017년 3월 22일 23시,수요일,충청남도 천안시 동남구 구성동,경상사고,0,0,3,0,차대차 - 추돌,안전운전불이행,건조,맑음,단일로 - 기타,승용,남,63세,상해없음,화물,남,60세,경상
2017032300100023,2017년 3월 23일 00시,목요일,충청남도 아산시 온천동,경상사고,0,0,1,0,차대차 - 측면충돌,신호위반,건조,맑음,교차로 - 교차로안,승용,남,24세,상해없음,승용,남,34세,경상
2017032300100024,2017년 3월 23일 00시,목요일,충청남도 아산시 배방읍,부상신고사고,0,0,0,1,차대사람 - 차도통행중,안전운전불이행,건조,맑음,단일로 - 기타,승용,여,32세,상해없음,보행자,남,36세,부상신고
2017032300100080,2017년 3월 23일 06시,목요일,충청남도 금산군 금산읍,중상사고,0,1,1,0,차대차 - 측면충돌,신호위반,건조,맑음,교차로 - 교차로안,승용,여,67세,상해없음,화물,여,65세,중상
2017032300100121,2017년 3월 23일 08시,목요일,충청남도 천안시 서북구 두정동,경상사고,0,0,2,0,차대차 - 추돌,안전운전불이행,건조,맑음,단일로 - 기타,기타불명,기타불명,미분류,기타불명,승용,여,32세,경상
2017032300100122,2017년 3월 23일 08시,목요일,충청남도 금산군 제원면,경상사고,0,0,1,0,차대차 - 측면충돌,안전운전불이행,건조,맑음,교차로 - 교차로안,승용,여,30세,상해없음,자전거,여,45세,경상
2017032300100170,2017년 3월 23일 10시,목요일,충청남도 천안시 서북구 두정동,중상사고,0,1,1,0,차대차 - 기타,교차로운행방법위반,건조,맑음,교차로 - 교차로안,승용,여,49세,경상,원동기,남,23세,중상
2017032300100205,2017년 3월 23일 11시,목요일,충청남도 천안시 서북구 불당동,중상사고,0,1,0,0,차대차 - 측면충돌,신호위반,건조,맑음,교차로 - 교차로안,승용,남,23세,상해없음,승용,남,55세,중상
2017032300100206,2017년 3월 23일 11시,목요일,충청남도 논산시 연무읍,중상사고,0,1,1,0,차대차 - 측면충돌,안전운전불이행,건조,맑음,교차로 - 교차로부근,화물,남,61세,상해없음,승용,남,49세,중상
2017032300100244,2017년 3월 23일 13시,목요일,충청남도 서산시 성연면,사망사고,1,0,0,0,차대차 - 측면충돌,안전운전불이행,건조,맑음,단일로 - 기타,이륜,남,65세,사망,승용,남,27세,상해없음
2017032300100245,2017년 3월 23일 13시,목요일,충청남도 당진시 면천면,경상사고,0,0,2,0,차대차 - 측면충돌,교차로운행방법위반,건조,맑음,교차로 - 교차로안,승용,남,75세,경상,화물,남,55세,경상
2017032300100271,2017년 3월 23일 14시,목요일,충청남도 천안시 서북구 성환읍,중상사고,0,2,0,0,차대차 - 추돌,안전운전불이행,건조,맑음,교차로 - 교차로부근,승용,남,70세,상해없음,승용,남,78세,중상
2017032300100300,2017년 3월 23일 15시,목요일,충청남도 서산시 석림동,경상사고,0,0,2,0,차대차 - 추돌,안전운전불이행,건조,맑음,교차로 - 교차로부근,승용,남,46세,상해없음,승용,남,64세,경상
2017032300100336,2017년 3월 23일 16시,목요일,충청남도 아산시 탕정면,경상사고,0,0,1,0,차대차 - 측면충돌,교차로운행방법위반,건조,맑음,교차로 - 교차로안,화물,남,60세,상해없음,승용,남,30세,경상
2017032300100337,2017년 3월 23일 16시,목요일,충청남도 천안시 동남구 신방동,경상사고,0,0,1,0,차대차 - 추돌,안전운전불이행,건조,맑음,단일로 - 기타,승용,남,33세,상해없음,승용,여,39세,경상
2017032300100374,2017년 3월 23일 17시,목요일,충청남도 보령시 동대동,경상사고,0,0,1,0,차대차 - 기타,교차로운행방법위반,건조,맑음,교차로 - 교차로안,승용,남,62세,기타불명,승용,여,40세,경상
2017032300100408,2017년 3월 23일 18시,목요일,충청남도 논산시 지산동,중상사고,0,1,1,0,차대차 - 추돌,안전거리미확보,건조,맑음,교차로 - 교차로부근,이륜,남,45세,중상,화물,남,69세,경상
2017032300100409,2017년 3월 23일 18시,목요일,충청남도 보령시 성주면,경상사고,0,0,1,0,차대차 - 측면충돌,신호위반,건조,맑음,교차로 - 교차로안,승용,남,50세,상해없음,화물,남,36세,상해없음
2017032300100410,2017년 3월 23일 18시,목요일,충청남도 당진시 읍내리,경상사고,0,0,1,0,차대차 - 측면충돌,신호위반,건조,맑음,교차로 - 교차로안,승용,여,35세,상해없음,승용,여,33세,경상
2017032300100450,2017년 3월 23일 19시,목요일,충청남도 당진시 채운동,경상사고,0,0,1,0,차대차 - 측면충돌,안전거리미확보,건조,맑음,단일로 - 기타,승용,남,36세,상해없음,승용,여,48세,경상
2017032300100499,2017년 3월 23일 20시,목요일,충청남도 홍성군 홍성읍,중상사고,0,1,0,0,차대사람 - 횡단중,안전운전불이행,건조,맑음,교차로 - 교차로안,이륜,남,18세,기타불명,보행자,남,69세,중상
2017032300100527,2017년 3월 23일 21시,목요일,충청남도 아산시 배방읍,중상사고,0,1,0,0,차대사람 - 횡단중,안전운전불이행,건조,맑음,단일로 - 기타,승용,남,20세,상해없음,보행자,남,23세,중상
2017032300100562,2017년 3월 23일 22시,목요일,충청남도 천안시 서북구 백석동,중상사고,0,1,2,0,차대차 - 추돌,안전운전불이행,건조,맑음,교차로 - 교차로부근,원동기,남,31세,경상,승용,여,38세,경상
2017032300100563,2017년 3월 23일 22시,목요일,충청남도 천안시 서북구 성정동,중상사고,0,1,0,0,차대차 - 측면충돌,안전운전불이행,건조,맑음,단일로 - 기타,승용,남,28세,상해없음,원동기,남,54세,중상
2017032300100583,2017년 3월 23일 23시,목요일,충청남도 천안시 서북구 성정동,중상사고,0,1,0,0,차대차 - 측면충돌,안전운전불이행,건조,맑음,단일로 - 기타,원동기,남,76세,중상,승용,남,25세,상해없음
2017032300100584,2017년 3월 23일 23시,목요일,충청남도 당진시 수청리,중상사고,0,1,0,0,차대차 - 측면충돌,중앙선침범,건조,맑음,교차로 - 교차로안,승용,남,26세,상해없음,승용,남,55세,중상
2017032400100054,2017년 3월 24일 01시,금요일,충청남도 천안시 서북구 쌍용동,경상사고,0,0,1,0,차대차 - 추돌,안전운전불이행,건조,맑음,단일로 - 기타,승용,남,33세,상해없음,승용,남,27세,경상
2017032400100069,2017년 3월 24일 02시,금요일,충청남도 천안시 동남구 안서동,중상사고,0,1,0,0,차량단독 - 전도전복,안전운전불이행,건조,맑음,단일로 - 기타,승용,남,23세,상해없음,미분류,미분류,미분류,미분류
2017032400100140,2017년 3월 24일 08시,금요일,충청남도 서산시 해미면,경상사고,0,0,1,0,차대사람 - 기타,안전운전불이행,건조,맑음,기타 - 기타,화물,남,61세,상해없음,보행자,남,76세,경상
2017032400100141,2017년 3월 24일 08시,금요일,충청남도 예산군 신암면,경상사고,0,0,2,0,차대차 - 측면충돌,직진우회전진행방해,건조,맑음,교차로 - 교차로안,승용,남,37세,경상,승용,여,46세,경상
2017032400100166,2017년 3월 24일 09시,금요일,충청남도 예산군 예산읍,중상사고,0,1,1,0,차대차 - 측면충돌,직진우회전진행방해,건조,맑음,교차로 - 교차로안,승용,남,34세,상해없음,화물,남,54세,경상
2017032400100167,2017년 3월 24일 09시,금요일,충청남도 천안시 동남구 신부동,경상사고,0,0,1,0,차대차 - 추돌,안전운전불이행,건조,맑음,교차로 - 교차로부근,승용,남,33세,상해없음,승용,남,33세,경상
2017032400100193,2017년 3월 24일 10시,금요일,충청남도 당진시 정미면,중상사고,0,1,0,0,차대차 - 기타,교차로운행방법위반,건조,맑음,교차로 - 교차로안,승용,남,55세,상해없음,승용,여,51세,중상
2017032400100221,2017년 3월 24일 11시,금요일,충청남도 공주시 계룡면,중상사고,0,1,0,0,차대사람 - 기타,안전운전불이행,건조,맑음,기타 - 기타,승용,남,62세,상해없음,보행자,남,70세,중상
2017032400100250,2017년 3월 24일 12시,금요일,충청남도 서산시 고북면,경상사고,0,0,1,0,차대차 - 측면충돌,불법유턴,건조,맑음,단일로 - 기타,건설기계,남,59세,상해없음,화물,남,56세,경상
2017032400100251,2017년 3월 24일 12시,금요일,충청남도 당진시 읍내리,경상사고,0,0,1,0,차대사람 - 횡단중,안전운전불이행,건조,맑음,교차로 - 교차로안,승용,남,28세,상해없음,보행자,여,60세,경상
2017032400100273,2017년 3월 24일 13시,금요일,충청남도 천안시 서북구 두정동,경상사고,0,0,1,0,차대사람 - 기타,안전운전불이행,건조,맑음,교차로 - 교차로안,승용,남,21세,상해없음,보행자,남,29세,경상
2017032400100274,2017년 3월 24일 13시,금요일,충청남도 천안시 서북구 입장면,중상사고,0,1,0,0,차대차 - 측면충돌,안전운전불이행,건조,맑음,교차로 - 교차로안,화물,남,53세,상해없음,화물,남,64세,중상
2017032400100275,2017년 3월 24일 13시,금요일,충청남도 공주시 신관동,경상사고,0,0,2,0,차대사람 - 횡단중,안전운전불이행,건조,맑음,단일로 - 기타,승용,남,26세,상해없음,보행자,남,24세,경상
2017032400100276,2017년 3월 24일 13시,금요일,충청남도 부여군 석성면,중상사고,0,1,0,0,차량단독 - 전도전복,안전운전불이행,건조,맑음,기타 - 기타,화물,남,63세,중상,미분류,미분류,미분류,미분류
2017032400100307,2017년 3월 24일 14시,금요일,충청남도 아산시 초사동,경상사고,0,0,1,0,차대차 - 측면충돌,신호위반,건조,맑음,교차로 - 교차로안,승용,여,52세,상해없음,승용,여,45세,경상
2017032400100308,2017년 3월 24일 14시,금요일,충청남도 보령시 청라면,경상사고,0,0,2,0,차대차 - 측면충돌,직진우회전진행방해,건조,맑음,교차로 - 교차로안,화물,남,65세,상해없음,승용,남,79세,경상
2017032400100341,2017년 3월 24일 15시,금요일,충청남도 태안군 태안읍,중상사고,0,1,0,0,차대사람 - 횡단중,신호위반,건조,맑음,교차로 - 교차로횡단보도내,승용,남,67세,상해없음,보행자,여,61세,중상
2017032400100342,2017년 3월 24일 15시,금요일,충청남도 서산시 고북면,중상사고,0,1,0,0,차대차 - 측면충돌,안전운전불이행,건조,맑음,단일로 - 기타,기타불명,기타불명,미분류,기타불명,이륜,남,79세,중상
2017032400100343,2017년 3월 24일 15시,금요일,충청남도 논산시 반월동,경상사고,0,0,1,0,차대사람 - 보도통행중,중앙선침범,건조,맑음,단일로 - 기타,기타불명,기타불명,미분류,기타불명,보행자,여,74세,경상
2017032400100344,2017년 3월 24일 15시,금요일,충청남도 아산시 영인면,중상사고,0,1,0,0,차대차 - 측면충돌,안전운전불이행,건조,맑음,단일로 - 기타,화물,남,56세,상해없음,자전거,남,80세,중상
2017032400100375,2017년 3월 24일 16시,금요일,충청남도 아산시 둔포면,경상사고,0,0,1,0,차대차 - 기타,안전거리미확보,건조,맑음,교차로 - 교차로부근,승용,남,51세,상해없음,화물,남,35세,경상
2017032400100376,2017년 3월 24일 16시,금요일,충청남도 부여군 규암면,경상사고,0,0,1,0,차대차 - 측면충돌,신호위반,건조,맑음,교차로 - 교차로안,승용,남,74세,상해없음,승용,여,39세,경상
2017032400100449,2017년 3월 24일 18시,금요일,충청남도 계룡시 엄사면,경상사고,0,0,1,0,차대차 - 기타,안전운전불이행,건조,맑음,단일로 - 기타,승용,여,66세,상해없음,자전거,남,25세,경상
2017032400100567,2017년 3월 24일 21시,금요일,충청남도 서산시 읍내동,경상사고,0,0,1,0,차대차 - 기타,안전운전불이행,건조,맑음,단일로 - 기타,승용,남,27세,상해없음,이륜,남,35세,경상
2017032400100610,2017년 3월 24일 22시,금요일,충청남도 천안시 서북구 쌍용동,경상사고,0,0,1,0,차대차 - 기타,신호위반,건조,맑음,교차로 - 교차로안,승용,남,26세,상해없음,승합,남,38세,상해없음
2017032400100611,2017년 3월 24일 22시,금요일,충청남도 논산시 연산면,경상사고,0,0,1,0,차대차 - 정면충돌,중앙선침범,건조,맑음,단일로 - 기타,승용,남,44세,상해없음,승용,남,33세,경상
2017032400100612,2017년 3월 24일 22시,금요일,충청남도 공주시 월송동,경상사고,0,0,1,0,차량단독 - 전도전복 - 전도,안전운전불이행,건조,맑음,교차로 - 교차로안,승용,여,54세,경상,,,,
2017032400100641,2017년 3월 24일 23시,금요일,충청남도 계룡시 엄사면,경상사고,0,0,1,0,차대차 - 추돌,과속,건조,맑음,교차로 - 교차로부근,승용,남,62세,상해없음,승용,남,50세,경상
2017032400100642,2017년 3월 24일 23시,금요일,충청남도 아산시 음봉면,경상사고,0,0,1,0,차대차 - 정면충돌,안전운전불이행,건조,맑음,교차로 - 교차로부근,승용,남,41세,상해없음,화물,남,50세,경상
2017032500100046,2017년 3월 25일 01시,토요일,충청남도 아산시 음봉면,중상사고,0,1,0,0,차대사람 - 횡단중,안전운전불이행,건조,맑음,교차로 - 교차로부근,승용,남,34세,상해없음,보행자,남,50세,중상
2017032500100060,2017년 3월 25일 02시,토요일,충청남도 천안시 서북구 차암동,경상사고,0,0,3,0,차대차 - 측면충돌,신호위반,건조,맑음,교차로 - 교차로안,승용,남,23세,경상,승용,남,38세,경상
2017032500100109,2017년 3월 25일 06시,토요일,충청남도 당진시 읍내리,경상사고,0,0,2,0,차대차 - 측면충돌,신호위반,건조,맑음,교차로 - 교차로안,승용,남,36세,상해없음,승용,남,51세,경상
2017032500100144,2017년 3월 25일 08시,토요일,충청남도 예산군 덕산면,경상사고,0,0,1,0,차대차 - 측면충돌,교차로운행방법위반,건조,맑음,교차로 - 교차로안,승용,여,45세,상해없음,화물,남,41세,경상
2017032500100182,2017년 3월 25일 10시,토요일,충청남도 아산시 실옥동,경상사고,0,0,1,0,차대차 - 측면충돌,신호위반,건조,맑음,교차로 - 교차로안,승용,남,66세,상해없음,승용,여,41세,경상
2017032500100183,2017년 3월 25일 10시,토요일,충청남도 부여군 석성면,중상사고,0,1,0,0,차대차 - 측면충돌,안전운전불이행,건조,흐림,단일로 - 교량,자전거,남,72세,중상,화물,남,47세,상해없음
2017032500100211,2017년 3월 25일 11시,토요일,충청남도 서산시 석림동,중상사고,0,1,0,0,차대차 - 측면충돌,중앙선침범,건조,맑음,단일로 - 기타,화물,남,51세,상해없음,승용,여,61세,중상
2017032500100212,2017년 3월 25일 11시,토요일,충청남도 아산시 온천동,중상사고,0,1,1,0,차대차 - 정면충돌,안전운전불이행,건조,맑음,단일로 - 기타,승용,여,50세,상해없음,승용,남,59세,중상
2017032500100324,2017년 3월 25일 15시,토요일,충청남도 천안시 서북구 직산읍,경상사고,0,0,1,0,차대차 - 정면충돌,중앙선침범,건조,맑음,교차로 - 교차로부근,승용,남,51세,상해없음,승용,남,40세,경상
2017032500100325,2017년 3월 25일 15시,토요일,충청남도 아산시 둔포면,중상사고,0,1,1,0,차대차 - 정면충돌,신호위반,건조,맑음,교차로 - 교차로안,화물,남,67세,상해없음,승용,남,34세,중상
2017032500100326,2017년 3월 25일 15시,토요일,충청남도 보령시 대천동,경상사고,0,0,1,0,차대차 - 기타,신호위반,건조,맑음,교차로 - 교차로횡단보도내,승용,여,62세,상해없음,자전거,여,39세,경상
2017032500100327,2017년 3월 25일 15시,토요일,충청남도 보령시 궁촌동,중상사고,0,1,0,0,차대사람 - 횡단중,안전운전불이행,건조,맑음,단일로 - 기타,승용,남,36세,상해없음,보행자,여,9세,중상
2017032500100328,2017년 3월 25일 15시,토요일,충청남도 당진시 채운동,경상사고,0,0,1,0,차대차 - 기타,신호위반,건조,맑음,단일로 - 기타,승용,남,76세,상해없음,자전거,남,75세,경상
2017032500100349,2017년 3월 25일 16시,토요일,충청남도 천안시 서북구 두정동,중상사고,0,2,0,0,차대차 - 정면충돌,신호위반,건조,맑음,교차로 - 교차로안,원동기,남,38세,중상,승용,남,24세,중상
2017032500100370,2017년 3월 25일 17시,토요일,충청남도 아산시 배방읍,중상사고,0,1,0,0,차대차 - 측면충돌,안전운전불이행,건조,맑음,교차로 - 교차로부근,이륜,남,45세,중상,건설기계,남,57세,상해없음
2017032500100444,2017년 3월 25일 19시,토요일,충청남도 천안시 서북구 불당동,경상사고,0,0,1,0,차대사람 - 차도통행중,신호위반,건조,맑음,교차로 - 교차로안,승용,남,55세,상해없음,보행자,여,15세,경상
2017032500100445,2017년 3월 25일 19시,토요일,충청남도 서천군 서천읍,경상사고,0,0,1,0,차대차 - 측면충돌,직진우회전진행방해,건조,맑음,교차로 - 교차로안,화물,남,54세,상해없음,승용,여,47세,경상
2017032500100483,2017년 3월 25일 20시,토요일,충청남도 서천군 서면,중상사고,0,1,0,0,차량단독 - 공작물충돌,안전운전불이행,건조,맑음,교차로 - 교차로안,승용,남,56세,중상,,,,
2017032500100522,2017년 3월 25일 21시,토요일,충청남도 서산시 동문동,중상사고,0,1,0,0,차대차 - 측면충돌,기타,건조,맑음,교차로 - 교차로안,이륜,남,18세,중상,이륜,남,62세,상해없음
2017032500100523,2017년 3월 25일 21시,토요일,충청남도 당진시 송악읍,경상사고,0,0,1,0,차대차 - 추돌,안전운전불이행,건조,맑음,단일로 - 기타,승용,여,58세,상해없음,승용,남,26세,경상
2017032500100587,2017년 3월 25일 23시,토요일,충청남도 공주시 반포면,중상사고,0,2,2,0,차대차 - 측면충돌,과속,건조,맑음,교차로 - 교차로안,승용,남,53세,경상,승용,남,72세,중상
2017032600100087,2017년 3월 26일 06시,일요일,충청남도 천안시 서북구 쌍용동,경상사고,0,0,1,0,차대차 - 측면충돌,과속,건조,맑음,단일로 - 기타,승용,남,31세,상해없음,승용,남,53세,경상
2017032600100105,2017년 3월 26일 08시,일요일,충청남도 홍성군 홍동면,중상사고,0,1,0,0,차대차 - 추돌,안전운전불이행,건조,맑음,단일로 - 기타,화물,남,48세,상해없음,이륜,남,81세,중상
2017032600100190,2017년 3월 26일 13시,일요일,충청남도 보령시 청라면,중상사고,0,1,0,0,차대차 - 기타,안전운전불이행,건조,맑음,단일로 - 기타,원동기,남,75세,중상,승용,여,59세,상해없음
2017032600100191,2017년 3월 26일 13시,일요일,충청남도 보령시 신흑동,경상사고,0,0,1,0,차대사람 - 횡단중,안전운전불이행,건조,맑음,교차로 - 교차로부근,승용,남,38세,상해없음,보행자,여,7세,경상
2017032600100238,2017년 3월 26일 15시,일요일,충청남도 아산시 읍내동,중상사고,0,1,0,0,차대사람 - 횡단중,안전운전불이행,건조,맑음,단일로 - 기타,승용,여,43세,상해없음,보행자,여,61세,중상
2017032600100260,2017년 3월 26일 16시,일요일,충청남도 논산시 벌곡면,중상사고,0,1,1,0,차대차 - 기타,안전운전불이행,건조,맑음,단일로 - 기타,승용,남,35세,상해없음,승용,여,67세,경상
2017032600100282,2017년 3월 26일 17시,일요일,충청남도 아산시 배방읍,경상사고,0,0,1,0,차대차 - 추돌,안전운전불이행,건조,흐림,단일로 - 기타,승용,남,56세,상해없음,승용,여,66세,경상
2017032600100283,2017년 3월 26일 17시,일요일,충청남도 천안시 동남구 구성동,경상사고,0,0,4,0,차대차 - 측면충돌,중앙선침범,건조,맑음,단일로 - 기타,승용,남,45세,상해없음,승용,남,38세,경상
2017032600100331,2017년 3월 26일 19시,일요일,충청남도 천안시 서북구 백석동,중상사고,0,1,1,0,차대차 - 측면충돌,신호위반,건조,맑음,교차로 - 교차로안,승용,남,34세,상해없음,원동기,남,55세,중상
2017032600100352,2017년 3월 26일 20시,일요일,충청남도 천안시 서북구 불당동,경상사고,0,0,1,0,차대차 - 추돌,안전운전불이행,건조,맑음,교차로 - 교차로부근,승용,남,48세,상해없음,승용,남,31세,경상