사고번호,사고일시,요일,시군구,사고내용,사망자수,중상자수,경상자수,부상신고자수,사고유형,법규위반,노면상태,기상상태,도로형태,가해운전자 차종,가해운전자 성별,가해운전자 연령,가해운전자 상해정도,피해운전자 차종,피해운전자 성별,피해운전자 연령,피해운전자 상해정도
2017033100100523,2017년 3월 31일 20시,금요일,충청남도 천안시 서북구 성거읍,경상사고,0,0,1,0,차대차 - 기타,안전운전불이행,건조,맑음,단일로 - 기타,화물,남,55세,상해없음,승용,남,34세,상해없음
2017033100100558,2017년 3월 31일 21시,금요일,충청남도 보령시 오천면,중상사고,0,1,0,0,차대차 - 추돌,안전운전불이행,건조,맑음,단일로 - 기타,승용,남,32세,상해없음,원동기,남,69세,중상
2017033100100603,2017년 3월 31일 22시,금요일,충청남도 천안시 서북구 불당동,중상사고,0,1,0,0,차대사람 - 횡단중,안전운전불이행,건조,맑음,단일로 - 기타,승용,남,30세,상해없음,보행자,남,24세,중상
2017033100100604,2017년 3월 31일 22시,금요일,충청남도 아산시 탕정면,경상사고,0,0,1,0,차대차 - 정면충돌,안전운전불이행,건조,맑음,교차로 - 교차로안,화물,남,45세,상해없음,승용,남,28세,경상
2017040100100072,2017년 4월 1일 02시,토요일,충청남도 천안시 서북구 성정동,중상사고,0,1,0,0,차대사람 - 횡단중,안전운전불이행,건조,맑음,단일로 - 기타,승용,남,34세,상해없음,보행자,남,34세,중상
2017040100100097,2017년 4월 1일 04시,토요일,충청남도 논산시 내동,경상사고,0,0,1,0,차대차 - 측면충돌,신호위반,건조,맑음,교차로 - 교차로안,화물,남,60세,상해없음,승용,여,54세,경상
2017040100100140,2017년 4월 1일 07시,토요일,충청남도 서산시 음암면,중상사고,0,1,0,0,차대차 - 추돌,안전운전불이행,건조,맑음,단일로 - 기타,화물,남,22세,상해없음,승용,남,40세,중상
2017040100100170,2017년 4월 1일 09시,토요일,충청남도 천안시 서북구 두정동,경상사고,0,0,1,0,차대사람 - 기타,안전운전불이행,건조,맑음,단일로 - 기타,승용,남,36세,상해없음,보행자,여,32세,경상
2017040100100185,2017년 4월 1일 10시,토요일,충청남도 태안군 소원면,중상사고,0,1,1,0,차대차 - 측면충돌,교차로운행방법위반,건조,맑음,교차로 - 교차로안,승용,남,60세,경상,승합,남,60세,상해없음
2017040100100204,2017년 4월 1일 11시,토요일,충청남도 천안시 서북구 불당동,경상사고,0,0,2,0,차대차 - 기타,안전운전불이행,건조,맑음,교차로 - 교차로부근,승용,남,40세,경상,승용,남,54세,경상
2017040100100205,2017년 4월 1일 11시,토요일,충청남도 천안시 서북구 성환읍,경상사고,0,0,2,0,차대차 - 추돌,안전운전불이행,건조,맑음,교차로 - 교차로부근,승용,여,59세,상해없음,승용,여,37세,경상
2017040100100228,2017년 4월 1일 12시,토요일,충청남도 논산시 부적면,중상사고,0,2,3,0,차대차 - 측면충돌,직진우회전진행방해,건조,맑음,교차로 - 교차로안,승용,여,53세,경상,승합,남,54세,경상
2017040100100229,2017년 4월 1일 12시,토요일,충청남도 당진시 채운동,경상사고,0,0,1,0,차대차 - 정면충돌,안전거리미확보,건조,맑음,교차로 - 교차로부근,승용,남,27세,상해없음,이륜,남,33세,경상
2017040100100261,2017년 4월 1일 13시,토요일,충청남도 천안시 서북구 쌍용동,경상사고,0,0,1,0,차대사람 - 길가장자리구역통행중,안전운전불이행,건조,맑음,단일로 - 기타,승용,여,45세,상해없음,보행자,남,31세,경상
2017040100100365,2017년 4월 1일 16시,토요일,충청남도 서산시 동문동,중상사고,0,1,0,0,차대차 - 측면충돌,안전운전불이행,건조,맑음,단일로 - 기타,승용,여,42세,상해없음,원동기,남,29세,중상
2017040100100366,2017년 4월 1일 16시,토요일,충청남도 서산시 팔봉면,중상사고,0,1,0,0,차대차 - 측면충돌,교차로운행방법위반,건조,맑음,교차로 - 교차로안,원동기,남,66세,중상,화물,남,61세,상해없음
2017040100100402,2017년 4월 1일 17시,토요일,충청남도 천안시 서북구 직산읍,경상사고,0,0,3,0,차대차 - 측면충돌,교차로운행방법위반,건조,맑음,교차로 - 교차로안,화물,남,58세,상해없음,승용,남,57세,경상
2017040100100403,2017년 4월 1일 17시,토요일,충청남도 금산군 제원면,중상사고,0,1,0,0,차대차 - 추돌,안전거리미확보,건조,맑음,교차로 - 교차로부근,이륜,남,63세,중상,승용,남,49세,상해없음
2017040100100448,2017년 4월 1일 18시,토요일,충청남도 아산시 배미동,경상사고,0,0,1,0,차대사람 - 횡단중,안전운전불이행,건조,맑음,단일로 - 기타,승용,남,23세,상해없음,보행자,남,8세,경상
2017040100100449,2017년 4월 1일 18시,토요일,충청남도 서천군 서면,경상사고,0,0,1,0,차대사람 - 기타,안전운전불이행,건조,맑음,주차장 - 주차장,승용,남,64세,상해없음,보행자,남,9세,경상
2017040100100533,2017년 4월 1일 21시,토요일,충청남도 서천군 서면,중상사고,0,1,0,0,차대사람 - 횡단중,안전운전불이행,건조,맑음,교차로 - 교차로안,화물,남,27세,상해없음,보행자,남,53세,중상
2017040100100561,2017년 4월 1일 22시,토요일,충청남도 서산시 예천동,중상사고,0,1,1,0,차대차 - 측면충돌,교차로운행방법위반,건조,맑음,교차로 - 교차로안,승용,남,59세,경상,승용,여,24세,중상
2017040100100582,2017년 4월 1일 23시,토요일,충청남도 공주시 옥룡동,경상사고,0,0,1,0,차대사람 - 기타,안전운전불이행,건조,맑음,교차로 - 교차로안,승용,남,24세,상해없음,보행자,남,56세,경상
2017040200100032,2017년 4월 2일 00시,일요일,충청남도 천안시 서북구 성정동,경상사고,0,0,2,0,차대차 - 기타,안전운전불이행,건조,맑음,교차로 - 교차로안,승용,남,26세,상해없음,승용,남,65세,상해없음
2017040200100064,2017년 4월 2일 02시,일요일,충청남도 당진시 석문면,중상사고,0,1,0,0,차대차 - 정면충돌,중앙선침범,건조,맑음,단일로 - 기타,승용,남,36세,상해없음,승용,남,36세,중상
2017040200100073,2017년 4월 2일 03시,일요일,충청남도 천안시 서북구 성정동,경상사고,0,0,4,0,차대차 - 추돌,안전운전불이행,건조,맑음,단일로 - 기타,승용,남,34세,경상,승용,남,54세,경상
2017040200100074,2017년 4월 2일 03시,일요일,충청남도 예산군 오가면,사망사고,1,0,0,0,차대사람 - 차도통행중,안전운전불이행,건조,맑음,단일로 - 기타,승용,남,35세,상해없음,보행자,남,68세,사망
2017040200100075,2017년 4월 2일 03시,일요일,충청남도 공주시 탄천면,경상사고,0,0,2,0,차대차 - 기타,안전운전불이행,건조,맑음,주차장 - 주차장,승용,남,20세,상해없음,승용,남,41세,경상
2017040200100084,2017년 4월 2일 04시,일요일,충청남도 서산시 동문동,중상사고,0,1,2,0,차대차 - 측면충돌,교차로운행방법위반,건조,맑음,교차로 - 교차로안,승용,남,34세,경상,승용,남,26세,중상
2017040200100110,2017년 4월 2일 06시,일요일,충청남도 서산시 고북면,중상사고,0,1,2,0,차대차 - 측면충돌,안전운전불이행,건조,맑음,단일로 - 기타,화물,남,69세,상해없음,승용,남,49세,경상
2017040200100126,2017년 4월 2일 08시,일요일,충청남도 천안시 서북구 성정동,경상사고,0,0,1,0,차대차 - 측면충돌,안전거리미확보,건조,맑음,단일로 - 기타,화물,남,61세,상해없음,승용,여,38세,경상
2017040200100127,2017년 4월 2일 08시,일요일,충청남도 아산시 권곡동,경상사고,0,0,1,0,차대차 - 정면충돌,안전운전불이행,건조,맑음,교차로 - 교차로안,승용,남,43세,상해없음,승용,남,56세,경상
2017040200100142,2017년 4월 2일 09시,일요일,충청남도 태안군 남면,중상사고,0,1,1,0,차대차 - 정면충돌,교차로운행방법위반,건조,맑음,교차로 - 교차로안,승용,남,39세,상해없음,승용,여,34세,중상
2017040200100143,2017년 4월 2일 09시,일요일,충청남도 금산군 금산읍,경상사고,0,0,1,0,차대차 - 추돌,안전운전불이행,건조,맑음,단일로 - 기타,승용,남,46세,상해없음,승용,여,54세,경상
2017040200100208,2017년 4월 2일 12시,일요일,충청남도 천안시 동남구 목천읍,중상사고,0,2,1,0,차대차 - 추돌,안전운전불이행,건조,맑음,단일로 - 기타,승용,남,50세,상해없음,승용,남,63세,중상
2017040200100230,2017년 4월 2일 13시,일요일,충청남도 당진시 석문면,경상사고,0,0,2,4,차대차 - 측면충돌,직진우회전진행방해,건조,맑음,교차로 - 교차로안,승용,남,23세,부상신고,승용,남,48세,경상
2017040200100231,2017년 4월 2일 13시,일요일,충청남도 천안시 동남구 원성동,중상사고,0,1,0,0,차대차 - 기타,신호위반,건조,맑음,교차로 - 교차로안,원동기,남,22세,중상,승용,남,25세,상해없음
2017040200100294,2017년 4월 2일 15시,일요일,충청남도 아산시 온천동,중상사고,0,1,0,0,차대차 - 측면충돌,안전운전불이행,건조,맑음,교차로 - 교차로횡단보도내,승용,여,30세,상해없음,자전거,남,65세,중상
2017040200100295,2017년 4월 2일 15시,일요일,충청남도 공주시 반포면,경상사고,0,0,1,0,차대차 - 추돌,안전거리미확보,건조,맑음,단일로 - 기타,이륜,남,21세,경상,승용,남,26세,상해없음
2017040200100353,2017년 4월 2일 17시,일요일,충청남도 당진시 신평면,경상사고,0,0,3,0,차대차 - 추돌,안전운전불이행,건조,맑음,단일로 - 기타,승용,여,41세,상해없음,승용,남,48세,경상
2017040200100381,2017년 4월 2일 18시,일요일,충청남도 공주시 의당면,경상사고,0,0,3,0,차대차 - 측면충돌,신호위반,건조,맑음,교차로 - 교차로안,승용,남,28세,경상,승용,남,29세,경상
2017040200100407,2017년 4월 2일 19시,일요일,충청남도 천안시 서북구 두정동,경상사고,0,0,1,0,차대차 - 측면충돌,신호위반,건조,맑음,교차로 - 교차로안,승용,남,47세,상해없음,원동기,남,17세,경상
2017040300100026,2017년 4월 3일 00시,월요일,충청남도 논산시 취암동,중상사고,0,3,0,0,차대차 - 정면충돌,교차로운행방법위반,건조,맑음,교차로 - 교차로부근,승용,남,48세,상해없음,승용,남,24세,중상
2017040300100065,2017년 4월 3일 06시,월요일,충청남도 아산시 온천동,중상사고,0,1,2,0,차대차 - 정면충돌,안전운전불이행,건조,맑음,교차로 - 교차로안,화물,남,55세,상해없음,화물,남,54세,경상
2017040300100066,2017년 4월 3일 06시,월요일,충청남도 천안시 동남구 안서동,경상사고,0,0,1,0,차대차 - 정면충돌,안전운전불이행,건조,맑음,단일로 - 기타,승용,남,58세,경상,승용,여,52세,상해없음
2017040300100088,2017년 4월 3일 07시,월요일,충청남도 홍성군 서부면,경상사고,0,0,1,0,차대차 - 정면충돌,중앙선침범,젖음/습기,안개,단일로 - 기타,승용,남,84세,상해없음,승용,여,50세,경상
2017040300100122,2017년 4월 3일 08시,월요일,충청남도 서산시 동문동,중상사고,0,1,0,0,차대사람 - 횡단중,보행자보호의무위반,건조,맑음,교차로 - 교차로횡단보도내,승용,여,29세,상해없음,보행자,여,80세,중상
2017040300100123,2017년 4월 3일 08시,월요일,충청남도 논산시 채운면,중상사고,0,1,0,0,차대차 - 추돌,안전운전불이행,건조,맑음,단일로 - 기타,승용,남,55세,상해없음,화물,남,42세,중상
2017040300100124,2017년 4월 3일 08시,월요일,충청남도 아산시 배방읍,중상사고,0,1,1,0,차대차 - 정면충돌,직진우회전진행방해,건조,맑음,교차로 - 교차로안,화물,남,67세,상해없음,승합,여,52세,경상
2017040300100152,2017년 4월 3일 09시,월요일,충청남도 공주시 신관동,중상사고,0,1,3,0,차대차 - 측면충돌,안전운전불이행,건조,맑음,교차로 - 교차로부근,화물,남,68세,상해없음,승용,여,60세,중상
2017040300100183,2017년 4월 3일 10시,월요일,충청남도 서산시 석림동,경상사고,0,0,1,0,차대차 - 측면충돌,안전운전불이행,건조,맑음,교차로 - 교차로안,승용,남,62세,상해없음,승용,여,23세,경상
2017040300100184,2017년 4월 3일 10시,월요일,충청남도 예산군 응봉면,중상사고,0,1,0,0,차대사람 - 횡단중,안전운전불이행,건조,맑음,교차로 - 교차로부근,화물,남,60세,상해없음,보행자,남,51세,중상
2017040300100221,2017년 4월 3일 11시,월요일,충청남도 홍성군 홍북읍,중상사고,0,1,0,0,차대차 - 기타,안전운전불이행,건조,맑음,단일로 - 기타,화물,남,29세,상해없음,승합,남,43세,상해없음
2017040300100222,2017년 4월 3일 11시,월요일,충청남도 천안시 동남구 신부동,경상사고,0,0,2,0,차대차 - 측면충돌,안전운전불이행,건조,맑음,단일로 - 기타,화물,남,30세,상해없음,승용,남,62세,경상
2017040300100250,2017년 4월 3일 12시,월요일,충청남도 서천군 서천읍,경상사고,0,0,1,0,차대차 - 측면충돌,직진우회전진행방해,건조,맑음,교차로 - 교차로안,승용,남,76세,상해없음,승용,남,81세,경상
2017040300100276,2017년 4월 3일 13시,월요일,충청남도 홍성군 홍성읍,경상사고,0,0,1,0,차대차 - 기타,신호위반,건조,맑음,교차로 - 교차로안,화물,남,57세,상해없음,자전거,여,76세,경상
2017040300100310,2017년 4월 3일 14시,월요일,충청남도 홍성군 광천읍,경상사고,0,0,1,0,차대차 - 추돌,안전운전불이행,건조,맑음,교차로 - 교차로안,화물,남,34세,상해없음,승합,남,47세,경상
2017040300100311,2017년 4월 3일 14시,월요일,충청남도 아산시 둔포면,경상사고,0,0,1,0,차대차 - 추돌,안전운전불이행,건조,맑음,교차로 - 교차로안,화물,남,53세,상해없음,승용,남,36세,경상
2017040300100312,2017년 4월 3일 14시,월요일,충청남도 아산시 음봉면,경상사고,0,0,1,0,차대차 - 측면충돌,안전운전불이행,건조,맑음,교차로 - 교차로안,승용,남,38세,상해없음,승용,남,36세,경상
2017040300100341,2017년 4월 3일 15시,월요일,충청남도 아산시 배미동,중상사고,0,1,0,0,차대사람 - 횡단중,안전운전불이행,건조,맑음,교차로 - 교차로안,승합,남,60세,상해없음,보행자,여,84세,중상
2017040300100376,2017년 4월 3일 16시,월요일,충청남도 논산시 등화동,중상사고,0,1,0,0,차대차 - 측면충돌,안전운전불이행,건조,맑음,단일로 - 기타,자전거,남,13세,상해없음,자전거,여,80세,중상
2017040300100413,2017년 4월 3일 17시,월요일,충청남도 아산시 방축동,경상사고,0,0,1,0,차대차 - 기타,안전운전불이행,건조,맑음,교차로 - 교차로안,승용,남,63세,상해없음,승용,여,37세,경상
2017040300100414,2017년 4월 3일 17시,월요일,충청남도 예산군 오가면,중상사고,0,1,0,0,차대사람 - 길가장자리구역통행중,안전운전불이행,건조,맑음,교차로 - 교차로부근,건설기계,남,42세,상해없음,보행자,여,70세,중상
2017040300100415,2017년 4월 3일 17시,월요일,충청남도 당진시 읍내리,경상사고,0,0,1,0,차대사람 - 길가장자리구역통행중,안전운전불이행,건조,맑음,기타 - 기타,승용,남,46세,상해없음,보행자,여,54세,경상
2017040300100532,2017년 4월 3일 20시,월요일,충청남도 당진시 석문면,경상사고,0,0,2,0,차대차 - 추돌,안전거리미확보,건조,맑음,단일로 - 기타,승용,남,69세,상해없음,화물,남,59세,상해없음
2017040300100533,2017년 4월 3일 20시,월요일,충청남도 당진시 원당리,경상사고,0,0,1,0,차대차 - 추돌,안전운전불이행,건조,맑음,단일로 - 기타,승용,여,55세,상해없음,승용,여,29세,경상
2017040300100583,2017년 4월 3일 22시,월요일,충청남도 서산시 대산읍,중상사고,0,1,0,0,차대차 - 측면충돌,안전운전불이행,건조,맑음,단일로 - 기타,승용,남,37세,상해없음,승합,남,50세,상해없음
2017040400100049,2017년 4월 4일 05시,화요일,충청남도 아산시 배방읍,중상사고,0,1,0,0,차대차 - 측면충돌,신호위반,건조,맑음,교차로 - 교차로안,화물,남,70세,중상,승용,남,36세,상해없음
2017040400100105,2017년 4월 4일 08시,화요일,충청남도 태안군 근흥면,중상사고,0,3,0,0,차대차 - 추돌,안전운전불이행,건조,맑음,교차로 - 교차로부근,화물,남,29세,상해없음,화물,남,57세,중상
2017040400100106,2017년 4월 4일 08시,화요일,충청남도 논산시 상월면,경상사고,0,0,1,0,차대차 - 후진중충돌,안전운전불이행,건조,맑음,단일로 - 기타,농기계,남,40세,상해없음,화물,남,77세,경상
2017040400100107,2017년 4월 4일 08시,화요일,충청남도 보령시 명천동,중상사고,0,1,0,0,차대차 - 정면충돌,교차로운행방법위반,건조,맑음,교차로 - 교차로안,승용,남,41세,상해없음,이륜,남,71세,중상
2017040400100108,2017년 4월 4일 08시,화요일,충청남도 청양군 청양읍,경상사고,0,0,1,0,차대차 - 측면충돌,직진우회전진행방해,건조,맑음,교차로 - 교차로안,승용,남,48세,상해없음,화물,남,43세,경상
2017040400100143,2017년 4월 4일 09시,화요일,충청남도 서산시 수석동,중상사고,0,2,1,0,차대차 - 정면충돌,중앙선침범,건조,맑음,단일로 - 기타,승용,남,84세,중상,승용,남,34세,중상
2017040400100191,2017년 4월 4일 11시,화요일,충청남도 서천군 서천읍,경상사고,0,0,1,0,차대차 - 측면충돌,안전운전불이행,건조,맑음,교차로 - 교차로부근,승용,남,58세,상해없음,승용,남,64세,경상
2017040400100249,2017년 4월 4일 13시,화요일,충청남도 태안군 안면읍,중상사고,0,3,1,0,차대차 - 정면충돌,중앙선침범,건조,맑음,단일로 - 기타,승용,남,67세,중상,승합,남,76세,경상
2017040400100250,2017년 4월 4일 13시,화요일,충청남도 당진시 읍내리,중상사고,0,1,0,0,차대차 - 측면충돌,직진우회전진행방해,건조,맑음,교차로 - 교차로안,승용,여,65세,상해없음,이륜,남,47세,중상
2017040400100277,2017년 4월 4일 14시,화요일,충청남도 아산시 온천동,경상사고,0,0,1,0,차대사람 - 횡단중,보행자보호의무위반,건조,맑음,미분류 - 미분류,승용,남,77세,상해없음,보행자,여,29세,경상
2017040400100303,2017년 4월 4일 15시,화요일,충청남도 논산시 취암동,경상사고,0,0,1,0,차대사람 - 횡단중,안전운전불이행,건조,맑음,단일로 - 기타,승용,여,36세,상해없음,보행자,여,8세,경상
2017040400100337,2017년 4월 4일 16시,화요일,충청남도 천안시 서북구 성정동,경상사고,0,0,1,0,차대사람 - 횡단중,안전운전불이행,건조,맑음,교차로 - 교차로안,승용,남,57세,상해없음,보행자,남,46세,경상
2017040400100338,2017년 4월 4일 16시,화요일,충청남도 천안시 서북구 두정동,중상사고,0,1,0,0,차대차 - 기타,안전운전불이행,건조,맑음,교차로 - 교차로안,승용,남,34세,상해없음,이륜,남,79세,중상
2017040400100376,2017년 4월 4일 17시,화요일,충청남도 천안시 서북구 직산읍,중상사고,0,1,0,0,차대차 - 기타,중앙선침범,건조,맑음,단일로 - 기타,화물,남,56세,상해없음,원동기,남,81세,중상
2017040400100377,2017년 4월 4일 17시,화요일,충청남도 논산시 부적면,부상신고사고,0,0,0,1,차대차 - 추돌,차로위반,건조,맑음,교차로 - 교차로부근,이륜,남,78세,부상신고,승합,남,43세,상해없음
2017040400100398,2017년 4월 4일 18시,화요일,충청남도 천안시 동남구 병천면,경상사고,0,0,1,0,차대사람 - 횡단중,안전운전불이행,건조,맑음,단일로 - 기타,승용,남,24세,상해없음,보행자,여,20세,경상
2017040400100442,2017년 4월 4일 20시,화요일,충청남도 당진시 읍내리,경상사고,0,0,1,0,차대사람 - 횡단중,보행자보호의무위반,건조,맑음,교차로 - 교차로부근,승용,남,65세,상해없음,보행자,남,62세,경상
2017040400100471,2017년 4월 4일 21시,화요일,충청남도 천안시 동남구 광덕면,경상사고,0,0,1,0,차대사람 - 횡단중,안전운전불이행,건조,맑음,단일로 - 기타,이륜,남,28세,기타불명,보행자,남,54세,경상
2017040400100491,2017년 4월 4일 22시,화요일,충청남도 천안시 동남구 성황동,경상사고,0,0,1,0,차대차 - 추돌,신호위반,건조,맑음,교차로 - 교차로안,승용,여,18세,상해없음,승용,여,40세,경상
2017040500100083,2017년 4월 5일 06시,수요일,충청남도 금산군 금산읍,경상사고,0,0,4,0,차대사람 - 횡단중,안전운전불이행,건조,맑음,단일로 - 기타,승용,여,61세,상해없음,보행자,남,61세,경상
2017040500100093,2017년 4월 5일 07시,수요일,충청남도 천안시 동남구 신방동,중상사고,0,1,0,0,차대차 - 측면충돌,차로위반,건조,맑음,단일로 - 기타,특수,남,48세,상해없음,승용,남,25세,중상
2017040500100116,2017년 4월 5일 08시,수요일,충청남도 천안시 서북구 성성동,경상사고,0,0,3,0,차대차 - 기타,안전운전불이행,건조,맑음,교차로 - 교차로부근,승용,남,36세,상해없음,승용,여,36세,경상
2017040500100117,2017년 4월 5일 08시,수요일,충청남도 아산시 실옥동,중상사고,0,1,0,0,차대차 - 추돌,안전운전불이행,건조,맑음,교차로 - 교차로부근,승용,남,40세,상해없음,승용,여,43세,중상
2017040500100141,2017년 4월 5일 09시,수요일,충청남도 논산시 강경읍,사망사고,1,0,0,2,차대차 - 정면충돌,중앙선침범,젖음/습기,비,단일로 - 기타,승용,남,69세,사망,화물,남,41세,부상신고
2017040500100210,2017년 4월 5일 12시,수요일,충청남도 서산시 지곡면,경상사고,0,0,1,0,차대차 - 추돌,안전거리미확보,젖음/습기,맑음,교차로 - 교차로부근,승용,남,42세,상해없음,승용,여,55세,경상
2017040500100211,2017년 4월 5일 12시,수요일,충청남도 아산시 음봉면,중상사고,0,2,2,1,차대차 - 정면충돌,중앙선침범,건조,맑음,단일로 - 기타,승용,남,26세,상해없음,승용,남,25세,경상
2017040500100212,2017년 4월 5일 12시,수요일,충청남도 당진시 읍내리,중상사고,0,1,0,0,차대차 - 정면충돌,신호위반,젖음/습기,비,교차로 - 교차로안,승용,남,27세,상해없음,자전거,남,90세 이상,중상
2017040500100213,2017년 4월 5일 12시,수요일,충청남도 천안시 동남구 쌍용동,경상사고,0,0,1,0,차대사람 - 횡단중,신호위반,건조,맑음,교차로 - 교차로횡단보도내,원동기,남,59세,상해없음,보행자,여,21세,경상
2017040500100243,2017년 4월 5일 13시,수요일,충청남도 천안시 서북구 업성동,중상사고,0,1,0,0,차대차 - 측면충돌,신호위반,건조,흐림,교차로 - 교차로안,승용,남,61세,상해없음,승용,남,37세,중상
2017040500100303,2017년 4월 5일 15시,수요일,충청남도 공주시 탄천면,부상신고사고,0,0,0,1,차량단독 - 전도전복,안전운전불이행,젖음/습기,비,단일로 - 기타,화물,남,59세,부상신고,미분류,미분류,미분류,미분류
2017040500100341,2017년 4월 5일 16시,수요일,충청남도 천안시 서북구 쌍용동,경상사고,0,0,1,0,차대사람 - 횡단중,보행자보호의무위반,건조,맑음,단일로 - 기타,승용,여,42세,상해없음,보행자,여,14세,경상
2017040500100376,2017년 4월 5일 17시,수요일,충청남도 아산시 인주면,중상사고,0,1,0,0,차대차 - 기타,중앙선침범,젖음/습기,비,단일로 - 기타,승용,여,37세,상해없음,원동기,남,46세,중상
2017040500100377,2017년 4월 5일 17시,수요일,충청남도 서천군 서천읍,중상사고,0,2,2,0,차대차 - 측면충돌,안전운전불이행,젖음/습기,비,교차로 - 교차로안,승용,남,33세,중상,승용,남,72세,경상
2017040500100425,2017년 4월 5일 18시,수요일,충청남도 천안시 서북구 입장면,경상사고,0,0,1,0,차대차 - 정면충돌,안전운전불이행,건조,맑음,교차로 - 교차로안,승용,남,46세,상해없음,승합,남,69세,경상
2017040500100426,2017년 4월 5일 18시,수요일,충청남도 보령시 대천동,경상사고,0,0,1,0,차대차 - 측면충돌,중앙선침범,젖음/습기,비,단일로 - 기타,승용,남,60세,상해없음,이륜,남,35세,경상
2017040500100474,2017년 4월 5일 19시,수요일,충청남도 천안시 서북구 성환읍,중상사고,0,4,1,0,차대차 - 측면충돌,신호위반,젖음/습기,흐림,교차로 - 교차로안,승용,여,50세,중상,승용,남,47세,중상
2017040500100475,2017년 4월 5일 19시,수요일,충청남도 아산시 탕정면,경상사고,0,0,1,0,차대차 - 추돌,안전운전불이행,젖음/습기,비,단일로 - 기타,승용,남,45세,상해없음,승용,여,28세,경상
2017040500100581,2017년 4월 5일 21시,수요일,충청남도 논산시 연무읍,중상사고,0,2,0,0,차대사람 - 횡단중,안전운전불이행,젖음/습기,비,교차로 - 교차로안,승용,여,45세,상해없음,보행자,남,21세,중상
2017040500100582,2017년 4월 5일 21시,수요일,충청남도 예산군 예산읍,경상사고,0,0,1,0,차대사람 - 차도통행중,보행자보호의무위반,젖음/습기,비,단일로 - 기타,승용,남,56세,상해없음,보행자,남,51세,경상
2017040500100641,2017년 4월 5일 22시,수요일,충청남도 천안시 서북구 두정동,경상사고,0,0,1,0,차대사람 - 길가장자리구역통행중,안전운전불이행,젖음/습기,비,교차로 - 교차로부근,승용,남,26세,상해없음,보행자,남,22세,경상
2017040500100642,2017년 4월 5일 22시,수요일,충청남도 천안시 서북구 두정동,중상사고,0,1,0,0,차대사람 - 횡단중,보행자보호의무위반,젖음/습기,비,교차로 - 교차로안,승용,남,39세,상해없음,보행자,여,18세,중상
2017040500100643,2017년 4월 5일 22시,수요일,충청남도 보령시 동대동,중상사고,0,1,1,0,차량단독 - 공작물충돌,안전운전불이행,젖음/습기,비,단일로 - 기타,승용,남,31세,경상,,,,
2017040500100687,2017년 4월 5일 23시,수요일,충청남도 공주시 신관동,중상사고,0,1,0,0,차대사람 - 횡단중,안전운전불이행,건조,맑음,단일로 - 교량,승용,남,58세,상해없음,보행자,남,68세,중상
2017040600100034,2017년 4월 6일 00시,목요일,충청남도 금산군 금산읍,중상사고,0,1,0,0,차대차 - 측면충돌,안전운전불이행,젖음/습기,비,단일로 - 기타,화물,남,45세,중상,화물,남,48세,상해없음
2017040600100035,2017년 4월 6일 00시,목요일,충청남도 금산군 금산읍,중상사고,0,1,0,0,차대차 - 측면충돌,안전운전불이행,젖음/습기,비,단일로 - 기타,화물,남,45세,중상,승용,남,40세,상해없음
2017040600100093,2017년 4월 6일 03시,목요일,충청남도 천안시 서북구 성정동,경상사고,0,0,2,0,차대차 - 추돌,안전운전불이행,건조,맑음,단일로 - 기타,승용,남,36세,상해없음,승용,남,44세,경상
2017040600100130,2017년 4월 6일 06시,목요일,충청남도 천안시 서북구 두정동,경상사고,0,0,1,0,차대차 - 측면충돌,안전운전불이행,건조,맑음,교차로 - 교차로안,승용,남,28세,상해없음,승용,남,48세,경상
2017040600100183,2017년 4월 6일 08시,목요일,충청남도 천안시 서북구 불당동,경상사고,0,0,1,0,차대차 - 기타,안전운전불이행,건조,맑음,단일로 - 기타,승용,남,31세,상해없음,자전거,남,50세,경상
2017040600100184,2017년 4월 6일 08시,목요일,충청남도 서천군 장항읍,경상사고,0,0,1,0,차대차 - 측면충돌,안전운전불이행,젖음/습기,비,교차로 - 교차로횡단보도내,원동기,남,66세,상해없음,자전거,여,56세,경상
2017040600100241,2017년 4월 6일 10시,목요일,충청남도 서산시 동문동,경상사고,0,0,1,0,차대사람 - 횡단중,안전운전불이행,건조,맑음,단일로 - 기타,승용,여,40세,상해없음,보행자,여,35세,경상
2017040600100242,2017년 4월 6일 10시,목요일,충청남도 천안시 서북구 성정동,경상사고,0,0,2,0,차대차 - 기타,안전운전불이행,건조,맑음,교차로 - 교차로부근,승용,남,25세,상해없음,승용,남,36세,경상
2017040600100262,2017년 4월 6일 11시,목요일,충청남도 청양군 대치면,중상사고,0,1,0,0,차량단독 - 전도전복,안전운전불이행,건조,맑음,단일로 - 기타,원동기,남,73세,중상,미분류,미분류,미분류,미분류
2017040600100285,2017년 4월 6일 12시,목요일,충청남도 서천군 마서면,경상사고,0,0,1,0,차대차 - 추돌,안전거리미확보,건조,맑음,교차로 - 교차로안,화물,남,36세,경상,화물,남,41세,상해없음
2017040600100311,2017년 4월 6일 13시,목요일,충청남도 아산시 배방읍,경상사고,0,0,2,0,차대차 - 측면충돌,안전운전불이행,건조,맑음,교차로 - 교차로안,승용,여,62세,상해없음,승용,여,37세,경상
2017040600100312,2017년 4월 6일 13시,목요일,충청남도 서천군 마서면,경상사고,0,0,1,0,차대차 - 측면충돌,안전운전불이행,건조,맑음,교차로 - 교차로안,승용,남,47세,상해없음,승용,남,70세,경상