사고번호,사고일시,요일,시군구,사고내용,사망자수,중상자수,경상자수,부상신고자수,사고유형,법규위반,노면상태,기상상태,도로형태,가해운전자 차종,가해운전자 성별,가해운전자 연령,가해운전자 상해정도,피해운전자 차종,피해운전자 성별,피해운전자 연령,피해운전자 상해정도
2017040600100346,2017년 4월 6일 14시,목요일,충청남도 서산시 동문동,경상사고,0,0,1,0,차대사람 - 횡단중,안전운전불이행,건조,맑음,교차로 - 교차로안,승용,남,60세,상해없음,보행자,남,61세,경상
2017040600100371,2017년 4월 6일 15시,목요일,충청남도 천안시 동남구 신방동,경상사고,0,0,1,0,차대사람 - 횡단중,안전운전불이행,건조,맑음,단일로 - 기타,승용,남,56세,상해없음,보행자,남,35세,경상
2017040600100397,2017년 4월 6일 16시,목요일,충청남도 태안군 소원면,경상사고,0,0,1,0,차대차 - 측면충돌,안전운전불이행,건조,맑음,단일로 - 기타,화물,여,62세,경상,화물,남,49세,기타불명
2017040600100398,2017년 4월 6일 16시,목요일,충청남도 당진시 합덕읍,중상사고,0,1,0,0,차대차 - 측면충돌,교차로운행방법위반,건조,맑음,교차로 - 교차로안,승용,남,42세,상해없음,이륜,남,77세,중상
2017040600100399,2017년 4월 6일 16시,목요일,충청남도 천안시 동남구 신부동,경상사고,0,0,1,1,차대사람 - 횡단중,안전운전불이행,건조,맑음,단일로 - 기타,원동기,남,17세,부상신고,보행자,여,19세,경상
2017040600100432,2017년 4월 6일 17시,목요일,충청남도 서산시 온석동,경상사고,0,0,1,0,차대차 - 측면충돌,안전운전불이행,건조,맑음,단일로 - 기타,화물,남,40세,상해없음,승용,여,50세,경상
2017040600100433,2017년 4월 6일 17시,목요일,충청남도 아산시 음봉면,경상사고,0,0,2,0,차대차 - 기타,안전운전불이행,건조,맑음,단일로 - 기타,화물,남,42세,상해없음,화물,여,43세,경상
2017040600100434,2017년 4월 6일 17시,목요일,충청남도 예산군 예산읍,중상사고,0,1,1,0,차대차 - 측면충돌,중앙선침범,건조,맑음,단일로 - 기타,승용,남,72세,상해없음,승용,여,24세,경상
2017040600100541,2017년 4월 6일 20시,목요일,충청남도 예산군 예산읍,중상사고,0,1,3,0,차대차 - 정면충돌,교차로운행방법위반,건조,맑음,교차로 - 교차로안,승용,여,66세,경상,승용,남,54세,중상
2017040600100609,2017년 4월 6일 23시,목요일,충청남도 아산시 읍내동,경상사고,0,0,2,0,차대차 - 추돌,안전운전불이행,건조,맑음,단일로 - 기타,승용,남,35세,상해없음,승용,남,51세,경상
2017040600100610,2017년 4월 6일 23시,목요일,충청남도 당진시 송악읍,경상사고,0,0,1,0,차대차 - 추돌,안전운전불이행,건조,맑음,교차로 - 교차로부근,승용,남,45세,상해없음,승용,여,57세,경상
2017040700100038,2017년 4월 7일 01시,금요일,충청남도 천안시 동남구 목천읍,경상사고,0,0,1,0,차대차 - 추돌,안전운전불이행,건조,맑음,단일로 - 기타,승용,남,46세,상해없음,화물,남,57세,경상
2017040700100050,2017년 4월 7일 03시,금요일,충청남도 아산시 음봉면,경상사고,0,0,3,0,차대차 - 정면충돌,신호위반,건조,맑음,교차로 - 교차로안,승용,남,36세,상해없음,승용,여,21세,경상
2017040700100057,2017년 4월 7일 04시,금요일,충청남도 서산시 예천동,중상사고,0,1,2,0,차대차 - 측면충돌,기타,건조,맑음,교차로 - 교차로안,건설기계,남,52세,경상,승용,남,68세,경상
2017040700100087,2017년 4월 7일 07시,금요일,충청남도 논산시 노성면,부상신고사고,0,0,0,1,차량단독 - 공작물충돌,안전운전불이행,건조,맑음,단일로 - 기타,승용,여,42세,부상신고,,,,
2017040700100088,2017년 4월 7일 07시,금요일,충청남도 당진시 송산면,중상사고,0,1,0,0,차량단독 - 전도전복,과속,건조,맑음,교차로 - 교차로부근,승용,남,31세,상해없음,미분류,미분류,미분류,미분류
2017040700100089,2017년 4월 7일 07시,금요일,충청남도 천안시 동남구 영성동,중상사고,0,1,0,0,차대차 - 정면충돌,신호위반,건조,맑음,교차로 - 교차로부근,승용,남,35세,상해없음,승용,여,55세,중상
2017040700100118,2017년 4월 7일 08시,금요일,충청남도 당진시 우강면,경상사고,0,0,1,0,차대차 - 측면충돌,직진우회전진행방해,건조,맑음,교차로 - 교차로안,승용,남,26세,상해없음,농기계,남,74세,경상
2017040700100153,2017년 4월 7일 09시,금요일,충청남도 천안시 서북구 성환읍,경상사고,0,0,1,0,차대차 - 기타,신호위반,건조,맑음,교차로 - 교차로안,화물,남,44세,상해없음,이륜,남,77세,경상
2017040700100154,2017년 4월 7일 09시,금요일,충청남도 천안시 서북구 성거읍,경상사고,0,0,1,0,차대차 - 기타,안전운전불이행,건조,맑음,교차로 - 교차로부근,승용,여,53세,상해없음,승용,여,40세,경상
2017040700100155,2017년 4월 7일 09시,금요일,충청남도 아산시 탕정면,경상사고,0,0,1,0,차대차 - 기타,안전운전불이행,건조,맑음,단일로 - 기타,화물,남,55세,상해없음,승용,남,25세,경상
2017040700100185,2017년 4월 7일 10시,금요일,충청남도 서산시 대산읍,중상사고,0,1,0,0,차대차 - 정면충돌,안전거리미확보,건조,맑음,단일로 - 기타,원동기,남,84세,중상,화물,남,56세,상해없음
2017040700100186,2017년 4월 7일 10시,금요일,충청남도 천안시 서북구 직산읍,경상사고,0,0,1,0,차대차 - 기타,안전거리미확보,건조,맑음,단일로 - 기타,화물,남,36세,상해없음,승용,여,40세,경상
2017040700100246,2017년 4월 7일 12시,금요일,충청남도 홍성군 홍성읍,경상사고,0,0,1,0,차대차 - 추돌,안전운전불이행,건조,맑음,단일로 - 기타,승용,여,41세,상해없음,승용,남,48세,경상
2017040700100247,2017년 4월 7일 12시,금요일,충청남도 예산군 삽교읍,경상사고,0,0,2,0,차대차 - 측면충돌,직진우회전진행방해,건조,맑음,교차로 - 교차로안,승용,여,43세,경상,승용,여,58세,경상
2017040700100278,2017년 4월 7일 13시,금요일,충청남도 서천군 서천읍,경상사고,0,0,1,0,차대차 - 측면충돌,직진우회전진행방해,건조,맑음,교차로 - 교차로안,승용,여,27세,경상,화물,남,48세,상해없음
2017040700100315,2017년 4월 7일 14시,금요일,충청남도 천안시 서북구 성정동,경상사고,0,0,1,0,차대차 - 기타,직진우회전진행방해,건조,맑음,교차로 - 교차로안,승용,여,51세,상해없음,승용,남,51세,경상
2017040700100350,2017년 4월 7일 15시,금요일,충청남도 서산시 읍내동,경상사고,0,0,1,0,차대차 - 측면충돌,직진우회전진행방해,건조,맑음,교차로 - 교차로안,승용,여,53세,상해없음,승용,남,40세,경상
2017040700100351,2017년 4월 7일 15시,금요일,충청남도 아산시 탕정면,사망사고,1,0,0,0,차량단독 - 전도전복,안전운전불이행,건조,맑음,단일로 - 기타,이륜,남,38세,사망,미분류,미분류,미분류,미분류
2017040700100383,2017년 4월 7일 16시,금요일,충청남도 서산시 예천동,중상사고,0,1,2,0,차대차 - 추돌,안전운전불이행,건조,맑음,단일로 - 기타,승용,여,27세,상해없음,승용,남,28세,경상
2017040700100384,2017년 4월 7일 16시,금요일,충청남도 논산시 내동,경상사고,0,0,1,0,차대사람 - 횡단중,안전운전불이행,건조,맑음,단일로 - 기타,승용,남,51세,상해없음,보행자,남,6세,경상
2017040700100500,2017년 4월 7일 19시,금요일,충청남도 논산시 대교동,중상사고,0,2,2,0,차대차 - 측면충돌,중앙선침범,건조,맑음,단일로 - 기타,자전거,남,58세,상해없음,승합,남,59세,상해없음
2017040700100541,2017년 4월 7일 20시,금요일,충청남도 홍성군 홍성읍,중상사고,0,1,1,0,차대차 - 추돌,안전운전불이행,건조,맑음,단일로 - 기타,이륜,남,19세,경상,화물,남,59세,상해없음
2017040700100571,2017년 4월 7일 21시,금요일,충청남도 천안시 서북구 두정동,경상사고,0,0,1,0,차대차 - 추돌,안전운전불이행,건조,맑음,교차로 - 교차로부근,승용,남,51세,상해없음,승용,남,36세,경상
2017040700100633,2017년 4월 7일 23시,금요일,충청남도 천안시 동남구 청당동,경상사고,0,0,2,0,차대차 - 추돌,안전운전불이행,건조,맑음,교차로 - 교차로부근,승용,남,34세,상해없음,승용,남,59세,경상
2017040800100033,2017년 4월 8일 00시,토요일,충청남도 태안군 안면읍,경상사고,0,0,2,0,차대차 - 정면충돌,중앙선침범,건조,맑음,단일로 - 기타,화물,남,51세,상해없음,승용,남,42세,경상
2017040800100080,2017년 4월 8일 03시,토요일,충청남도 서산시 석남동,중상사고,0,1,0,0,차대차 - 정면충돌,직진우회전진행방해,건조,맑음,교차로 - 교차로안,승용,남,49세,상해없음,승용,남,26세,중상
2017040800100089,2017년 4월 8일 04시,토요일,충청남도 천안시 서북구 성정동,중상사고,0,2,0,0,차대차 - 기타,기타,건조,맑음,교차로 - 교차로안,승용,남,34세,중상,승용,남,57세,중상
2017040800100102,2017년 4월 8일 05시,토요일,충청남도 아산시 배방읍,사망사고,1,0,1,0,차대차 - 추돌,안전운전불이행,건조,맑음,단일로 - 기타,화물,남,45세,사망,화물,남,58세,경상
2017040800100116,2017년 4월 8일 06시,토요일,충청남도 공주시 신관동,경상사고,0,0,2,0,차대차 - 측면충돌,신호위반,젖음/습기,안개,교차로 - 교차로안,승용,여,48세,상해없음,승용,남,53세,경상
2017040800100136,2017년 4월 8일 07시,토요일,충청남도 천안시 서북구 입장면,경상사고,0,0,2,1,차대차 - 측면충돌,교차로운행방법위반,건조,맑음,교차로 - 교차로안,화물,남,63세,상해없음,승합,남,65세,상해없음
2017040800100161,2017년 4월 8일 08시,토요일,충청남도 부여군 구룡면,중상사고,0,1,0,0,차대차 - 측면충돌,중앙선침범,젖음/습기,안개,단일로 - 기타,화물,남,56세,상해없음,화물,여,71세,중상
2017040800100176,2017년 4월 8일 09시,토요일,충청남도 태안군 태안읍,경상사고,0,0,1,0,차대차 - 측면충돌,안전운전불이행,건조,맑음,교차로 - 교차로안,이륜,남,57세,상해없음,자전거,남,18세,경상
2017040800100266,2017년 4월 8일 12시,토요일,충청남도 서산시 동문동,경상사고,0,0,1,0,차대사람 - 횡단중,보행자보호의무위반,건조,맑음,단일로 - 기타,승용,남,63세,상해없음,보행자,남,57세,경상
2017040800100267,2017년 4월 8일 12시,토요일,충청남도 아산시 탕정면,경상사고,0,0,4,0,차대차 - 추돌,안전운전불이행,건조,맑음,단일로 - 기타,승용,남,23세,상해없음,승용,남,27세,경상
2017040800100268,2017년 4월 8일 12시,토요일,충청남도 공주시 금성동,경상사고,0,0,3,0,차대차 - 측면충돌,신호위반,건조,맑음,교차로 - 교차로안,승용,남,56세,경상,승용,남,25세,경상
2017040800100269,2017년 4월 8일 12시,토요일,충청남도 공주시 탄천면,중상사고,0,1,0,0,차대차 - 정면충돌,중앙선침범,건조,맑음,단일로 - 기타,승용,남,54세,상해없음,원동기,남,55세,중상
2017040800100308,2017년 4월 8일 13시,토요일,충청남도 서산시 예천동,경상사고,0,0,1,0,차대차 - 측면충돌,차로위반,건조,맑음,교차로 - 교차로부근,승용,남,66세,상해없음,승용,남,31세,경상
2017040800100309,2017년 4월 8일 13시,토요일,충청남도 보령시 주산면,중상사고,0,1,0,0,차대사람 - 기타,안전운전불이행,건조,맑음,교차로 - 교차로부근,화물,남,48세,기타불명,보행자,남,72세,중상
2017040800100310,2017년 4월 8일 13시,토요일,충청남도 천안시 동남구 영성동,중상사고,0,1,0,0,차대차 - 측면충돌,기타,건조,맑음,단일로 - 기타,승용,남,55세,중상,승합,남,40세,상해없음
2017040800100351,2017년 4월 8일 14시,토요일,충청남도 공주시 금흥동,경상사고,0,0,1,1,차대차 - 정면충돌,중앙선침범,건조,맑음,단일로 - 기타,승용,남,59세,부상신고,승용,남,54세,경상
2017040800100387,2017년 4월 8일 15시,토요일,충청남도 논산시 강경읍,중상사고,0,1,0,0,차대차 - 측면충돌,안전운전불이행,건조,맑음,단일로 - 기타,특수,남,49세,상해없음,승용,남,43세,중상
2017040800100388,2017년 4월 8일 15시,토요일,충청남도 당진시 송악읍,중상사고,0,1,1,0,차대차 - 정면충돌,중앙선침범,건조,맑음,단일로 - 기타,화물,남,31세,상해없음,승용,여,59세,중상
2017040800100430,2017년 4월 8일 16시,토요일,충청남도 태안군 태안읍,경상사고,0,0,1,0,차대사람 - 횡단중,기타,건조,맑음,단일로 - 기타,승용,여,52세,상해없음,보행자,남,54세,경상
2017040800100431,2017년 4월 8일 16시,토요일,충청남도 천안시 동남구 안서동,부상신고사고,0,0,0,1,차대사람 - 길가장자리구역통행중,안전운전불이행,건조,맑음,단일로 - 기타,승용,남,27세,상해없음,보행자,여,47세,부상신고
2017040800100463,2017년 4월 8일 17시,토요일,충청남도 태안군 남면,경상사고,0,0,2,0,차대차 - 측면충돌,안전운전불이행,건조,맑음,교차로 - 교차로안,승용,남,39세,상해없음,승용,남,55세,경상
2017040800100464,2017년 4월 8일 17시,토요일,충청남도 홍성군 장곡면,중상사고,0,1,0,0,차량단독 - 공작물충돌,안전운전불이행,건조,맑음,단일로 - 기타,승용,남,45세,상해없음,,,,
2017040800100568,2017년 4월 8일 20시,토요일,충청남도 홍성군 홍성읍,경상사고,0,0,1,0,차대차 - 추돌,안전거리미확보,건조,맑음,단일로 - 기타,승용,남,69세,상해없음,화물,남,36세,경상
2017040800100599,2017년 4월 8일 21시,토요일,충청남도 논산시 부창동,중상사고,0,2,2,0,차대차 - 측면충돌,교차로운행방법위반,건조,맑음,교차로 - 교차로안,화물,남,59세,경상,승용,여,48세,중상
2017040800100600,2017년 4월 8일 21시,토요일,충청남도 공주시 산성동,중상사고,0,1,0,0,차대차 - 측면충돌,안전운전불이행,건조,맑음,교차로 - 교차로안,자전거,남,24세,중상,승용,남,38세,상해없음
2017040800100601,2017년 4월 8일 21시,토요일,충청남도 금산군 추부면,중상사고,0,1,4,0,차대차 - 측면충돌,신호위반,건조,맑음,교차로 - 교차로안,승용,남,26세,상해없음,승용,남,42세,경상
2017040800100625,2017년 4월 8일 22시,토요일,충청남도 당진시 송악읍,중상사고,0,1,0,0,차대사람 - 횡단중,안전운전불이행,건조,맑음,단일로 - 기타,승용,남,30세,상해없음,보행자,남,30세,중상
2017040900100062,2017년 4월 9일 02시,일요일,충청남도 천안시 동남구 봉명동,경상사고,0,0,1,0,차대차 - 추돌,안전거리미확보,건조,맑음,단일로 - 기타,승용,남,48세,상해없음,승용,남,22세,경상
2017040900100104,2017년 4월 9일 06시,일요일,충청남도 천안시 서북구 쌍용동,경상사고,0,0,4,0,차대차 - 추돌,안전운전불이행,건조,맑음,교차로 - 교차로부근,승용,남,22세,상해없음,승용,남,48세,경상
2017040900100112,2017년 4월 9일 07시,일요일,충청남도 천안시 동남구 병천면,경상사고,0,0,1,0,차대차 - 측면충돌,안전운전불이행,건조,맑음,교차로 - 교차로안,승용,남,70세,상해없음,승용,여,53세,경상
2017040900100120,2017년 4월 9일 08시,일요일,충청남도 아산시 인주면,중상사고,0,1,0,0,차대차 - 측면충돌,안전운전불이행,건조,맑음,교차로 - 교차로부근,자전거,남,89세,중상,건설기계,남,48세,상해없음
2017040900100121,2017년 4월 9일 08시,일요일,충청남도 공주시 중학동,중상사고,0,2,0,0,차대차 - 측면충돌,중앙선침범,건조,맑음,단일로 - 기타,승용,여,56세,상해없음,이륜,남,48세,중상
2017040900100160,2017년 4월 9일 11시,일요일,충청남도 당진시 읍내리,경상사고,0,0,2,0,차대차 - 정면충돌,교차로운행방법위반,건조,맑음,교차로 - 교차로안,승용,남,27세,상해없음,승용,남,53세,경상
2017040900100191,2017년 4월 9일 12시,일요일,충청남도 서산시 동문동,중상사고,0,1,1,0,차대차 - 측면충돌,교차로운행방법위반,건조,맑음,교차로 - 교차로안,승용,여,50세,경상,승용,여,52세,중상
2017040900100192,2017년 4월 9일 12시,일요일,충청남도 서천군 서면,중상사고,0,1,0,0,차대사람 - 기타,안전운전불이행,건조,맑음,단일로 - 기타,승용,남,80세,상해없음,보행자,남,39세,중상
2017040900100193,2017년 4월 9일 12시,일요일,충청남도 예산군 예산읍,중상사고,0,1,0,0,차대사람 - 차도통행중,안전운전불이행,건조,맑음,단일로 - 터널,화물,남,72세,상해없음,보행자,남,47세,중상
2017040900100243,2017년 4월 9일 14시,일요일,충청남도 태안군 태안읍,중상사고,0,2,2,0,차대차 - 추돌,안전운전불이행,건조,맑음,교차로 - 교차로부근,화물,남,45세,상해없음,승용,여,30세,경상
2017040900100270,2017년 4월 9일 15시,일요일,충청남도 서산시 부석면,중상사고,0,1,1,0,차대차 - 추돌,안전거리미확보,건조,흐림,단일로 - 기타,승용,남,48세,상해없음,승용,여,55세,경상
2017040900100271,2017년 4월 9일 15시,일요일,충청남도 서천군 서면,중상사고,0,1,0,0,차량단독 - 공작물충돌,안전운전불이행,건조,맑음,교차로 - 교차로안,화물,여,67세,중상,,,,
2017040900100297,2017년 4월 9일 16시,일요일,충청남도 당진시 신평면,경상사고,0,0,2,0,차대차 - 기타,교차로운행방법위반,건조,맑음,교차로 - 교차로안,승합,남,55세,상해없음,승용,남,37세,경상
2017040900100321,2017년 4월 9일 17시,일요일,충청남도 보령시 주교면,경상사고,0,0,1,0,차대차 - 추돌,안전운전불이행,건조,맑음,단일로 - 기타,승용,남,43세,상해없음,승용,남,44세,경상
2017040900100352,2017년 4월 9일 18시,일요일,충청남도 서산시 부석면,경상사고,0,0,2,1,차대차 - 정면충돌,중앙선침범,건조,맑음,단일로 - 기타,승용,남,60세,부상신고,승용,남,61세,경상
2017040900100380,2017년 4월 9일 19시,일요일,충청남도 공주시 신관동,경상사고,0,0,2,0,차대차 - 추돌,안전운전불이행,건조,맑음,교차로 - 교차로부근,승용,여,25세,상해없음,승용,여,51세,경상
2017040900100381,2017년 4월 9일 19시,일요일,충청남도 천안시 동남구 원성동,중상사고,0,1,3,0,차대차 - 측면충돌,안전운전불이행,건조,맑음,교차로 - 교차로안,승용,남,74세,상해없음,원동기,남,16세,중상
2017040900100432,2017년 4월 9일 21시,일요일,충청남도 당진시 송악읍,경상사고,0,0,2,0,차량단독 - 전도전복,안전운전불이행,건조,맑음,단일로 - 기타,승용,남,26세,상해없음,미분류,미분류,미분류,미분류
2017040900100443,2017년 4월 9일 22시,일요일,충청남도 천안시 동남구 신방동,중상사고,0,1,0,0,차대차 - 측면충돌,안전운전불이행,건조,맑음,단일로 - 기타,승용,남,44세,상해없음,이륜,남,28세,중상
2017041000100083,2017년 4월 10일 06시,월요일,충청남도 공주시 우성면,경상사고,0,0,1,0,차량단독 - 도로외이탈 - 추락,안전운전불이행,건조,맑음,단일로 - 기타,승용,남,38세,경상,,,,
2017041000100097,2017년 4월 10일 07시,월요일,충청남도 천안시 서북구 불당동,경상사고,0,0,1,0,차대차 - 기타,신호위반,건조,맑음,교차로 - 교차로안,승용,여,45세,상해없음,승용,여,48세,경상
2017041000100210,2017년 4월 10일 10시,월요일,충청남도 보령시 동대동,중상사고,0,1,0,0,차대차 - 기타,기타,건조,맑음,단일로 - 교량,자전거,남,65세,기타불명,자전거,여,74세,중상
2017041000100239,2017년 4월 10일 11시,월요일,충청남도 천안시 동남구 삼룡동,경상사고,0,0,1,0,차대차 - 측면충돌,안전운전불이행,건조,맑음,단일로 - 기타,화물,남,51세,상해없음,승용,여,59세,경상
2017041000100288,2017년 4월 10일 13시,월요일,충청남도 예산군 예산읍,중상사고,0,1,0,0,차대차 - 추돌,안전운전불이행,건조,맑음,단일로 - 기타,승용,여,66세,상해없음,자전거,여,62세,중상
2017041000100363,2017년 4월 10일 15시,월요일,충청남도 서산시 성연면,경상사고,0,0,1,0,차대차 - 측면충돌,신호위반,건조,맑음,교차로 - 교차로안,이륜,남,75세,경상,승용,남,45세,상해없음
2017041000100364,2017년 4월 10일 15시,월요일,충청남도 천안시 서북구 쌍용동,경상사고,0,0,1,0,차대사람 - 횡단중,안전운전불이행,건조,맑음,교차로 - 교차로안,승용,여,24세,상해없음,보행자,여,59세,경상
2017041000100402,2017년 4월 10일 16시,월요일,충청남도 천안시 서북구 성정동,중상사고,0,1,0,0,차대사람 - 횡단중,보행자보호의무위반,건조,맑음,교차로 - 교차로부근,승용,남,29세,상해없음,보행자,여,26세,중상
2017041000100403,2017년 4월 10일 16시,월요일,충청남도 논산시 강산동,경상사고,0,0,2,0,차대차 - 측면충돌,안전거리미확보,건조,맑음,단일로 - 기타,건설기계,남,46세,상해없음,승용,여,44세,경상
2017041000100404,2017년 4월 10일 16시,월요일,충청남도 서천군 서천읍,경상사고,0,0,1,0,차대사람 - 횡단중,보행자보호의무위반,건조,맑음,교차로 - 교차로횡단보도내,승용,남,70세,상해없음,보행자,남,9세,경상
2017041000100405,2017년 4월 10일 16시,월요일,충청남도 예산군 예산읍,경상사고,0,0,1,0,차대사람 - 횡단중,안전운전불이행,건조,맑음,단일로 - 기타,승용,남,49세,상해없음,보행자,여,80세,경상
2017041000100447,2017년 4월 10일 17시,월요일,충청남도 서산시 예천동,중상사고,0,1,0,0,차대차 - 측면충돌,교차로운행방법위반,건조,맑음,교차로 - 교차로안,이륜,남,35세,중상,승용,남,64세,상해없음
2017041000100488,2017년 4월 10일 18시,월요일,충청남도 천안시 서북구 두정동,경상사고,0,0,1,0,차대차 - 기타,불법유턴,건조,맑음,단일로 - 기타,승용,남,40세,상해없음,승용,남,31세,경상
2017041000100489,2017년 4월 10일 18시,월요일,충청남도 천안시 서북구 성정동,경상사고,0,0,1,0,차대차 - 기타,안전운전불이행,건조,맑음,교차로 - 교차로부근,승용,남,26세,상해없음,자전거,남,9세,경상
2017041000100490,2017년 4월 10일 18시,월요일,충청남도 천안시 서북구 성거읍,경상사고,0,0,1,0,차대차 - 기타,직진우회전진행방해,건조,맑음,교차로 - 교차로부근,승용,남,59세,상해없음,승용,남,22세,경상
2017041000100491,2017년 4월 10일 18시,월요일,충청남도 금산군 금성면,경상사고,0,0,2,0,차대차 - 측면충돌,직진우회전진행방해,건조,맑음,교차로 - 교차로안,승용,남,36세,상해없음,승용,남,65세,경상
2017041000100492,2017년 4월 10일 18시,월요일,충청남도 천안시 동남구 다가동,경상사고,0,0,1,0,차대차 - 측면충돌,신호위반,건조,맑음,교차로 - 교차로안,승용,여,45세,상해없음,승용,여,50세,경상
2017041000100517,2017년 4월 10일 19시,월요일,충청남도 논산시 노성면,부상신고사고,0,0,0,1,차대차 - 측면충돌,중앙선침범,건조,맑음,단일로 - 기타,이륜,남,80세,부상신고,승용,남,52세,상해없음
2017041000100518,2017년 4월 10일 19시,월요일,충청남도 천안시 동남구 안서동,경상사고,0,0,3,0,차대차 - 측면충돌,안전운전불이행,건조,맑음,단일로 - 기타,승용,남,25세,경상,화물,남,48세,경상
2017041000100551,2017년 4월 10일 20시,월요일,충청남도 서산시 대산읍,중상사고,0,1,0,0,차대사람 - 횡단중,안전운전불이행,건조,맑음,단일로 - 기타,승용,남,43세,상해없음,보행자,남,73세,중상
2017041000100552,2017년 4월 10일 20시,월요일,충청남도 당진시 신평면,경상사고,0,0,1,0,차대사람 - 횡단중,안전운전불이행,건조,맑음,교차로 - 교차로안,화물,남,74세,상해없음,보행자,남,37세,경상
2017041000100606,2017년 4월 10일 22시,월요일,충청남도 청양군 청양읍,경상사고,0,0,1,0,차대차 - 정면충돌,안전운전불이행,건조,맑음,교차로 - 교차로부근,승용,남,58세,경상,화물,남,57세,기타불명
2017041000100631,2017년 4월 10일 23시,월요일,충청남도 공주시 반포면,경상사고,0,0,1,0,차대사람 - 길가장자리구역통행중,안전운전불이행,건조,흐림,단일로 - 기타,승용,여,60세,상해없음,보행자,남,27세,경상
2017041100100042,2017년 4월 11일 02시,화요일,충청남도 천안시 서북구 쌍용동,경상사고,0,0,1,0,차대차 - 기타,신호위반,건조,맑음,교차로 - 교차로안,승용,남,23세,상해없음,화물,남,57세,경상
2017041100100069,2017년 4월 11일 05시,화요일,충청남도 계룡시 엄사면,중상사고,0,1,0,0,차대차 - 측면충돌,신호위반,젖음/습기,비,교차로 - 교차로안,화물,남,66세,상해없음,승용,남,62세,중상
2017041100100098,2017년 4월 11일 07시,화요일,충청남도 천안시 동남구 구성동,경상사고,0,0,1,1,차대차 - 기타,신호위반,젖음/습기,비,교차로 - 교차로안,승합,남,54세,상해없음,승용,남,42세,부상신고
2017041100100227,2017년 4월 11일 11시,화요일,충청남도 서천군 장항읍,경상사고,0,0,1,0,차대사람 - 횡단중,안전운전불이행,건조,맑음,단일로 - 기타,승용,남,80세,상해없음,보행자,여,52세,경상
2017041100100254,2017년 4월 11일 12시,화요일,충청남도 아산시 탕정면,경상사고,0,0,1,0,차대사람 - 횡단중,안전운전불이행,건조,맑음,단일로 - 기타,승용,남,42세,상해없음,보행자,남,42세,경상
2017041100100287,2017년 4월 11일 13시,화요일,충청남도 태안군 소원면,중상사고,0,10,0,0,차대차 - 정면충돌,중앙선침범,건조,맑음,단일로 - 기타,승용,여,31세,중상,화물,남,74세,중상
2017041100100288,2017년 4월 11일 13시,화요일,충청남도 천안시 서북구 성정동,경상사고,0,0,1,0,차대사람 - 횡단중,보행자보호의무위반,건조,맑음,교차로 - 교차로횡단보도내,승용,남,31세,상해없음,보행자,여,73세,경상
2017041100100289,2017년 4월 11일 13시,화요일,충청남도 청양군 남양면,경상사고,0,0,1,0,차대차 - 측면충돌,직진우회전진행방해,건조,맑음,교차로 - 교차로안,자전거,여,76세,경상,승용,남,53세,상해없음
2017041100100318,2017년 4월 11일 14시,화요일,충청남도 천안시 동남구 병천면,경상사고,0,0,1,0,차대차 - 추돌,안전운전불이행,건조,맑음,단일로 - 기타,화물,남,53세,상해없음,자전거,여,70세,경상
2017041100100378,2017년 4월 11일 16시,화요일,충청남도 아산시 권곡동,부상신고사고,0,0,0,1,차대차 - 정면충돌,안전운전불이행,건조,맑음,단일로 - 기타,원동기,남,16세,부상신고,승용,남,36세,상해없음
2017041100100379,2017년 4월 11일 16시,화요일,충청남도 예산군 예산읍,중상사고,0,1,0,0,차대차 - 측면충돌,교차로운행방법위반,건조,맑음,교차로 - 교차로안,승용,여,59세,상해없음,이륜,남,83세,중상
2017041100100414,2017년 4월 11일 17시,화요일,충청남도 서산시 지곡면,부상신고사고,0,0,0,1,차대사람 - 기타,안전운전불이행,건조,맑음,단일로 - 기타,승용,남,54세,상해없음,보행자,남,11세,부상신고
2017041100100470,2017년 4월 11일 18시,화요일,충청남도 천안시 서북구 성환읍,경상사고,0,0,2,0,차대차 - 기타,안전운전불이행,건조,맑음,단일로 - 기타,승용,남,75세,상해없음,승용,남,45세,경상
2017041100100471,2017년 4월 11일 18시,화요일,충청남도 공주시 반포면,중상사고,0,1,0,0,차대차 - 측면충돌,안전운전불이행,건조,맑음,단일로 - 기타,승용,남,24세,상해없음,이륜,남,82세,중상
2017041100100510,2017년 4월 11일 19시,화요일,충청남도 보령시 신흑동,경상사고,0,0,1,0,차대차 - 기타,안전운전불이행,건조,맑음,단일로 - 기타,승용,여,29세,경상,승용,남,58세,상해없음
2017041100100511,2017년 4월 11일 19시,화요일,충청남도 천안시 동남구 신부동,경상사고,0,0,1,0,차대차 - 측면충돌,기타,건조,맑음,교차로 - 교차로부근,승용,남,39세,상해없음,원동기,남,25세,상해없음
2017041100100546,2017년 4월 11일 20시,화요일,충청남도 당진시 석문면,중상사고,0,1,0,0,차대차 - 정면충돌,안전운전불이행,건조,맑음,단일로 - 교량,승용,남,56세,상해없음,승용,남,46세,중상
2017041100100547,2017년 4월 11일 20시,화요일,충청남도 당진시 송산면,경상사고,0,0,2,0,차대차 - 정면충돌,안전운전불이행,건조,맑음,단일로 - 기타,승용,남,58세,상해없음,승용,남,27세,경상