사고번호,사고일시,요일,시군구,사고내용,사망자수,중상자수,경상자수,부상신고자수,사고유형,법규위반,노면상태,기상상태,도로형태,가해운전자 차종,가해운전자 성별,가해운전자 연령,가해운전자 상해정도,피해운전자 차종,피해운전자 성별,피해운전자 연령,피해운전자 상해정도
2017043000100326,2017년 4월 30일 16시,일요일,충청남도 공주시 우성면,경상사고,0,0,3,0,차대차 - 추돌,안전운전불이행,건조,맑음,단일로 - 기타,승용,남,25세,경상,승용,남,62세,경상
2017043000100327,2017년 4월 30일 16시,일요일,충청남도 공주시 우성면,경상사고,0,0,2,0,차대차 - 추돌,안전운전불이행,건조,맑음,단일로 - 기타,승용,남,55세,상해없음,승용,남,43세,상해없음
2017043000100361,2017년 4월 30일 17시,일요일,충청남도 아산시 풍기동,부상신고사고,0,0,0,1,차대차 - 기타,안전운전불이행,건조,맑음,단일로 - 기타,원동기,남,15세,상해없음,승용,남,35세,기타불명
2017043000100362,2017년 4월 30일 17시,일요일,충청남도 당진시 읍내리,경상사고,0,0,2,0,차대차 - 측면충돌,안전운전불이행,건조,맑음,교차로 - 교차로부근,승용,남,49세,상해없음,승용,남,24세,경상
2017043000100382,2017년 4월 30일 18시,일요일,충청남도 공주시 정안면,부상신고사고,0,0,0,1,차대차 - 측면충돌,안전운전불이행,건조,맑음,주차장 - 주차장,승합,남,59세,상해없음,승용,남,34세,상해없음
2017043000100383,2017년 4월 30일 18시,일요일,충청남도 부여군 내산면,사망사고,1,0,0,0,차량단독 - 전도전복,안전운전불이행,건조,맑음,교차로 - 교차로부근,사륜오토바이(ATV),남,70세,사망,미분류,미분류,미분류,미분류
2017043000100411,2017년 4월 30일 19시,일요일,충청남도 서산시 고북면,사망사고,1,0,0,0,차대사람 - 횡단중,기타,건조,맑음,단일로 - 기타,승용,여,51세,상해없음,보행자,남,7세,사망
2017043000100443,2017년 4월 30일 20시,일요일,충청남도 서천군 비인면,사망사고,1,0,0,0,차대사람 - 횡단중,과속,건조,맑음,단일로 - 기타,승용,남,27세,상해없음,보행자,여,80세,사망
2017043000100444,2017년 4월 30일 20시,일요일,충청남도 공주시 봉정동,경상사고,0,0,1,0,차대차 - 추돌,안전운전불이행,건조,맑음,단일로 - 기타,승용,남,66세,상해없음,농기계,남,51세,경상
2017043000100467,2017년 4월 30일 21시,일요일,충청남도 공주시 의당면,경상사고,0,0,1,0,차대사람 - 횡단중,안전운전불이행,건조,맑음,단일로 - 기타,기타불명,기타불명,미분류,기타불명,보행자,남,53세,경상
2017050100100051,2017년 5월 1일 04시,월요일,충청남도 천안시 동남구 안서동,중상사고,0,1,0,0,차대차 - 정면충돌,안전운전불이행,건조,맑음,단일로 - 기타,승용,남,27세,상해없음,원동기,남,29세,중상
2017050100100068,2017년 5월 1일 06시,월요일,충청남도 당진시 송악읍,중상사고,0,1,0,0,차대차 - 측면충돌,안전운전불이행,건조,맑음,단일로 - 기타,승용,여,64세,상해없음,승용,남,57세,중상
2017050100100076,2017년 5월 1일 07시,월요일,충청남도 논산시 내동,경상사고,0,0,1,0,차대차 - 측면충돌,안전운전불이행,건조,맑음,교차로 - 교차로안,승용,남,25세,상해없음,승용,남,33세,경상
2017050100100077,2017년 5월 1일 07시,월요일,충청남도 천안시 동남구 광덕면,경상사고,0,0,1,0,차대차 - 측면충돌,안전운전불이행,건조,맑음,교차로 - 교차로안,사륜오토바이(ATV),남,74세,상해없음,승용,여,50세,경상
2017050100100100,2017년 5월 1일 08시,월요일,충청남도 천안시 동남구 신부동,경상사고,0,0,3,0,차대차 - 기타,안전운전불이행,건조,맑음,단일로 - 기타,승용,남,45세,경상,승용,여,66세,경상
2017050100100125,2017년 5월 1일 09시,월요일,충청남도 천안시 서북구 성정동,경상사고,0,0,1,0,차대차 - 기타,직진우회전진행방해,건조,맑음,교차로 - 교차로안,승용,남,34세,상해없음,승용,남,26세,경상
2017050100100150,2017년 5월 1일 10시,월요일,충청남도 서천군 서천읍,경상사고,0,0,1,0,차대차 - 측면충돌,직진우회전진행방해,건조,맑음,교차로 - 교차로안,승용,남,53세,상해없음,화물,여,65세,경상
2017050100100177,2017년 5월 1일 11시,월요일,충청남도 논산시 가야곡면,경상사고,0,0,1,0,차대차 - 정면충돌,안전운전불이행,건조,맑음,단일로 - 기타,화물,남,59세,상해없음,화물,남,43세,상해없음
2017050100100178,2017년 5월 1일 11시,월요일,충청남도 보령시 대천동,경상사고,0,0,1,0,차대사람 - 횡단중,보행자보호의무위반,건조,맑음,교차로 - 교차로횡단보도내,승용,여,25세,상해없음,보행자,남,61세,경상
2017050100100179,2017년 5월 1일 11시,월요일,충청남도 당진시 합덕읍,사망사고,1,0,0,0,차대사람 - 차도통행중,안전운전불이행,건조,맑음,단일로 - 기타,화물,남,52세,상해없음,보행자,남,25세,사망
2017050100100211,2017년 5월 1일 12시,월요일,충청남도 천안시 동남구 성남면,중상사고,0,1,0,0,차대사람 - 차도통행중,안전운전불이행,건조,맑음,기타 - 기타,승용,여,59세,상해없음,보행자,여,78세,중상
2017050100100256,2017년 5월 1일 13시,월요일,충청남도 아산시 둔포면,중상사고,0,1,0,0,차대차 - 정면충돌,중앙선침범,건조,맑음,단일로 - 기타,승용,여,51세,상해없음,승용,남,34세,중상
2017050100100281,2017년 5월 1일 14시,월요일,충청남도 아산시 영인면,경상사고,0,0,1,0,차대차 - 기타,중앙선침범,건조,맑음,단일로 - 기타,화물,남,47세,상해없음,승용,여,23세,경상
2017050100100282,2017년 5월 1일 14시,월요일,충청남도 금산군 복수면,중상사고,0,1,0,0,차대차 - 추돌,안전운전불이행,건조,맑음,교차로 - 교차로부근,승용,남,48세,상해없음,승용,남,52세,기타불명
2017050100100326,2017년 5월 1일 15시,월요일,충청남도 천안시 동남구 대흥동,경상사고,0,0,1,0,차대사람 - 횡단중,안전운전불이행,건조,맑음,단일로 - 기타,승용,여,34세,상해없음,보행자,남,55세,경상
2017050100100368,2017년 5월 1일 16시,월요일,충청남도 예산군 삽교읍,중상사고,0,1,0,0,차대차 - 추돌,안전운전불이행,건조,맑음,교차로 - 교차로횡단보도내,원동기,남,82세,중상,승용,남,49세,상해없음
2017050100100401,2017년 5월 1일 17시,월요일,충청남도 홍성군 광천읍,중상사고,0,1,0,0,차대차 - 측면충돌,신호위반,건조,맑음,교차로 - 교차로안,이륜,남,71세,상해없음,농기계,남,75세,중상
2017050100100402,2017년 5월 1일 17시,월요일,충청남도 아산시 둔포면,사망사고,1,0,0,0,차량단독 - 전도전복 - 전도,안전운전불이행,건조,맑음,교차로 - 교차로안,이륜,남,41세,사망,,,,
2017050100100403,2017년 5월 1일 17시,월요일,충청남도 청양군 청양읍,경상사고,0,0,1,0,차대차 - 측면충돌,안전운전불이행,건조,맑음,교차로 - 교차로부근,자전거,남,14세,경상,승용,여,37세,상해없음
2017050100100439,2017년 5월 1일 18시,월요일,충청남도 서산시 온석동,경상사고,0,0,1,0,차대차 - 정면충돌,교차로운행방법위반,건조,맑음,교차로 - 교차로안,승용,남,44세,상해없음,이륜,남,63세,경상
2017050100100440,2017년 5월 1일 18시,월요일,충청남도 천안시 서북구 입장면,경상사고,0,0,3,0,차대차 - 측면충돌,안전운전불이행,건조,맑음,단일로 - 기타,승용,여,57세,상해없음,승용,남,40세,경상
2017050100100479,2017년 5월 1일 19시,월요일,충청남도 홍성군 홍북읍,경상사고,0,0,2,0,차대차 - 추돌,안전운전불이행,건조,맑음,단일로 - 기타,승용,남,54세,상해없음,승용,여,35세,경상
2017050100100480,2017년 5월 1일 19시,월요일,충청남도 아산시 음봉면,중상사고,0,1,0,0,차대차 - 정면충돌,안전운전불이행,건조,맑음,교차로 - 교차로안,승용,남,50세,상해없음,승용,남,40세,중상
2017050100100511,2017년 5월 1일 20시,월요일,충청남도 금산군 금성면,중상사고,0,1,0,0,차대차 - 추돌,과속,건조,맑음,단일로 - 기타,승용,남,35세,상해없음,이륜,남,51세,중상
2017050100100537,2017년 5월 1일 21시,월요일,충청남도 보령시 대천동,경상사고,0,0,2,0,차대차 - 측면충돌,직진우회전진행방해,건조,맑음,교차로 - 교차로안,승용,남,30세,상해없음,승용,여,22세,경상
2017050100100560,2017년 5월 1일 22시,월요일,충청남도 천안시 서북구 백석동,경상사고,0,0,1,0,차대차 - 기타,안전운전불이행,건조,맑음,단일로 - 기타,승용,남,39세,상해없음,승용,남,40세,경상
2017050100100583,2017년 5월 1일 23시,월요일,충청남도 천안시 서북구 와촌동,경상사고,0,0,2,0,차대차 - 기타,신호위반,건조,맑음,교차로 - 교차로부근,승용,남,53세,상해없음,승용,남,33세,경상
2017050200100064,2017년 5월 2일 05시,화요일,충청남도 서산시 예천동,경상사고,0,0,1,0,차대차 - 추돌,안전운전불이행,건조,맑음,교차로 - 교차로부근,승용,남,52세,상해없음,승용,남,43세,경상
2017050200100088,2017년 5월 2일 07시,화요일,충청남도 당진시 신평면,중상사고,0,1,0,0,차대차 - 측면충돌,안전거리미확보,건조,맑음,단일로 - 기타,화물,남,42세,상해없음,승용,여,42세,중상
2017050200100089,2017년 5월 2일 07시,화요일,충청남도 천안시 동남구 청당동,경상사고,0,0,1,0,차대차 - 측면충돌,신호위반,건조,맑음,교차로 - 교차로안,승용,여,47세,상해없음,승용,남,42세,경상
2017050200100127,2017년 5월 2일 08시,화요일,충청남도 천안시 서북구 백석동,경상사고,0,0,3,0,차대차 - 기타,안전운전불이행,건조,맑음,교차로 - 교차로부근,승용,여,46세,경상,승용,여,34세,상해없음
2017050200100128,2017년 5월 2일 08시,화요일,충청남도 천안시 서북구 성정동,중상사고,0,1,0,0,차대차 - 기타,신호위반,건조,맑음,교차로 - 교차로안,승용,남,46세,상해없음,승용,남,65세,중상
2017050200100129,2017년 5월 2일 08시,화요일,충청남도 부여군 부여읍,경상사고,0,0,1,0,차대차 - 추돌,안전운전불이행,건조,맑음,단일로 - 터널,승용,여,54세,상해없음,승용,남,53세,경상
2017050200100165,2017년 5월 2일 09시,화요일,충청남도 서산시 해미면,경상사고,0,0,1,0,차대차 - 측면충돌,교차로운행방법위반,건조,맑음,교차로 - 교차로안,이륜,남,82세,상해없음,승용,남,34세,상해없음
2017050200100195,2017년 5월 2일 10시,화요일,충청남도 아산시 염치읍,중상사고,0,1,0,0,차대사람 - 기타,기타,건조,맑음,단일로 - 기타,승합,남,46세,상해없음,보행자,여,76세,중상
2017050200100245,2017년 5월 2일 12시,화요일,충청남도 논산시 은진면,중상사고,0,1,0,0,차대사람 - 기타,안전운전불이행,건조,맑음,단일로 - 기타,승용,남,47세,상해없음,보행자,남,56세,중상
2017050200100246,2017년 5월 2일 12시,화요일,충청남도 홍성군 홍북읍,중상사고,0,1,0,0,차대차 - 측면충돌,교차로운행방법위반,건조,맑음,교차로 - 교차로안,승용,남,50세,상해없음,화물,남,67세,중상
2017050200100247,2017년 5월 2일 12시,화요일,충청남도 예산군 예산읍,중상사고,0,1,0,0,차대사람 - 기타,안전운전불이행,건조,맑음,기타 - 기타,승합,남,61세,상해없음,보행자,여,19세,중상
2017050200100248,2017년 5월 2일 12시,화요일,충청남도 천안시 동남구 구성동,경상사고,0,0,1,0,차대사람 - 횡단중,안전운전불이행,건조,맑음,단일로 - 기타,승용,남,54세,상해없음,보행자,여,83세,경상
2017050200100276,2017년 5월 2일 13시,화요일,충청남도 서산시 동문동,중상사고,0,1,0,0,차대사람 - 횡단중,안전운전불이행,건조,맑음,단일로 - 기타,승용,남,41세,상해없음,보행자,여,46세,중상
2017050200100277,2017년 5월 2일 13시,화요일,충청남도 청양군 정산면,중상사고,0,1,1,0,차량단독 - 전도전복,안전운전불이행,건조,맑음,단일로 - 기타,승용,남,71세,경상,미분류,미분류,미분류,미분류
2017050200100303,2017년 5월 2일 14시,화요일,충청남도 태안군 근흥면,경상사고,0,0,1,0,차대차 - 기타,안전운전불이행,건조,맑음,단일로 - 기타,이륜,여,74세,경상,승용,여,33세,상해없음
2017050200100304,2017년 5월 2일 14시,화요일,충청남도 예산군 삽교읍,중상사고,0,1,0,0,차대차 - 기타,안전운전불이행,건조,맑음,기타 - 기타,화물,남,50세,중상,화물,남,63세,기타불명
2017050200100372,2017년 5월 2일 16시,화요일,충청남도 서산시 읍내동,중상사고,0,1,2,0,차대차 - 측면충돌,안전운전불이행,건조,맑음,교차로 - 교차로안,승용,남,28세,상해없음,승용,남,37세,상해없음
2017050200100373,2017년 5월 2일 16시,화요일,충청남도 서산시 동문동,경상사고,0,0,1,0,차대차 - 측면충돌,교차로운행방법위반,건조,맑음,교차로 - 교차로안,이륜,남,56세,상해없음,자전거,남,14세,상해없음
2017050200100374,2017년 5월 2일 16시,화요일,충청남도 홍성군 홍북읍,경상사고,0,0,1,0,차대차 - 측면충돌,차로위반,건조,맑음,단일로 - 기타,승용,남,66세,상해없음,승용,여,27세,경상
2017050200100375,2017년 5월 2일 16시,화요일,충청남도 청양군 청양읍,중상사고,0,1,0,0,차대사람 - 횡단중,보행자보호의무위반,건조,맑음,단일로 - 기타,화물,남,72세,상해없음,보행자,여,9세,중상
2017050200100418,2017년 5월 2일 17시,화요일,충청남도 서산시 고북면,중상사고,0,1,0,0,차대사람 - 기타,안전운전불이행,건조,맑음,주차장 - 주차장,승용,남,43세,상해없음,보행자,남,64세,중상
2017050200100419,2017년 5월 2일 17시,화요일,충청남도 천안시 서북구 성환읍,경상사고,0,0,1,0,차대차 - 추돌,안전운전불이행,건조,맑음,교차로 - 교차로부근,승용,남,30세,상해없음,승용,여,46세,경상
2017050200100420,2017년 5월 2일 17시,화요일,충청남도 아산시 탕정면,중상사고,0,1,0,0,차대차 - 추돌,안전운전불이행,건조,맑음,교차로 - 교차로부근,승용,남,52세,상해없음,이륜,남,44세,중상
2017050200100421,2017년 5월 2일 17시,화요일,충청남도 아산시 둔포면,경상사고,0,0,1,0,차대차 - 추돌,안전운전불이행,건조,맑음,단일로 - 기타,승용,남,64세,상해없음,화물,남,60세,경상
2017050200100423,2017년 5월 2일 17시,화요일,충청남도 당진시 우강면,중상사고,0,1,0,0,차대차 - 추돌,안전운전불이행,건조,맑음,단일로 - 기타,승용,남,44세,상해없음,이륜,남,55세,중상
2017050200100506,2017년 5월 2일 19시,화요일,충청남도 서산시 대산읍,중상사고,0,1,0,0,차대차 - 정면충돌,안전운전불이행,건조,맑음,단일로 - 기타,화물,남,57세,상해없음,승용,남,23세,중상
2017050200100507,2017년 5월 2일 19시,화요일,충청남도 천안시 서북구 쌍용동,경상사고,0,0,1,0,차대차 - 측면충돌,교차로운행방법위반,건조,맑음,교차로 - 교차로안,승용,남,51세,상해없음,승용,남,41세,경상
2017050200100545,2017년 5월 2일 20시,화요일,충청남도 논산시 연무읍,경상사고,0,0,2,0,차대차 - 측면충돌,차로위반,건조,맑음,단일로 - 기타,승용,여,60세,상해없음,승용,남,31세,경상
2017050200100546,2017년 5월 2일 20시,화요일,충청남도 아산시 배방읍,경상사고,0,0,1,0,차대차 - 정면충돌,신호위반,건조,맑음,교차로 - 교차로안,승용,여,47세,상해없음,이륜,남,19세,경상
2017050200100547,2017년 5월 2일 20시,화요일,충청남도 천안시 동남구 목천읍,중상사고,0,1,0,0,차대차 - 측면충돌,안전운전불이행,건조,맑음,단일로 - 기타,승용,남,48세,상해없음,이륜,남,52세,중상
2017050200100575,2017년 5월 2일 21시,화요일,충청남도 천안시 서북구 성환읍,부상신고사고,0,0,0,1,차대차 - 기타,안전운전불이행,건조,맑음,단일로 - 기타,화물,남,59세,상해없음,이륜,남,17세,부상신고
2017050200100598,2017년 5월 2일 22시,화요일,충청남도 아산시 음봉면,중상사고,0,1,0,1,차대차 - 측면충돌,안전운전불이행,건조,맑음,교차로 - 교차로부근,승용,남,36세,부상신고,특수,남,58세,상해없음
2017050200100622,2017년 5월 2일 23시,화요일,충청남도 홍성군 홍성읍,경상사고,0,0,1,0,차대차 - 추돌,안전운전불이행,건조,맑음,단일로 - 기타,승용,남,38세,상해없음,승용,남,27세,경상
2017050200100623,2017년 5월 2일 23시,화요일,충청남도 부여군 부여읍,경상사고,0,0,1,0,차대차 - 기타,안전운전불이행,건조,맑음,단일로 - 기타,승용,여,56세,상해없음,화물,남,35세,경상
2017050300100048,2017년 5월 3일 02시,수요일,충청남도 천안시 서북구 성정동,중상사고,0,1,0,0,차대사람 - 횡단중,안전운전불이행,건조,맑음,단일로 - 기타,승용,여,29세,상해없음,보행자,남,46세,중상
2017050300100092,2017년 5월 3일 06시,수요일,충청남도 천안시 서북구 성정동,경상사고,0,0,2,0,차대차 - 추돌,안전운전불이행,건조,맑음,교차로 - 교차로안,승용,남,32세,상해없음,승용,여,47세,경상
2017050300100108,2017년 5월 3일 07시,수요일,충청남도 당진시 합덕읍,경상사고,0,0,9,0,차대차 - 정면충돌,중앙선침범,건조,맑음,단일로 - 기타,승용,남,51세,상해없음,승용,남,35세,경상
2017050300100145,2017년 5월 3일 09시,수요일,충청남도 천안시 서북구 성환읍,경상사고,0,0,1,0,차대차 - 추돌,안전운전불이행,건조,맑음,단일로 - 기타,화물,남,55세,경상,화물,남,43세,상해없음
2017050300100167,2017년 5월 3일 10시,수요일,충청남도 당진시 읍내리,경상사고,0,0,1,0,차대차 - 정면충돌,교차로운행방법위반,건조,맑음,교차로 - 교차로안,승용,여,40세,상해없음,이륜,남,49세,경상
2017050300100196,2017년 5월 3일 11시,수요일,충청남도 당진시 송악읍,경상사고,0,0,1,0,차대차 - 기타,교차로운행방법위반,건조,맑음,교차로 - 교차로안,승용,남,40세,상해없음,승용,남,48세,경상
2017050300100197,2017년 5월 3일 11시,수요일,충청남도 천안시 동남구 신부동,경상사고,0,0,3,0,차대차 - 측면충돌,신호위반,건조,맑음,단일로 - 기타,승용,남,53세,상해없음,승용,남,39세,상해없음
2017050300100225,2017년 5월 3일 12시,수요일,충청남도 서산시 잠홍동,중상사고,0,1,2,0,차대차 - 추돌,안전운전불이행,건조,맑음,교차로 - 교차로부근,이륜,남,17세,중상,승용,남,24세,경상
2017050300100256,2017년 5월 3일 13시,수요일,충청남도 홍성군 홍북읍,경상사고,0,0,5,0,차대차 - 측면충돌,안전운전불이행,건조,맑음,교차로 - 교차로안,건설기계,남,52세,상해없음,승용,남,45세,경상
2017050300100257,2017년 5월 3일 13시,수요일,충청남도 아산시 인주면,경상사고,0,0,1,0,차대차 - 기타,안전운전불이행,건조,맑음,단일로 - 기타,승용,남,66세,상해없음,화물,남,29세,경상
2017050300100258,2017년 5월 3일 13시,수요일,충청남도 보령시 요암동,중상사고,0,1,3,0,차대차 - 기타,안전거리미확보,건조,맑음,단일로 - 기타,화물,남,59세,상해없음,승용,남,62세,경상
2017050300100288,2017년 5월 3일 14시,수요일,충청남도 당진시 석문면,중상사고,0,2,1,0,차대차 - 정면충돌,교차로운행방법위반,건조,맑음,교차로 - 교차로안,화물,남,69세,상해없음,화물,남,63세,경상
2017050300100326,2017년 5월 3일 15시,수요일,충청남도 공주시 반포면,중상사고,0,2,2,0,차대차 - 정면충돌,직진우회전진행방해,건조,맑음,교차로 - 교차로안,승용,남,31세,경상,승용,남,41세,중상
2017050300100361,2017년 5월 3일 16시,수요일,충청남도 홍성군 금마면,경상사고,0,0,2,0,차대차 - 추돌,안전운전불이행,건조,맑음,교차로 - 교차로부근,승용,남,69세,상해없음,승용,여,31세,경상
2017050300100399,2017년 5월 3일 17시,수요일,충청남도 태안군 안면읍,경상사고,0,0,1,0,차대차 - 추돌,안전운전불이행,건조,맑음,단일로 - 기타,승합,남,69세,상해없음,승용,남,32세,상해없음
2017050300100400,2017년 5월 3일 17시,수요일,충청남도 천안시 서북구 성정동,경상사고,0,0,1,0,차대차 - 기타,교차로운행방법위반,건조,맑음,교차로 - 교차로안,승용,여,36세,상해없음,승용,남,28세,경상
2017050300100401,2017년 5월 3일 17시,수요일,충청남도 보령시 대천동,중상사고,0,1,0,0,차대사람 - 횡단중,안전운전불이행,건조,맑음,단일로 - 기타,화물,남,73세,상해없음,보행자,남,76세,중상
2017050300100435,2017년 5월 3일 18시,수요일,충청남도 예산군 대흥면,사망사고,1,0,0,0,차량단독 - 공작물충돌,안전운전불이행,건조,맑음,단일로 - 기타,사륜오토바이(ATV),남,80세,사망,,,,
2017050300100436,2017년 5월 3일 18시,수요일,충청남도 청양군 청남면,사망사고,1,0,0,0,차량단독 - 기타,안전운전불이행,건조,맑음,교차로 - 교차로안,화물,남,52세,상해없음,,,,
2017050300100456,2017년 5월 3일 19시,수요일,충청남도 계룡시 금암동,경상사고,0,0,1,0,차대차 - 측면충돌,교차로운행방법위반,건조,맑음,교차로 - 교차로안,승용,남,56세,상해없음,승용,여,45세,경상
2017050300100457,2017년 5월 3일 19시,수요일,충청남도 공주시 우성면,중상사고,0,2,7,0,차대차 - 측면충돌,안전운전불이행,건조,맑음,교차로 - 교차로안,화물,남,48세,상해없음,승용,남,44세,경상
2017050300100458,2017년 5월 3일 19시,수요일,충청남도 당진시 송악읍,경상사고,0,0,1,0,차대차 - 정면충돌,중앙선침범,건조,맑음,단일로 - 기타,승용,남,41세,상해없음,승합,남,40세,경상
2017050300100459,2017년 5월 3일 19시,수요일,충청남도 당진시 읍내리,경상사고,0,0,1,0,차대차 - 정면충돌,교차로운행방법위반,건조,맑음,교차로 - 교차로안,승용,남,18세,상해없음,이륜,남,20세,경상
2017050300100495,2017년 5월 3일 20시,수요일,충청남도 천안시 서북구 쌍용동,경상사고,0,0,1,0,차대차 - 기타,안전운전불이행,건조,맑음,단일로 - 기타,승합,남,38세,상해없음,승용,남,49세,상해없음
2017050300100519,2017년 5월 3일 21시,수요일,충청남도 공주시 유구읍,경상사고,0,0,2,3,차대차 - 정면충돌,중앙선침범,건조,맑음,단일로 - 기타,승용,남,42세,상해없음,승용,남,52세,경상
2017050300100560,2017년 5월 3일 23시,수요일,충청남도 서산시 성연면,경상사고,0,0,1,0,차대차 - 측면충돌,신호위반,건조,맑음,교차로 - 교차로안,승용,남,27세,상해없음,승용,여,32세,경상
2017050300100561,2017년 5월 3일 23시,수요일,충청남도 아산시 득산동,경상사고,0,0,4,0,차대차 - 추돌,안전운전불이행,건조,맑음,교차로 - 교차로부근,승용,남,34세,상해없음,승용,여,27세,경상
2017050400100053,2017년 5월 4일 03시,목요일,충청남도 당진시 수청리,경상사고,0,0,3,0,차대차 - 정면충돌,안전운전불이행,건조,맑음,단일로 - 기타,승용,남,18세,상해없음,승용,남,43세,경상
2017050400100068,2017년 5월 4일 05시,목요일,충청남도 천안시 서북구 두정동,경상사고,0,0,1,0,차대사람 - 기타,안전운전불이행,건조,맑음,단일로 - 기타,승용,남,24세,기타불명,보행자,남,37세,경상
2017050400100069,2017년 5월 4일 05시,목요일,충청남도 당진시 읍내리,경상사고,0,0,3,0,차대차 - 정면충돌,안전운전불이행,건조,맑음,단일로 - 기타,승용,남,26세,상해없음,승용,남,27세,상해없음
2017050400100085,2017년 5월 4일 06시,목요일,충청남도 서산시 동문동,경상사고,0,0,1,0,차대차 - 측면충돌,교차로운행방법위반,건조,맑음,교차로 - 교차로안,기타불명,기타불명,미분류,기타불명,승용,남,57세,경상
2017050400100086,2017년 5월 4일 06시,목요일,충청남도 서천군 서천읍,경상사고,0,0,1,0,차대차 - 측면충돌,직진우회전진행방해,건조,맑음,교차로 - 교차로안,승용,남,53세,상해없음,승용,남,36세,경상
2017050400100156,2017년 5월 4일 09시,목요일,충청남도 천안시 동남구 청수동,중상사고,0,1,0,0,차대사람 - 기타,보행자보호의무위반,건조,맑음,단일로 - 기타,승합,남,32세,상해없음,보행자,남,4세,중상
2017050400100188,2017년 5월 4일 10시,목요일,충청남도 논산시 은진면,경상사고,0,0,1,0,차대차 - 추돌,안전거리미확보,건조,맑음,단일로 - 기타,화물,남,49세,상해없음,자전거,남,20세,경상
2017050400100189,2017년 5월 4일 10시,목요일,충청남도 예산군 광시면,중상사고,0,2,1,0,차대차 - 추돌,안전거리미확보,건조,맑음,교차로 - 교차로안,승용,남,77세,중상,승용,여,42세,경상
2017050400100190,2017년 5월 4일 10시,목요일,충청남도 청양군 장평면,중상사고,0,1,0,0,차대차 - 측면충돌,기타,건조,맑음,교차로 - 교차로안,승용,여,60세,상해없음,이륜,남,79세,중상
2017050400100229,2017년 5월 4일 11시,목요일,충청남도 서산시 읍내동,경상사고,0,0,1,0,차대차 - 측면충돌,안전운전불이행,건조,맑음,교차로 - 교차로안,화물,남,56세,상해없음,이륜,남,45세,경상
2017050400100230,2017년 5월 4일 11시,목요일,충청남도 논산시 강경읍,중상사고,0,1,0,0,차대사람 - 기타,안전운전불이행,건조,맑음,단일로 - 기타,승용,남,46세,상해없음,보행자,남,75세,중상
2017050400100297,2017년 5월 4일 13시,목요일,충청남도 논산시 상월면,사망사고,1,0,0,0,차량단독 - 도로외이탈 - 추락,안전운전불이행,건조,맑음,단일로 - 기타,농기계,남,75세,사망,,,,
2017050400100336,2017년 5월 4일 14시,목요일,충청남도 당진시 수청리,경상사고,0,0,2,0,차대차 - 측면충돌,신호위반,건조,맑음,교차로 - 교차로부근,화물,남,32세,상해없음,승용,남,31세,경상
2017050400100484,2017년 5월 4일 18시,목요일,충청남도 천안시 동남구 문화동,사망사고,1,0,0,0,차량단독 - 전도전복,안전운전불이행,건조,맑음,단일로 - 기타,승용,남,63세,사망,미분류,미분류,미분류,미분류
2017050400100520,2017년 5월 4일 19시,목요일,충청남도 아산시 온천동,경상사고,0,0,2,0,차대차 - 측면충돌,안전운전불이행,건조,맑음,미분류 - 미분류,승용,남,37세,상해없음,승용,남,19세,경상
2017050400100552,2017년 5월 4일 20시,목요일,충청남도 당진시 송산면,중상사고,0,2,0,0,차대차 - 정면충돌,중앙선침범,건조,맑음,단일로 - 기타,승용,남,48세,중상,승용,남,29세,중상
2017050400100639,2017년 5월 4일 23시,목요일,충청남도 아산시 배방읍,중상사고,0,2,0,0,차대사람 - 기타,과속,건조,맑음,미분류 - 미분류,승용,남,21세,상해없음,보행자,남,27세,중상
2017050500100042,2017년 5월 5일 01시,금요일,충청남도 천안시 동남구 신부동,경상사고,0,0,2,0,차대차 - 정면충돌,안전운전불이행,건조,맑음,단일로 - 기타,승용,남,28세,기타불명,승용,남,50세,경상
2017050500100070,2017년 5월 5일 04시,금요일,충청남도 보령시 성주면,경상사고,0,0,1,0,차량단독 - 전도전복 - 전도,안전운전불이행,젖음/습기,맑음,단일로 - 기타,화물,남,49세,경상,,,,
2017050500100091,2017년 5월 5일 06시,금요일,충청남도 서산시 부석면,사망사고,1,0,0,0,차량단독 - 공작물충돌,안전운전불이행,건조,맑음,단일로 - 기타,승용,여,20세,사망,,,,
2017050500100092,2017년 5월 5일 06시,금요일,충청남도 부여군 임천면,중상사고,0,1,0,0,차대차 - 측면충돌,직진우회전진행방해,건조,맑음,교차로 - 교차로안,승용,남,67세,중상,특수,남,54세,상해없음
2017050500100122,2017년 5월 5일 08시,금요일,충청남도 천안시 서북구 불당동,경상사고,0,0,1,0,차대차 - 기타,신호위반,건조,맑음,교차로 - 교차로안,승용,여,45세,상해없음,자전거,남,23세,경상
2017050500100123,2017년 5월 5일 08시,금요일,충청남도 서천군 서천읍,중상사고,0,1,0,0,차대차 - 측면충돌,직진우회전진행방해,건조,맑음,교차로 - 교차로안,승용,남,61세,상해없음,이륜,남,78세,중상
2017050500100143,2017년 5월 5일 09시,금요일,충청남도 홍성군 홍북읍,경상사고,0,0,1,0,차대차 - 측면충돌,교차로운행방법위반,건조,맑음,교차로 - 교차로안,승합,남,56세,상해없음,승용,남,42세,경상
2017050500100217,2017년 5월 5일 12시,금요일,충청남도 서천군 한산면,경상사고,0,0,1,0,차량단독 - 공작물충돌,안전운전불이행,건조,맑음,교차로 - 교차로부근,이륜,남,21세,경상,,,,