사고번호,사고일시,요일,시군구,사고내용,사망자수,중상자수,경상자수,부상신고자수,사고유형,법규위반,노면상태,기상상태,도로형태,가해운전자 차종,가해운전자 성별,가해운전자 연령,가해운전자 상해정도,피해운전자 차종,피해운전자 성별,피해운전자 연령,피해운전자 상해정도
2017050500100251,2017년 5월 5일 13시,금요일,충청남도 서산시 지곡면,경상사고,0,0,3,0,차대차 - 추돌,안전운전불이행,건조,맑음,교차로 - 교차로부근,화물,남,25세,상해없음,승용,여,48세,경상
2017050500100252,2017년 5월 5일 13시,금요일,충청남도 태안군 안면읍,중상사고,0,1,0,0,차대차 - 정면충돌,안전운전불이행,건조,맑음,교차로 - 교차로안,승용,남,44세,상해없음,원동기,남,73세,중상
2017050500100278,2017년 5월 5일 14시,금요일,충청남도 태안군 이원면,경상사고,0,0,1,0,차대차 - 정면충돌,중앙선침범,건조,맑음,단일로 - 기타,건설기계,남,46세,상해없음,원동기,남,70세,경상
2017050500100305,2017년 5월 5일 15시,금요일,충청남도 서산시 동문동,중상사고,0,2,1,0,차대차 - 측면충돌,안전운전불이행,건조,맑음,단일로 - 기타,화물,남,50세,경상,승용,남,54세,중상
2017050500100306,2017년 5월 5일 15시,금요일,충청남도 논산시 내동,중상사고,0,1,0,0,차량단독 - 기타,안전운전불이행,건조,맑음,단일로 - 기타,승합,남,56세,상해없음,,,,
2017050500100307,2017년 5월 5일 15시,금요일,충청남도 당진시 신평면,경상사고,0,0,1,0,차대사람 - 횡단중,안전운전불이행,건조,맑음,주차장 - 주차장,승용,남,24세,상해없음,보행자,여,31세,경상
2017050500100343,2017년 5월 5일 16시,금요일,충청남도 천안시 서북구 불당동,경상사고,0,0,1,0,차대차 - 측면충돌,신호위반,건조,맑음,교차로 - 교차로안,승용,남,52세,상해없음,승용,남,28세,경상
2017050500100385,2017년 5월 5일 17시,금요일,충청남도 서산시 운산면,중상사고,0,1,4,0,차대차 - 정면충돌,신호위반,건조,맑음,교차로 - 교차로안,승용,남,56세,중상,승용,남,22세,경상
2017050500100417,2017년 5월 5일 18시,금요일,충청남도 부여군 옥산면,경상사고,0,0,1,0,차대차 - 측면충돌,교차로운행방법위반,건조,맑음,교차로 - 교차로안,승용,여,32세,상해없음,화물,남,60세,경상
2017050500100520,2017년 5월 5일 21시,금요일,충청남도 태안군 남면,중상사고,0,2,1,0,차대차 - 측면충돌,교차로운행방법위반,건조,맑음,교차로 - 교차로안,화물,남,61세,중상,승용,남,29세,경상
2017050500100521,2017년 5월 5일 21시,금요일,충청남도 천안시 서북구 성정동,경상사고,0,0,1,0,차대차 - 기타,교차로운행방법위반,건조,맑음,교차로 - 교차로안,화물,남,25세,상해없음,승용,남,39세,경상
2017050500100522,2017년 5월 5일 21시,금요일,충청남도 예산군 오가면,사망사고,1,0,0,0,차대사람 - 횡단중,안전운전불이행,건조,맑음,단일로 - 기타,승용,남,37세,상해없음,보행자,남,46세,사망
2017050500100523,2017년 5월 5일 21시,금요일,충청남도 예산군 예산읍,중상사고,0,1,0,0,차대사람 - 횡단중,안전운전불이행,건조,맑음,단일로 - 기타,승용,남,34세,상해없음,보행자,남,51세,중상
2017050500100524,2017년 5월 5일 21시,금요일,충청남도 천안시 동남구 다가동,경상사고,0,0,1,0,차대사람 - 횡단중,안전운전불이행,건조,맑음,단일로 - 기타,승용,남,77세,상해없음,보행자,남,5세,경상
2017050600100011,2017년 5월 6일 00시,토요일,충청남도 천안시 서북구 입장면,경상사고,0,0,1,0,차량단독 - 공작물충돌,안전운전불이행,건조,맑음,단일로 - 기타,원동기,남,36세,상해없음,,,,
2017050600100033,2017년 5월 6일 02시,토요일,충청남도 보령시 청소면,사망사고,1,0,1,0,차대차 - 추돌,안전운전불이행,건조,기타,단일로 - 기타,승용,남,25세,사망,특수,남,46세,경상
2017050600100034,2017년 5월 6일 02시,토요일,충청남도 천안시 동남구 신방동,경상사고,0,0,1,0,차대차 - 측면충돌,안전운전불이행,건조,맑음,단일로 - 기타,승용,남,45세,상해없음,승용,남,43세,경상
2017050600100066,2017년 5월 6일 06시,토요일,충청남도 천안시 서북구 직산읍,경상사고,0,0,1,0,차대차 - 측면충돌,중앙선침범,건조,맑음,단일로 - 기타,승용,남,34세,기타불명,승용,여,51세,경상
2017050600100067,2017년 5월 6일 06시,토요일,충청남도 천안시 동남구 신부동,중상사고,0,1,0,0,차대차 - 추돌,안전거리미확보,건조,맑음,단일로 - 기타,화물,남,43세,상해없음,승용,남,26세,중상
2017050600100102,2017년 5월 6일 08시,토요일,충청남도 천안시 서북구 성환읍,경상사고,0,0,2,0,차대차 - 측면충돌,안전운전불이행,건조,맑음,단일로 - 기타,승용,여,52세,경상,승용,남,49세,경상
2017050600100103,2017년 5월 6일 08시,토요일,충청남도 서천군 종천면,경상사고,0,0,1,0,차대차 - 측면충돌,중앙선침범,건조,맑음,단일로 - 기타,승용,여,48세,상해없음,승용,여,55세,경상
2017050600100104,2017년 5월 6일 08시,토요일,충청남도 공주시 이인면,중상사고,0,1,0,0,차대차 - 정면충돌,안전운전불이행,건조,맑음,단일로 - 기타,화물,남,67세,상해없음,자전거,남,62세,중상
2017050600100126,2017년 5월 6일 09시,토요일,충청남도 천안시 서북구 불당동,경상사고,0,0,2,0,차대차 - 기타,신호위반,건조,맑음,교차로 - 교차로안,승용,남,55세,경상,승용,여,36세,경상
2017050600100150,2017년 5월 6일 10시,토요일,충청남도 태안군 안면읍,중상사고,0,1,0,0,차대사람 - 횡단중,안전운전불이행,건조,맑음,주차장 - 주차장,승용,남,61세,상해없음,보행자,남,11세,중상
2017050600100151,2017년 5월 6일 10시,토요일,충청남도 보령시 성주면,중상사고,0,2,0,0,차대차 - 기타,기타,건조,맑음,단일로 - 기타,이륜,남,49세,중상,승합,남,44세,중상
2017050600100152,2017년 5월 6일 10시,토요일,충청남도 금산군 복수면,경상사고,0,0,5,0,차대차 - 측면충돌,안전운전불이행,건조,맑음,교차로 - 교차로부근,승용,여,50세,상해없음,승용,남,71세,경상
2017050600100153,2017년 5월 6일 10시,토요일,충청남도 천안시 동남구 구성동,중상사고,0,1,0,0,차대사람 - 횡단중,신호위반,건조,맑음,교차로 - 교차로부근,화물,남,54세,상해없음,보행자,여,8세,중상
2017050600100185,2017년 5월 6일 11시,토요일,충청남도 서산시 읍내동,경상사고,0,0,1,0,차대차 - 측면충돌,안전운전불이행,건조,맑음,단일로 - 기타,승용,남,58세,상해없음,화물,남,38세,경상
2017050600100186,2017년 5월 6일 11시,토요일,충청남도 태안군 안면읍,경상사고,0,0,1,0,차대차 - 측면충돌,안전운전불이행,건조,맑음,단일로 - 기타,승용,남,28세,상해없음,이륜,남,43세,경상
2017050600100211,2017년 5월 6일 12시,토요일,충청남도 태안군 태안읍,부상신고사고,0,0,0,6,차대차 - 기타,안전거리미확보,건조,맑음,교차로 - 교차로부근,승용,남,41세,부상신고,건설기계,남,50세,상해없음
2017050600100234,2017년 5월 6일 13시,토요일,충청남도 홍성군 홍북읍,중상사고,0,1,0,0,차대차 - 측면충돌,직진우회전진행방해,건조,맑음,교차로 - 교차로안,승용,여,36세,상해없음,이륜,남,35세,중상
2017050600100235,2017년 5월 6일 13시,토요일,충청남도 보령시 신흑동,중상사고,0,1,0,0,차대사람 - 횡단중,보행자보호의무위반,건조,맑음,교차로 - 교차로횡단보도내,승용,남,55세,상해없음,보행자,여,62세,중상
2017050600100278,2017년 5월 6일 14시,토요일,충청남도 태안군 안면읍,경상사고,0,0,1,0,차대사람 - 횡단중,안전운전불이행,건조,맑음,단일로 - 기타,승용,남,53세,상해없음,보행자,여,54세,경상
2017050600100279,2017년 5월 6일 14시,토요일,충청남도 공주시 우성면,중상사고,0,6,0,0,차대차 - 측면충돌,안전운전불이행,건조,맑음,교차로 - 교차로안,승용,여,71세,상해없음,승용,여,50세,중상
2017050600100280,2017년 5월 6일 14시,토요일,충청남도 공주시 우성면,중상사고,0,1,3,0,차대차 - 추돌,안전운전불이행,건조,맑음,단일로 - 터널,승용,여,26세,상해없음,승용,남,30세,중상
2017050600100315,2017년 5월 6일 15시,토요일,충청남도 태안군 고남면,경상사고,0,0,4,0,차대차 - 측면충돌,안전운전불이행,건조,맑음,단일로 - 기타,화물,남,75세,상해없음,승용,남,40세,경상
2017050600100316,2017년 5월 6일 15시,토요일,충청남도 보령시 동대동,사망사고,1,0,1,0,차대차 - 기타,신호위반,건조,맑음,교차로 - 교차로안,승용,여,64세,사망,건설기계,남,41세,경상
2017050600100356,2017년 5월 6일 16시,토요일,충청남도 보령시 대천동,중상사고,0,1,0,0,차대차 - 기타,직진우회전진행방해,건조,맑음,교차로 - 교차로안,승용,남,58세,상해없음,승용,남,45세,중상
2017050600100357,2017년 5월 6일 16시,토요일,충청남도 당진시 면천면,중상사고,0,4,2,0,차대차 - 측면충돌,신호위반,건조,맑음,교차로 - 교차로안,승용,남,72세,상해없음,승용,남,32세,경상
2017050600100387,2017년 5월 6일 17시,토요일,충청남도 예산군 대흥면,경상사고,0,0,1,0,차대차 - 추돌,안전운전불이행,건조,맑음,단일로 - 기타,승용,여,54세,경상,승용,남,58세,기타불명
2017050600100414,2017년 5월 6일 18시,토요일,충청남도 천안시 서북구 쌍용동,중상사고,0,1,0,0,차대차 - 측면충돌,중앙선침범,건조,맑음,단일로 - 기타,화물,남,49세,상해없음,이륜,남,49세,중상
2017050600100415,2017년 5월 6일 18시,토요일,충청남도 아산시 실옥동,경상사고,0,0,2,0,차대차 - 추돌,안전운전불이행,건조,맑음,단일로 - 기타,승용,남,41세,상해없음,화물,남,39세,경상
2017050600100416,2017년 5월 6일 18시,토요일,충청남도 공주시 유구읍,경상사고,0,0,2,0,차대차 - 측면충돌,안전운전불이행,건조,맑음,단일로 - 기타,화물,남,66세,상해없음,승용,남,44세,경상
2017050600100444,2017년 5월 6일 19시,토요일,충청남도 홍성군 홍북읍,중상사고,0,1,0,0,차대차 - 추돌,교차로운행방법위반,건조,맑음,교차로 - 교차로안,승용,남,55세,상해없음,승용,남,33세,중상
2017050600100445,2017년 5월 6일 19시,토요일,충청남도 아산시 둔포면,경상사고,0,0,2,0,차대차 - 측면충돌,신호위반,건조,맑음,교차로 - 교차로안,승용,여,53세,상해없음,승용,남,37세,경상
2017050600100446,2017년 5월 6일 19시,토요일,충청남도 천안시 동남구 광덕면,중상사고,0,2,1,1,차대차 - 정면충돌,직진우회전진행방해,건조,맑음,교차로 - 교차로안,승용,남,42세,경상,승용,남,32세,중상
2017050600100480,2017년 5월 6일 20시,토요일,충청남도 논산시 취암동,중상사고,0,1,1,0,차대사람 - 횡단중,안전운전불이행,건조,맑음,단일로 - 기타,이륜,남,17세,경상,보행자,남,58세,중상
2017050600100481,2017년 5월 6일 20시,토요일,충청남도 홍성군 구항면,중상사고,0,1,0,0,차대사람 - 횡단중,신호위반,건조,맑음,교차로 - 교차로안,이륜,남,54세,상해없음,보행자,여,8세,중상
2017050600100482,2017년 5월 6일 20시,토요일,충청남도 당진시 우강면,중상사고,0,1,0,0,차대차 - 추돌,안전운전불이행,건조,맑음,교차로 - 교차로부근,승용,남,35세,상해없음,자전거,남,17세,중상
2017050600100549,2017년 5월 6일 23시,토요일,충청남도 보령시 동대동,경상사고,0,0,1,0,차대차 - 기타,중앙선침범,건조,맑음,교차로 - 교차로부근,승용,여,45세,상해없음,이륜,남,37세,경상
2017050700100021,2017년 5월 7일 00시,일요일,충청남도 서산시 예천동,중상사고,0,1,0,0,차대차 - 측면충돌,안전운전불이행,건조,맑음,교차로 - 교차로횡단보도내,자전거,남,52세,중상,화물,남,49세,상해없음
2017050700100022,2017년 5월 7일 00시,일요일,충청남도 천안시 서북구 성정동,경상사고,0,0,1,0,차대사람 - 횡단중,안전운전불이행,건조,맑음,단일로 - 기타,승용,남,39세,상해없음,보행자,여,24세,경상
2017050700100023,2017년 5월 7일 00시,일요일,충청남도 천안시 서북구 쌍용동,중상사고,0,1,0,0,차대차 - 기타,중앙선침범,건조,맑음,단일로 - 기타,승용,남,51세,상해없음,이륜,남,43세,중상
2017050700100024,2017년 5월 7일 00시,일요일,충청남도 천안시 서북구 두정동,경상사고,0,0,3,0,차대차 - 추돌,안전운전불이행,건조,맑음,교차로 - 교차로안,승용,남,54세,기타불명,승용,남,18세,경상
2017050700100040,2017년 5월 7일 02시,일요일,충청남도 천안시 서북구 성거읍,경상사고,0,0,1,0,차대차 - 기타,안전운전불이행,건조,맑음,단일로 - 기타,승용,남,26세,상해없음,화물,남,53세,상해없음
2017050700100062,2017년 5월 7일 04시,일요일,충청남도 서산시 석림동,경상사고,0,0,2,0,차대차 - 추돌,안전운전불이행,건조,맑음,단일로 - 기타,승용,남,59세,상해없음,승용,남,56세,경상
2017050700100081,2017년 5월 7일 07시,일요일,충청남도 아산시 배방읍,경상사고,0,0,2,0,차대차 - 측면충돌,신호위반,건조,맑음,교차로 - 교차로안,승용,남,26세,상해없음,승용,여,56세,경상
2017050700100149,2017년 5월 7일 11시,일요일,충청남도 청양군 청남면,중상사고,0,2,0,0,차대차 - 측면충돌,직진우회전진행방해,건조,맑음,교차로 - 교차로안,승용,남,59세,상해없음,이륜,여,26세,중상
2017050700100218,2017년 5월 7일 14시,일요일,충청남도 서천군 서천읍,경상사고,0,0,2,0,차대차 - 측면충돌,직진우회전진행방해,건조,맑음,교차로 - 교차로안,승용,남,38세,상해없음,화물,남,70세,경상
2017050700100219,2017년 5월 7일 14시,일요일,충청남도 천안시 동남구 북면,중상사고,0,1,2,0,차대차 - 측면충돌,안전운전불이행,건조,맑음,교차로 - 교차로안,승용,남,62세,상해없음,승합,여,38세,경상
2017050700100246,2017년 5월 7일 15시,일요일,충청남도 아산시 둔포면,중상사고,0,2,2,0,차대차 - 추돌,안전운전불이행,건조,맑음,단일로 - 기타,승용,남,41세,중상,승용,여,38세,중상
2017050700100273,2017년 5월 7일 16시,일요일,충청남도 공주시 사곡면,중상사고,0,1,0,0,차대사람 - 횡단중,보행자보호의무위반,건조,맑음,교차로 - 교차로횡단보도내,승합,남,51세,상해없음,보행자,여,12세,중상
2017050700100298,2017년 5월 7일 17시,일요일,충청남도 논산시 채운면,경상사고,0,0,1,0,차량단독 - 공작물충돌,안전운전불이행,건조,맑음,교차로 - 교차로안,승용,남,40세,경상,,,,
2017050700100300,2017년 5월 7일 17시,일요일,충청남도 천안시 동남구 신부동,중상사고,0,1,0,0,차대차 - 기타,안전운전불이행,건조,맑음,단일로 - 기타,기타불명,기타불명,미분류,기타불명,승합,남,45세,상해없음
2017050700100327,2017년 5월 7일 18시,일요일,충청남도 예산군 봉산면,경상사고,0,0,2,0,차대차 - 기타,직진우회전진행방해,건조,맑음,교차로 - 교차로안,승용,여,43세,상해없음,승용,남,34세,경상
2017050700100375,2017년 5월 7일 20시,일요일,충청남도 홍성군 결성면,경상사고,0,0,3,0,차대차 - 정면충돌,중앙선침범,건조,맑음,단일로 - 기타,화물,여,52세,경상,화물,남,57세,경상
2017050700100376,2017년 5월 7일 20시,일요일,충청남도 아산시 영인면,경상사고,0,0,5,0,차대차 - 정면충돌,직진우회전진행방해,건조,맑음,교차로 - 교차로안,승용,남,38세,상해없음,승용,남,34세,경상
2017050800100058,2017년 5월 8일 06시,월요일,충청남도 홍성군 금마면,중상사고,0,1,0,0,차대차 - 측면충돌,안전운전불이행,건조,맑음,교차로 - 교차로안,기타불명,남,58세,상해없음,승용,남,68세,중상
2017050800100118,2017년 5월 8일 08시,월요일,충청남도 서산시 해미면,중상사고,0,1,0,0,차대차 - 정면충돌,직진우회전진행방해,건조,맑음,교차로 - 교차로안,화물,남,66세,상해없음,화물,남,61세,중상
2017050800100119,2017년 5월 8일 08시,월요일,충청남도 천안시 서북구 성거읍,경상사고,0,0,1,0,차대사람 - 횡단중,안전운전불이행,건조,맑음,단일로 - 기타,승합,남,60세,상해없음,보행자,여,13세,경상
2017050800100166,2017년 5월 8일 09시,월요일,충청남도 천안시 서북구 업성동,중상사고,0,1,0,0,차대차 - 기타,안전운전불이행,건조,맑음,교차로 - 교차로안,원동기,남,23세,상해없음,화물,남,51세,상해없음
2017050800100198,2017년 5월 8일 10시,월요일,충청남도 천안시 서북구 불당동,경상사고,0,0,2,0,차대차 - 기타,안전운전불이행,건조,맑음,교차로 - 교차로부근,승용,남,23세,경상,승용,남,27세,경상
2017050800100199,2017년 5월 8일 10시,월요일,충청남도 보령시 화산동,경상사고,0,0,2,0,차대차 - 측면충돌,불법유턴,건조,맑음,교차로 - 교차로부근,승용,남,76세,상해없음,승용,남,52세,경상
2017050800100231,2017년 5월 8일 11시,월요일,충청남도 논산시 연무읍,중상사고,0,2,1,0,차대차 - 측면충돌,신호위반,건조,맑음,교차로 - 교차로안,승용,여,58세,상해없음,화물,남,31세,중상
2017050800100232,2017년 5월 8일 11시,월요일,충청남도 공주시 신풍면,경상사고,0,0,3,0,차대차 - 측면충돌,안전거리미확보,건조,맑음,단일로 - 기타,승용,남,29세,상해없음,승합,남,45세,경상
2017050800100257,2017년 5월 8일 12시,월요일,충청남도 아산시 온천동,경상사고,0,0,1,0,차대사람 - 횡단중,보행자보호의무위반,건조,맑음,교차로 - 교차로횡단보도내,승용,남,47세,상해없음,보행자,남,81세,경상
2017050800100307,2017년 5월 8일 14시,월요일,충청남도 천안시 서북구 백석동,경상사고,0,0,1,0,차대차 - 기타,안전운전불이행,건조,맑음,단일로 - 기타,화물,남,57세,상해없음,승용,남,24세,경상
2017050800100308,2017년 5월 8일 14시,월요일,충청남도 서천군 마서면,경상사고,0,0,1,0,차대차 - 측면충돌,안전운전불이행,건조,맑음,단일로 - 기타,승용,남,62세,상해없음,건설기계,남,54세,경상
2017050800100310,2017년 5월 8일 14시,월요일,충청남도 당진시 석문면,경상사고,0,0,1,0,차대차 - 정면충돌,안전운전불이행,건조,맑음,단일로 - 기타,화물,남,59세,상해없음,승용,여,59세,경상
2017050800100358,2017년 5월 8일 15시,월요일,충청남도 홍성군 갈산면,중상사고,0,4,1,0,차대차 - 추돌,안전거리미확보,건조,맑음,단일로 - 기타,승용,남,81세,중상,승용,남,41세,상해없음
2017050800100401,2017년 5월 8일 16시,월요일,충청남도 아산시 도고면,경상사고,0,0,2,0,차대차 - 측면충돌,안전운전불이행,건조,맑음,교차로 - 교차로안,화물,남,56세,상해없음,승용,여,44세,경상
2017050800100402,2017년 5월 8일 16시,월요일,충청남도 금산군 금성면,경상사고,0,0,1,0,차대사람 - 횡단중,안전운전불이행,건조,맑음,단일로 - 기타,승용,남,74세,상해없음,보행자,남,62세,경상
2017050800100439,2017년 5월 8일 17시,월요일,충청남도 홍성군 홍성읍,경상사고,0,0,1,0,차대차 - 측면충돌,교차로운행방법위반,건조,맑음,교차로 - 교차로안,화물,남,57세,상해없음,승용,남,39세,상해없음
2017050800100440,2017년 5월 8일 17시,월요일,충청남도 부여군 양화면,사망사고,1,1,0,0,차대차 - 정면충돌,교차로운행방법위반,건조,맑음,교차로 - 교차로안,승용,남,57세,상해없음,이륜,남,79세,사망
2017050800100480,2017년 5월 8일 18시,월요일,충청남도 서산시 읍내동,중상사고,0,1,0,0,차대사람 - 횡단중,안전운전불이행,건조,맑음,단일로 - 기타,승용,남,63세,상해없음,보행자,남,10세,중상
2017050800100481,2017년 5월 8일 18시,월요일,충청남도 보령시 웅천읍,경상사고,0,0,1,0,차량단독 - 전도전복 - 전도,안전운전불이행,건조,맑음,단일로 - 기타,사륜오토바이(ATV),남,68세,경상,,,,
2017050800100482,2017년 5월 8일 18시,월요일,충청남도 당진시 신평면,경상사고,0,0,1,0,차대차 - 측면충돌,안전운전불이행,건조,맑음,교차로 - 교차로안,화물,남,57세,상해없음,승용,남,35세,경상
2017050800100520,2017년 5월 8일 19시,월요일,충청남도 태안군 안면읍,중상사고,0,1,0,0,차대사람 - 기타,안전운전불이행,건조,맑음,주차장 - 주차장,승용,남,46세,상해없음,보행자,여,72세,중상
2017050800100556,2017년 5월 8일 20시,월요일,충청남도 천안시 서북구 쌍용동,경상사고,0,0,1,0,차대사람 - 횡단중,보행자보호의무위반,건조,맑음,교차로 - 교차로횡단보도내,승용,여,41세,상해없음,보행자,여,10세,경상
2017050800100557,2017년 5월 8일 20시,월요일,충청남도 천안시 서북구 쌍용동,경상사고,0,0,3,0,차대차 - 측면충돌,안전운전불이행,건조,맑음,주차장 - 주차장,승용,남,67세,상해없음,승용,남,47세,경상
2017050800100590,2017년 5월 8일 21시,월요일,충청남도 예산군 봉산면,중상사고,0,1,0,0,차량단독 - 기타,안전운전불이행,건조,맑음,기타 - 기타,승용,여,61세,중상,,,,
2017050800100591,2017년 5월 8일 21시,월요일,충청남도 당진시 읍내리,중상사고,0,1,0,0,차대사람 - 횡단중,안전운전불이행,건조,맑음,단일로 - 기타,승용,남,22세,상해없음,보행자,남,18세,중상
2017050800100616,2017년 5월 8일 22시,월요일,충청남도 청양군 대치면,중상사고,0,1,3,0,차대차 - 추돌,안전운전불이행,건조,맑음,교차로 - 교차로안,화물,남,49세,경상,승용,남,36세,경상
2017050900100048,2017년 5월 9일 02시,화요일,충청남도 천안시 서북구 쌍용동,경상사고,0,0,2,0,차대차 - 기타,신호위반,건조,맑음,교차로 - 교차로안,승용,남,22세,상해없음,승용,남,59세,경상
2017050900100059,2017년 5월 9일 03시,화요일,충청남도 천안시 서북구 두정동,부상신고사고,0,0,0,1,차대사람 - 길가장자리구역통행중,안전운전불이행,건조,맑음,단일로 - 기타,승용,남,24세,상해없음,보행자,남,19세,부상신고
2017050900100067,2017년 5월 9일 04시,화요일,충청남도 서산시 해미면,경상사고,0,0,1,0,차대사람 - 길가장자리구역통행중,안전운전불이행,건조,맑음,단일로 - 기타,이륜,남,21세,상해없음,보행자,남,18세,경상
2017050900100123,2017년 5월 9일 08시,화요일,충청남도 천안시 서북구 성환읍,경상사고,0,0,2,0,차대차 - 측면충돌,교차로운행방법위반,건조,맑음,교차로 - 교차로안,화물,남,57세,경상,승용,여,44세,경상
2017050900100144,2017년 5월 9일 09시,화요일,충청남도 천안시 서북구 성정동,경상사고,0,0,1,0,차대사람 - 횡단중,보행자보호의무위반,건조,맑음,교차로 - 교차로횡단보도내,화물,남,61세,상해없음,보행자,여,34세,경상
2017050900100165,2017년 5월 9일 10시,화요일,충청남도 태안군 안면읍,중상사고,0,1,0,0,차대차 - 정면충돌,교차로운행방법위반,건조,맑음,교차로 - 교차로부근,이륜,여,55세,중상,승용,남,53세,상해없음
2017050900100166,2017년 5월 9일 10시,화요일,충청남도 논산시 성동면,사망사고,1,0,0,0,차대차 - 기타,안전운전불이행,젖음/습기,흐림,단일로 - 기타,자전거,남,70세,사망,승용,여,57세,상해없음
2017050900100192,2017년 5월 9일 11시,화요일,충청남도 금산군 금산읍,중상사고,0,1,0,0,차대차 - 측면충돌,직진우회전진행방해,젖음/습기,비,교차로 - 교차로안,승용,남,59세,상해없음,이륜,남,80세,중상
2017050900100218,2017년 5월 9일 12시,화요일,충청남도 홍성군 은하면,중상사고,0,2,2,0,차량단독 - 전도전복,안전운전불이행,건조,맑음,단일로 - 기타,승용,남,76세,상해없음,미분류,미분류,미분류,미분류
2017050900100277,2017년 5월 9일 14시,화요일,충청남도 천안시 동남구 원성동,중상사고,0,1,0,0,차대차 - 측면충돌,안전운전불이행,건조,맑음,교차로 - 교차로안,승용,여,67세,상해없음,승용,여,27세,중상
2017050900100302,2017년 5월 9일 15시,화요일,충청남도 천안시 서북구 쌍용동,경상사고,0,0,1,0,차대차 - 추돌,안전운전불이행,건조,맑음,단일로 - 기타,화물,남,58세,상해없음,화물,남,45세,경상
2017050900100303,2017년 5월 9일 15시,화요일,충청남도 아산시 염치읍,경상사고,0,0,1,0,차대차 - 추돌,안전운전불이행,젖음/습기,비,교차로 - 교차로안,승용,남,53세,상해없음,승용,여,59세,경상
2017050900100333,2017년 5월 9일 16시,화요일,충청남도 서천군 판교면,경상사고,0,0,1,0,차대차 - 측면충돌,교차로운행방법위반,젖음/습기,비,교차로 - 교차로안,원동기,여,67세,경상,승용,여,23세,상해없음
2017050900100334,2017년 5월 9일 16시,화요일,충청남도 천안시 동남구 신방동,부상신고사고,0,0,0,1,차대차 - 측면충돌,안전운전불이행,젖음/습기,비,교차로 - 교차로안,이륜,남,19세,부상신고,승용,남,30세,상해없음
2017050900100369,2017년 5월 9일 17시,화요일,충청남도 공주시 신관동,경상사고,0,0,1,0,차대사람 - 횡단중,신호위반,젖음/습기,비,교차로 - 교차로안,이륜,남,19세,상해없음,보행자,여,39세,경상
2017050900100370,2017년 5월 9일 17시,화요일,충청남도 당진시 신평면,경상사고,0,0,3,0,차대차 - 측면충돌,안전거리미확보,젖음/습기,비,단일로 - 교량,승용,남,57세,상해없음,승용,남,56세,경상
2017050900100472,2017년 5월 9일 20시,화요일,충청남도 아산시 음봉면,경상사고,0,0,2,0,차대차 - 정면충돌,안전운전불이행,젖음/습기,비,단일로 - 기타,특수,남,40세,상해없음,승용,남,27세,경상
2017050900100473,2017년 5월 9일 20시,화요일,충청남도 서천군 한산면,부상신고사고,0,0,0,1,차량단독 - 기타,안전운전불이행,젖음/습기,비,단일로 - 기타,원동기,남,35세,부상신고,,,,
2017050900100511,2017년 5월 9일 21시,화요일,충청남도 공주시 신관동,경상사고,0,0,1,0,차대사람 - 기타,안전운전불이행,건조,맑음,기타 - 기타,승용,남,44세,상해없음,보행자,남,34세,경상
2017050900100513,2017년 5월 9일 21시,화요일,충청남도 천안시 동남구 신부동,경상사고,0,0,3,1,차대차 - 측면충돌,안전운전불이행,젖음/습기,비,단일로 - 기타,승용,남,39세,경상,승용,남,43세,상해없음
2017051000100040,2017년 5월 10일 03시,수요일,충청남도 천안시 서북구 성정동,경상사고,0,0,1,0,차대차 - 측면충돌,교차로운행방법위반,젖음/습기,맑음,교차로 - 교차로안,승용,남,40세,상해없음,승용,여,56세,경상
2017051000100053,2017년 5월 10일 05시,수요일,충청남도 천안시 동남구 원성동,경상사고,0,0,1,0,차대차 - 정면충돌,안전운전불이행,젖음/습기,비,교차로 - 교차로안,승용,남,42세,상해없음,승용,남,37세,경상
2017051000100105,2017년 5월 10일 08시,수요일,충청남도 천안시 서북구 성정동,중상사고,0,1,0,0,차대사람 - 횡단중,안전운전불이행,건조,맑음,교차로 - 교차로안,승용,남,25세,상해없음,보행자,여,29세,중상
2017051000100106,2017년 5월 10일 08시,수요일,충청남도 계룡시 금암동,경상사고,0,0,1,0,차대차 - 기타,안전거리미확보,젖음/습기,비,교차로 - 교차로안,승용,남,50세,상해없음,승합,남,37세,상해없음
2017051000100107,2017년 5월 10일 08시,수요일,충청남도 아산시 모종동,중상사고,0,1,0,0,차대차 - 측면충돌,신호위반,건조,흐림,교차로 - 교차로안,승용,남,43세,상해없음,승용,여,40세,중상
2017051000100108,2017년 5월 10일 08시,수요일,충청남도 아산시 탕정면,경상사고,0,0,1,0,차대차 - 측면충돌,안전운전불이행,건조,맑음,단일로 - 기타,승용,남,56세,상해없음,승용,남,31세,경상
2017051000100144,2017년 5월 10일 09시,수요일,충청남도 태안군 남면,중상사고,0,1,0,0,차대사람 - 횡단중,안전운전불이행,건조,맑음,단일로 - 기타,화물,남,70세,상해없음,보행자,여,79세,중상
2017051000100145,2017년 5월 10일 09시,수요일,충청남도 금산군 금산읍,중상사고,0,1,0,0,차대사람 - 횡단중,안전운전불이행,젖음/습기,흐림,교차로 - 교차로부근,이륜,남,52세,상해없음,보행자,여,79세,중상
2017051000100181,2017년 5월 10일 10시,수요일,충청남도 논산시 연산면,중상사고,0,3,0,0,차대차 - 정면충돌,신호위반,건조,맑음,교차로 - 교차로안,승용,남,59세,중상,화물,남,43세,중상