사고번호,사고일시,요일,시군구,사고내용,사망자수,중상자수,경상자수,부상신고자수,사고유형,법규위반,노면상태,기상상태,도로형태,가해운전자 차종,가해운전자 성별,가해운전자 연령,가해운전자 상해정도,피해운전자 차종,피해운전자 성별,피해운전자 연령,피해운전자 상해정도
2017051000100204,2017년 5월 10일 11시,수요일,충청남도 서산시 인지면,사망사고,1,0,0,0,차량단독 - 전도전복 - 전도,안전거리미확보,건조,맑음,단일로 - 기타,승용,남,51세,사망,,,,
2017051000100205,2017년 5월 10일 11시,수요일,충청남도 아산시 인주면,중상사고,0,1,1,0,차대차 - 추돌,안전운전불이행,건조,맑음,단일로 - 기타,승용,남,39세,중상,화물,남,45세,경상
2017051000100236,2017년 5월 10일 12시,수요일,충청남도 계룡시 엄사면,경상사고,0,0,1,0,차대차 - 측면충돌,신호위반,건조,맑음,교차로 - 교차로안,승용,남,23세,상해없음,승용,여,44세,경상
2017051000100237,2017년 5월 10일 12시,수요일,충청남도 아산시 온천동,경상사고,0,0,1,0,차대사람 - 횡단중,안전운전불이행,건조,맑음,단일로 - 기타,승용,여,46세,상해없음,보행자,여,20세,경상
2017051000100238,2017년 5월 10일 12시,수요일,충청남도 아산시 탕정면,경상사고,0,0,1,0,차대사람 - 기타,안전운전불이행,건조,맑음,단일로 - 기타,화물,남,71세,상해없음,보행자,남,23세,경상
2017051000100239,2017년 5월 10일 12시,수요일,충청남도 예산군 예산읍,경상사고,0,0,1,0,차량단독 - 전도전복 - 전도,안전운전불이행,건조,맑음,단일로 - 기타,원동기,남,79세,경상,,,,
2017051000100258,2017년 5월 10일 13시,수요일,충청남도 홍성군 장곡면,사망사고,1,0,0,0,차량단독 - 전도전복,안전운전불이행,건조,맑음,단일로 - 기타,농기계,남,71세,사망,미분류,미분류,미분류,미분류
2017051000100259,2017년 5월 10일 13시,수요일,충청남도 서천군 비인면,중상사고,0,1,1,0,차대사람 - 기타,기타,건조,맑음,교차로 - 교차로부근,승용,여,59세,상해없음,보행자,여,70세,중상
2017051000100392,2017년 5월 10일 18시,수요일,충청남도 천안시 동남구 문화동,경상사고,0,0,1,0,차대사람 - 횡단중,안전운전불이행,건조,맑음,단일로 - 기타,승용,여,22세,상해없음,보행자,남,52세,경상
2017051000100459,2017년 5월 10일 20시,수요일,충청남도 공주시 반포면,경상사고,0,0,2,0,차대차 - 측면충돌,안전운전불이행,건조,맑음,교차로 - 교차로부근,화물,여,57세,경상,승용,남,40세,경상
2017051000100501,2017년 5월 10일 22시,수요일,충청남도 천안시 서북구 성환읍,경상사고,0,0,1,0,차대차 - 측면충돌,안전운전불이행,건조,맑음,단일로 - 기타,화물,남,52세,상해없음,승용,여,55세,경상
2017051100100021,2017년 5월 11일 00시,목요일,충청남도 천안시 서북구 성정동,중상사고,0,1,0,0,차대차 - 측면충돌,안전운전불이행,건조,맑음,단일로 - 기타,승용,남,25세,상해없음,이륜,남,26세,중상
2017051100100022,2017년 5월 11일 00시,목요일,충청남도 아산시 탕정면,중상사고,0,1,0,0,차대차 - 정면충돌,중앙선침범,건조,맑음,교차로 - 교차로안,승용,여,21세,상해없음,승용,남,24세,중상
2017051100100062,2017년 5월 11일 04시,목요일,충청남도 공주시 탄천면,사망사고,1,1,0,0,차대차 - 기타,안전운전불이행,건조,맑음,단일로 - 기타,승용,남,21세,중상,화물,남,41세,상해없음
2017051100100090,2017년 5월 11일 06시,목요일,충청남도 홍성군 금마면,중상사고,0,1,1,0,차대차 - 추돌,안전운전불이행,건조,맑음,단일로 - 기타,화물,남,42세,경상,화물,남,41세,중상
2017051100100113,2017년 5월 11일 07시,목요일,충청남도 홍성군 홍성읍,중상사고,0,1,3,0,차대차 - 측면충돌,안전운전불이행,건조,맑음,단일로 - 기타,승용,남,46세,상해없음,승용,여,42세,경상
2017051100100141,2017년 5월 11일 08시,목요일,충청남도 계룡시 엄사면,경상사고,0,0,1,0,차대사람 - 횡단중,안전운전불이행,건조,맑음,교차로 - 교차로안,화물,남,56세,상해없음,보행자,여,15세,경상
2017051100100213,2017년 5월 11일 10시,목요일,충청남도 아산시 모종동,경상사고,0,0,1,0,차대사람 - 횡단중,안전운전불이행,건조,맑음,단일로 - 기타,승용,남,38세,상해없음,보행자,남,31세,경상
2017051100100228,2017년 5월 11일 11시,목요일,충청남도 아산시 신창면,중상사고,0,1,0,0,차대차 - 측면충돌,안전운전불이행,건조,맑음,단일로 - 기타,원동기,여,57세,중상,승용,남,70세,상해없음
2017051100100229,2017년 5월 11일 11시,목요일,충청남도 천안시 동남구 광덕면,중상사고,0,1,2,0,차대차 - 추돌,안전운전불이행,건조,맑음,단일로 - 터널,승용,남,24세,경상,승용,남,34세,중상
2017051100100272,2017년 5월 11일 13시,목요일,충청남도 아산시 둔포면,중상사고,0,1,0,0,차대차 - 측면충돌,안전운전불이행,건조,맑음,교차로 - 교차로횡단보도내,화물,남,37세,상해없음,자전거,남,49세,중상
2017051100100309,2017년 5월 11일 14시,목요일,충청남도 서산시 지곡면,사망사고,1,1,0,0,차대사람 - 횡단중,안전운전불이행,건조,맑음,교차로 - 교차로부근,승용,여,58세,상해없음,보행자,여,80세,사망
2017051100100310,2017년 5월 11일 14시,목요일,충청남도 공주시 유구읍,중상사고,0,1,0,0,차대차 - 측면충돌,안전운전불이행,건조,맑음,교차로 - 교차로안,이륜,남,75세,중상,승용,남,64세,상해없음
2017051100100311,2017년 5월 11일 14시,목요일,충청남도 천안시 동남구 병천면,중상사고,0,1,0,0,차대사람 - 횡단중,안전운전불이행,건조,맑음,단일로 - 기타,화물,여,60세,상해없음,보행자,여,9세,중상
2017051100100336,2017년 5월 11일 15시,목요일,충청남도 논산시 노성면,중상사고,0,2,0,0,차대차 - 정면충돌,직진우회전진행방해,건조,맑음,교차로 - 교차로안,승용,여,48세,상해없음,이륜,여,59세,중상
2017051100100365,2017년 5월 11일 16시,목요일,충청남도 천안시 서북구 쌍용동,경상사고,0,0,5,0,차대차 - 측면충돌,중앙선침범,건조,맑음,교차로 - 교차로부근,승용,여,48세,상해없음,승용,남,48세,경상
2017051100100366,2017년 5월 11일 16시,목요일,충청남도 계룡시 신도안면,경상사고,0,0,1,0,차대사람 - 횡단중,안전운전불이행,건조,맑음,교차로 - 교차로안,승용,여,41세,상해없음,보행자,여,70세,경상
2017051100100367,2017년 5월 11일 16시,목요일,충청남도 아산시 음봉면,중상사고,0,3,1,0,차대차 - 정면충돌,중앙선침범,건조,맑음,교차로 - 교차로안,화물,여,54세,상해없음,승용,남,28세,중상
2017051100100368,2017년 5월 11일 16시,목요일,충청남도 아산시 둔포면,경상사고,0,0,1,0,차대차 - 기타,신호위반,건조,맑음,교차로 - 교차로안,승용,남,62세,상해없음,승용,남,27세,경상
2017051100100395,2017년 5월 11일 17시,목요일,충청남도 공주시 계룡면,경상사고,0,0,1,0,차대차 - 측면충돌,안전운전불이행,건조,맑음,교차로 - 교차로안,화물,남,36세,상해없음,승합,남,49세,상해없음
2017051100100396,2017년 5월 11일 17시,목요일,충청남도 예산군 오가면,경상사고,0,0,5,0,차대차 - 정면충돌,신호위반,건조,맑음,교차로 - 교차로안,승용,남,60세,상해없음,승용,남,33세,경상
2017051100100397,2017년 5월 11일 17시,목요일,충청남도 부여군 규암면,경상사고,0,0,1,0,차대차 - 측면충돌,교차로운행방법위반,건조,맑음,교차로 - 교차로안,원동기,남,52세,경상,화물,남,51세,상해없음
2017051100100434,2017년 5월 11일 18시,목요일,충청남도 아산시 음봉면,경상사고,0,0,1,0,차대차 - 정면충돌,중앙선침범,건조,맑음,단일로 - 기타,화물,남,51세,상해없음,승용,여,43세,경상
2017051100100472,2017년 5월 11일 19시,목요일,충청남도 천안시 서북구 성정동,중상사고,0,1,0,0,차대사람 - 기타,안전운전불이행,건조,맑음,교차로 - 교차로부근,화물,남,55세,상해없음,보행자,남,78세,중상
2017051100100473,2017년 5월 11일 19시,목요일,충청남도 천안시 동남구 안서동,경상사고,0,0,1,0,차대차 - 기타,안전운전불이행,건조,맑음,교차로 - 교차로안,농기계,남,67세,상해없음,승용,여,53세,경상
2017051100100505,2017년 5월 11일 20시,목요일,충청남도 서산시 음암면,중상사고,0,2,0,0,차대차 - 측면충돌,안전운전불이행,건조,맑음,단일로 - 기타,승합,남,61세,중상,승용,남,37세,중상
2017051100100506,2017년 5월 11일 20시,목요일,충청남도 천안시 서북구 불당동,중상사고,0,1,0,0,차대차 - 측면충돌,안전운전불이행,건조,맑음,단일로 - 기타,승합,남,42세,상해없음,이륜,남,22세,중상
2017051100100575,2017년 5월 11일 22시,목요일,충청남도 공주시 신관동,경상사고,0,0,1,0,차대차 - 측면충돌,신호위반,건조,맑음,교차로 - 교차로안,이륜,남,43세,경상,승용,남,42세,상해없음
2017051100100576,2017년 5월 11일 22시,목요일,충청남도 예산군 예산읍,중상사고,0,1,0,0,차대사람 - 횡단중,안전운전불이행,건조,맑음,단일로 - 기타,승용,남,63세,상해없음,보행자,남,37세,중상
2017051100100577,2017년 5월 11일 22시,목요일,충청남도 예산군 삽교읍,사망사고,1,0,0,0,차대차 - 정면충돌,안전운전불이행,건조,맑음,단일로 - 기타,화물,남,55세,사망,화물,남,41세,상해없음
2017051100100578,2017년 5월 11일 22시,목요일,충청남도 당진시 송악읍,경상사고,0,0,2,0,차대차 - 정면충돌,교차로운행방법위반,건조,맑음,교차로 - 교차로안,승용,남,27세,상해없음,승용,남,39세,경상
2017051100100600,2017년 5월 11일 23시,목요일,충청남도 천안시 서북구 두정동,경상사고,0,0,1,0,차대사람 - 횡단중,안전운전불이행,건조,맑음,교차로 - 교차로부근,승용,남,31세,상해없음,보행자,남,23세,경상
2017051200100032,2017년 5월 12일 00시,금요일,충청남도 아산시 남동,경상사고,0,0,2,0,차대차 - 추돌,안전운전불이행,건조,맑음,단일로 - 기타,승용,남,52세,상해없음,승용,남,33세,경상
2017051200100045,2017년 5월 12일 01시,금요일,충청남도 보령시 궁촌동,중상사고,0,2,0,0,차대차 - 측면충돌,신호위반,건조,맑음,교차로 - 교차로안,승용,여,53세,중상,승용,남,36세,중상
2017051200100057,2017년 5월 12일 02시,금요일,충청남도 아산시 방축동,경상사고,0,0,1,0,차대차 - 추돌,안전운전불이행,건조,맑음,단일로 - 기타,승용,남,48세,상해없음,승용,남,60세,경상
2017051200100088,2017년 5월 12일 06시,금요일,충청남도 아산시 인주면,경상사고,0,0,2,0,차대차 - 기타,안전운전불이행,건조,맑음,단일로 - 기타,기타불명,기타불명,미분류,기타불명,승용,남,36세,경상
2017051200100139,2017년 5월 12일 08시,금요일,충청남도 당진시 송악읍,경상사고,0,0,1,0,차대차 - 기타,안전거리미확보,건조,맑음,단일로 - 기타,화물,남,55세,상해없음,승용,남,47세,경상
2017051200100206,2017년 5월 12일 10시,금요일,충청남도 아산시 실옥동,중상사고,0,1,0,0,차대차 - 측면충돌,안전운전불이행,건조,맑음,단일로 - 기타,화물,남,59세,상해없음,이륜,남,37세,중상
2017051200100226,2017년 5월 12일 11시,금요일,충청남도 천안시 동남구 오룡동,경상사고,0,0,1,0,차대차 - 측면충돌,안전운전불이행,건조,맑음,교차로 - 교차로안,승용,여,40세,상해없음,승용,남,36세,경상
2017051200100250,2017년 5월 12일 12시,금요일,충청남도 보령시 대천동,경상사고,0,0,1,0,차대사람 - 횡단중,안전운전불이행,건조,맑음,단일로 - 기타,화물,남,70세,상해없음,보행자,여,58세,경상
2017051200100280,2017년 5월 12일 13시,금요일,충청남도 공주시 금성동,중상사고,0,1,0,0,차대차 - 측면충돌,안전운전불이행,건조,맑음,단일로 - 기타,화물,남,45세,상해없음,자전거,남,68세,중상
2017051200100315,2017년 5월 12일 14시,금요일,충청남도 서산시 읍내동,경상사고,0,0,3,0,차대차 - 기타,안전운전불이행,건조,맑음,교차로 - 교차로부근,승용,여,37세,경상,승합,남,53세,상해없음
2017051200100316,2017년 5월 12일 14시,금요일,충청남도 천안시 서북구 불당동,중상사고,0,1,0,0,차대차 - 기타,안전운전불이행,건조,맑음,단일로 - 기타,이륜,남,29세,중상,승용,남,70세,상해없음
2017051200100317,2017년 5월 12일 14시,금요일,충청남도 계룡시 엄사면,경상사고,0,0,1,0,차대차 - 추돌,안전운전불이행,건조,맑음,교차로 - 교차로부근,승용,남,77세,상해없음,승용,여,55세,경상
2017051200100345,2017년 5월 12일 15시,금요일,충청남도 서산시 인지면,경상사고,0,0,2,0,차대차 - 정면충돌,중앙선침범,건조,맑음,단일로 - 기타,승용,여,57세,경상,승합,여,49세,경상
2017051200100346,2017년 5월 12일 15시,금요일,충청남도 홍성군 홍북읍,경상사고,0,0,1,0,차대사람 - 횡단중,신호위반,건조,맑음,단일로 - 기타,승용,여,32세,상해없음,보행자,여,7세,경상
2017051200100348,2017년 5월 12일 15시,금요일,충청남도 당진시 행정리,중상사고,0,1,1,1,차대차 - 추돌,기타,건조,맑음,단일로 - 교량,화물,남,44세,상해없음,승용,남,22세,부상신고
2017051200100379,2017년 5월 12일 16시,금요일,충청남도 논산시 지산동,중상사고,0,1,0,0,차대차 - 측면충돌,신호위반,건조,맑음,교차로 - 교차로안,승용,남,74세,상해없음,화물,남,55세,중상
2017051200100412,2017년 5월 12일 17시,금요일,충청남도 홍성군 홍성읍,경상사고,0,0,1,0,차대차 - 추돌,안전거리미확보,건조,맑음,단일로 - 기타,승용,남,61세,상해없음,승용,남,45세,경상
2017051200100413,2017년 5월 12일 17시,금요일,충청남도 아산시 염치읍,경상사고,0,0,1,0,차대차 - 추돌,안전운전불이행,건조,맑음,교차로 - 교차로부근,승용,남,65세,상해없음,승용,여,43세,경상
2017051200100414,2017년 5월 12일 17시,금요일,충청남도 천안시 동남구 오룡동,경상사고,0,0,1,1,차대차 - 측면충돌,안전거리미확보,건조,흐림,단일로 - 기타,이륜,남,52세,부상신고,승용,남,34세,경상
2017051200100461,2017년 5월 12일 18시,금요일,충청남도 태안군 태안읍,경상사고,0,0,1,0,차대차 - 정면충돌,안전운전불이행,건조,맑음,교차로 - 교차로안,승용,남,51세,상해없음,승용,여,54세,경상
2017051200100462,2017년 5월 12일 18시,금요일,충청남도 당진시 정미면,중상사고,0,1,0,0,차대차 - 측면충돌,과속,건조,맑음,교차로 - 교차로안,승합,남,33세,상해없음,승용,남,54세,상해없음
2017051200100493,2017년 5월 12일 19시,금요일,충청남도 천안시 동남구 신방동,경상사고,0,0,1,0,차대차 - 측면충돌,안전운전불이행,건조,맑음,단일로 - 기타,승용,남,36세,상해없음,승용,남,53세,경상
2017051200100527,2017년 5월 12일 20시,금요일,충청남도 홍성군 홍북읍,중상사고,0,1,0,0,차대사람 - 횡단중,안전운전불이행,건조,맑음,단일로 - 기타,화물,남,48세,상해없음,보행자,남,2세,중상
2017051200100555,2017년 5월 12일 21시,금요일,충청남도 천안시 서북구 입장면,중상사고,0,1,2,0,차대차 - 기타,과속,건조,맑음,단일로 - 기타,승용,남,21세,상해없음,승용,남,38세,중상
2017051200100556,2017년 5월 12일 21시,금요일,충청남도 아산시 송악면,경상사고,0,0,1,0,차대차 - 기타,안전운전불이행,건조,맑음,교차로 - 교차로안,기타불명,기타불명,미분류,기타불명,승용,남,26세,경상
2017051300100033,2017년 5월 13일 00시,토요일,충청남도 태안군 근흥면,중상사고,0,1,0,0,차량단독 - 전도전복,안전운전불이행,건조,맑음,단일로 - 기타,이륜,남,58세,중상,미분류,미분류,미분류,미분류
2017051300100055,2017년 5월 13일 01시,토요일,충청남도 천안시 동남구 원성동,경상사고,0,0,1,0,차대차 - 추돌,안전운전불이행,건조,맑음,교차로 - 교차로부근,승용,남,44세,상해없음,승용,남,34세,경상
2017051300100090,2017년 5월 13일 03시,토요일,충청남도 아산시 탕정면,경상사고,0,0,3,0,차대차 - 정면충돌,중앙선침범,건조,맑음,단일로 - 기타,승용,남,50세,경상,승용,남,37세,경상
2017051300100109,2017년 5월 13일 04시,토요일,충청남도 천안시 서북구 두정동,경상사고,0,0,1,0,차대사람 - 횡단중,안전운전불이행,건조,맑음,단일로 - 기타,승용,남,24세,상해없음,보행자,남,32세,경상
2017051300100130,2017년 5월 13일 06시,토요일,충청남도 천안시 서북구 입장면,중상사고,0,1,0,0,차대차 - 측면충돌,신호위반,건조,맑음,교차로 - 교차로안,승용,남,45세,상해없음,승용,남,64세,중상
2017051300100147,2017년 5월 13일 07시,토요일,충청남도 천안시 서북구 성거읍,경상사고,0,0,1,0,차대차 - 추돌,안전운전불이행,건조,맑음,단일로 - 기타,승용,남,28세,상해없음,승용,여,37세,경상
2017051300100148,2017년 5월 13일 07시,토요일,충청남도 아산시 인주면,중상사고,0,1,0,0,차량단독 - 전도전복 - 전도,안전운전불이행,건조,맑음,단일로 - 기타,승용,여,37세,중상,,,,
2017051300100149,2017년 5월 13일 07시,토요일,충청남도 당진시 신평면,경상사고,0,0,1,0,차대차 - 정면충돌,안전운전불이행,건조,맑음,단일로 - 기타,승용,여,27세,상해없음,승용,남,34세,경상
2017051300100200,2017년 5월 13일 09시,토요일,충청남도 예산군 예산읍,중상사고,0,1,0,0,차대차 - 추돌,안전거리미확보,건조,맑음,단일로 - 기타,특수,남,54세,상해없음,화물,남,47세,중상
2017051300100229,2017년 5월 13일 10시,토요일,충청남도 예산군 예산읍,경상사고,0,0,7,0,차대차 - 추돌,안전거리미확보,건조,흐림,단일로 - 기타,화물,남,51세,상해없음,승용,남,36세,경상
2017051300100230,2017년 5월 13일 10시,토요일,충청남도 당진시 사기소리,중상사고,0,1,0,0,차대차 - 기타,중앙선침범,건조,맑음,단일로 - 기타,기타불명,기타불명,미분류,기타불명,이륜,여,50세,중상
2017051300100231,2017년 5월 13일 10시,토요일,충청남도 천안시 동남구 풍세면,중상사고,0,1,0,0,차대사람 - 횡단중,안전운전불이행,건조,맑음,기타 - 기타,화물,남,28세,기타불명,보행자,남,50세,중상
2017051300100290,2017년 5월 13일 12시,토요일,충청남도 천안시 서북구 불당동,경상사고,0,0,1,0,차대차 - 기타,안전거리미확보,건조,맑음,교차로 - 교차로부근,승용,여,41세,상해없음,승용,남,59세,경상
2017051300100320,2017년 5월 13일 13시,토요일,충청남도 천안시 서북구 쌍용동,경상사고,0,0,1,0,차대차 - 기타,안전거리미확보,건조,맑음,단일로 - 기타,기타불명,기타불명,미분류,기타불명,승합,남,47세,상해없음
2017051300100321,2017년 5월 13일 13시,토요일,충청남도 서천군 서천읍,경상사고,0,0,1,0,차대차 - 측면충돌,안전운전불이행,건조,맑음,단일로 - 기타,승용,남,65세,상해없음,승용,여,69세,경상
2017051300100322,2017년 5월 13일 13시,토요일,충청남도 예산군 예산읍,경상사고,0,0,3,0,차대차 - 추돌,안전거리미확보,건조,맑음,교차로 - 교차로부근,승용,여,51세,상해없음,승용,여,46세,경상
2017051300100323,2017년 5월 13일 13시,토요일,충청남도 천안시 동남구 수신면,경상사고,0,0,1,0,차대차 - 추돌,안전운전불이행,건조,맑음,단일로 - 기타,승용,여,28세,상해없음,승용,남,30세,경상
2017051300100362,2017년 5월 13일 14시,토요일,충청남도 공주시 정안면,경상사고,0,0,1,0,차대차 - 후진중충돌,안전운전불이행,건조,맑음,주차장 - 주차장,승합,남,60세,상해없음,승용,남,50세,경상
2017051300100363,2017년 5월 13일 14시,토요일,충청남도 부여군 규암면,경상사고,0,0,1,0,차대차 - 측면충돌,안전거리미확보,건조,맑음,단일로 - 기타,승용,여,36세,상해없음,승용,여,46세,경상
2017051300100404,2017년 5월 13일 15시,토요일,충청남도 예산군 고덕면,사망사고,1,0,0,0,차량단독 - 전도전복 - 전도,안전운전불이행,젖음/습기,비,단일로 - 기타,사륜오토바이(ATV),남,80세,사망,,,,
2017051300100439,2017년 5월 13일 16시,토요일,충청남도 서산시 예천동,경상사고,0,0,1,0,차대차 - 측면충돌,직진우회전진행방해,건조,맑음,교차로 - 교차로안,승용,남,36세,상해없음,이륜,남,51세,경상
2017051300100440,2017년 5월 13일 16시,토요일,충청남도 당진시 합덕읍,경상사고,0,0,1,0,차대차 - 정면충돌,교차로운행방법위반,건조,맑음,교차로 - 교차로안,이륜,여,68세,경상,승용,여,55세,상해없음
2017051300100441,2017년 5월 13일 16시,토요일,충청남도 청양군 정산면,중상사고,0,1,2,0,차대차 - 추돌,안전운전불이행,젖음/습기,비,단일로 - 기타,화물,남,44세,상해없음,농기계,남,67세,중상
2017051300100510,2017년 5월 13일 18시,토요일,충청남도 아산시 둔포면,경상사고,0,0,1,0,차대차 - 정면충돌,안전운전불이행,건조,맑음,단일로 - 기타,승용,남,29세,상해없음,승용,여,47세,경상
2017051300100539,2017년 5월 13일 19시,토요일,충청남도 논산시 취암동,경상사고,0,0,1,0,차대차 - 측면충돌,중앙선침범,건조,맑음,교차로 - 교차로부근,승용,남,26세,경상,기타불명,기타불명,미분류,기타불명
2017051300100562,2017년 5월 13일 20시,토요일,충청남도 태안군 태안읍,중상사고,0,1,0,0,차대사람 - 횡단중,안전운전불이행,건조,맑음,단일로 - 기타,승용,남,21세,상해없음,보행자,남,56세,중상
2017051300100563,2017년 5월 13일 20시,토요일,충청남도 천안시 서북구 성환읍,경상사고,0,0,1,0,차대차 - 추돌,안전운전불이행,건조,맑음,단일로 - 기타,승용,남,22세,경상,건설기계,남,51세,상해없음
2017051300100581,2017년 5월 13일 21시,토요일,충청남도 천안시 동남구 신방동,경상사고,0,0,2,0,차대차 - 추돌,안전운전불이행,건조,맑음,단일로 - 기타,화물,남,43세,상해없음,승용,남,57세,경상
2017051300100608,2017년 5월 13일 22시,토요일,충청남도 논산시 취암동,경상사고,0,0,1,0,차대차 - 추돌,안전운전불이행,건조,맑음,교차로 - 교차로부근,승용,남,22세,상해없음,승용,남,30세,경상
2017051300100632,2017년 5월 13일 23시,토요일,충청남도 천안시 동남구 삼룡동,중상사고,0,1,0,0,차대차 - 추돌,안전운전불이행,건조,맑음,단일로 - 터널,승용,남,54세,중상,건설기계,남,32세,상해없음
2017051400100022,2017년 5월 14일 00시,일요일,충청남도 당진시 신평면,경상사고,0,0,1,0,차대차 - 정면충돌,중앙선침범,건조,맑음,단일로 - 기타,승용,여,42세,상해없음,승용,남,36세,경상
2017051400100054,2017년 5월 14일 03시,일요일,충청남도 아산시 온천동,경상사고,0,0,2,0,차대차 - 추돌,안전운전불이행,건조,맑음,교차로 - 교차로부근,승용,남,44세,상해없음,승용,남,19세,상해없음
2017051400100068,2017년 5월 14일 04시,일요일,충청남도 천안시 서북구 성정동,중상사고,0,1,0,0,차대사람 - 기타,과속,건조,맑음,단일로 - 기타,승용,남,26세,상해없음,보행자,남,59세,중상
2017051400100074,2017년 5월 14일 05시,일요일,충청남도 천안시 동남구 삼룡동,경상사고,0,0,1,0,차대차 - 측면충돌,신호위반,건조,맑음,교차로 - 교차로안,이륜,남,49세,경상,화물,남,63세,상해없음
2017051400100204,2017년 5월 14일 12시,일요일,충청남도 천안시 동남구 신방동,경상사고,0,0,1,0,차대차 - 측면충돌,교차로운행방법위반,건조,맑음,교차로 - 교차로안,승용,여,32세,상해없음,승용,남,40세,경상
2017051400100205,2017년 5월 14일 12시,일요일,충청남도 금산군 추부면,중상사고,0,1,0,0,차대차 - 기타,안전운전불이행,건조,맑음,단일로 - 기타,승용,여,64세,상해없음,승용,남,57세,상해없음
2017051400100228,2017년 5월 14일 13시,일요일,충청남도 천안시 서북구 두정동,경상사고,0,0,1,0,차대차 - 측면충돌,안전운전불이행,건조,맑음,단일로 - 기타,이륜,남,25세,경상,승용,남,48세,상해없음
2017051400100229,2017년 5월 14일 13시,일요일,충청남도 천안시 동남구 청당동,경상사고,0,0,2,0,차대차 - 추돌,안전운전불이행,건조,맑음,단일로 - 기타,승용,남,40세,상해없음,승용,남,67세,경상
2017051400100250,2017년 5월 14일 14시,일요일,충청남도 태안군 근흥면,중상사고,0,2,0,0,차대차 - 정면충돌,중앙선침범,건조,맑음,단일로 - 기타,승용,남,60세,상해없음,승용,남,43세,중상
2017051400100251,2017년 5월 14일 14시,일요일,충청남도 서산시 예천동,경상사고,0,0,1,0,차대사람 - 기타,안전운전불이행,건조,맑음,교차로 - 교차로안,승용,남,37세,상해없음,보행자,여,16세,경상
2017051400100252,2017년 5월 14일 14시,일요일,충청남도 당진시 석문면,중상사고,0,1,1,0,차대차 - 측면충돌,직진우회전진행방해,건조,맑음,교차로 - 교차로안,승용,남,26세,상해없음,승용,남,31세,중상
2017051400100280,2017년 5월 14일 15시,일요일,충청남도 서산시 해미면,경상사고,0,0,3,0,차대차 - 추돌,안전거리미확보,건조,맑음,단일로 - 기타,승용,남,51세,상해없음,승용,남,44세,경상
2017051400100281,2017년 5월 14일 15시,일요일,충청남도 홍성군 홍성읍,경상사고,0,0,1,0,차대차 - 정면충돌,안전운전불이행,건조,맑음,교차로 - 교차로안,승용,남,43세,상해없음,승용,여,54세,경상
2017051400100351,2017년 5월 14일 17시,일요일,충청남도 천안시 서북구 성정동,경상사고,0,0,1,0,차대차 - 추돌,안전운전불이행,건조,맑음,단일로 - 기타,승용,남,21세,상해없음,승용,남,34세,경상
2017051400100352,2017년 5월 14일 17시,일요일,충청남도 천안시 서북구 성거읍,경상사고,0,0,1,0,차대차 - 추돌,안전운전불이행,건조,맑음,교차로 - 교차로부근,승용,여,54세,상해없음,승용,남,47세,경상
2017051400100353,2017년 5월 14일 17시,일요일,충청남도 홍성군 홍성읍,중상사고,0,3,3,0,차대차 - 측면충돌,신호위반,건조,맑음,교차로 - 교차로안,승합,남,69세,상해없음,승용,남,49세,경상
2017051400100354,2017년 5월 14일 17시,일요일,충청남도 아산시 용화동,경상사고,0,0,3,0,차대차 - 정면충돌,안전운전불이행,건조,맑음,단일로 - 기타,승용,여,29세,상해없음,승용,남,29세,경상
2017051400100355,2017년 5월 14일 17시,일요일,충청남도 공주시 탄천면,경상사고,0,0,4,0,차대차 - 측면충돌,차로위반,건조,맑음,단일로 - 기타,승용,남,65세,상해없음,승용,남,32세,경상
2017051400100356,2017년 5월 14일 17시,일요일,충청남도 당진시 신평면,중상사고,0,1,3,0,차대차 - 정면충돌,중앙선침범,건조,맑음,교차로 - 교차로안,승용,남,29세,상해없음,승용,남,42세,경상
2017051400100378,2017년 5월 14일 18시,일요일,충청남도 보령시 신흑동,경상사고,0,0,2,0,차대차 - 기타,직진우회전진행방해,건조,맑음,교차로 - 교차로안,승용,여,37세,상해없음,승합,남,55세,경상
2017051400100406,2017년 5월 14일 19시,일요일,충청남도 서천군 비인면,중상사고,0,1,0,0,차대차 - 측면충돌,안전운전불이행,건조,맑음,단일로 - 기타,이륜,남,52세,상해없음,승용,여,57세,상해없음
2017051400100433,2017년 5월 14일 20시,일요일,충청남도 천안시 서북구 성정동,중상사고,0,1,0,0,차대차 - 측면충돌,교차로운행방법위반,건조,맑음,교차로 - 교차로안,승용,여,36세,중상,승용,남,38세,상해없음
2017051400100434,2017년 5월 14일 20시,일요일,충청남도 아산시 음봉면,경상사고,0,0,1,0,차대차 - 추돌,안전운전불이행,건조,맑음,미분류 - 미분류,화물,남,57세,상해없음,승용,여,50세,경상
2017051400100479,2017년 5월 14일 22시,일요일,충청남도 홍성군 갈산면,경상사고,0,0,1,0,차대차 - 정면충돌,중앙선침범,건조,맑음,단일로 - 기타,승용,여,38세,상해없음,화물,여,68세,경상
2017051400100480,2017년 5월 14일 22시,일요일,충청남도 아산시 인주면,중상사고,0,1,0,0,차대차 - 추돌,안전운전불이행,건조,맑음,미분류 - 미분류,승용,남,29세,상해없음,화물,기타불명,미분류,기타불명