사고번호,사고일시,요일,시군구,사고내용,사망자수,중상자수,경상자수,부상신고자수,사고유형,법규위반,노면상태,기상상태,도로형태,가해운전자 차종,가해운전자 성별,가해운전자 연령,가해운전자 상해정도,피해운전자 차종,피해운전자 성별,피해운전자 연령,피해운전자 상해정도
2017051800100653,2017년 5월 18일 23시,목요일,충청남도 보령시 동대동,경상사고,0,0,2,0,차대차 - 정면충돌,교차로운행방법위반,건조,맑음,교차로 - 교차로안,승용,남,42세,상해없음,승용,여,49세,경상
2017051900100047,2017년 5월 19일 01시,금요일,충청남도 천안시 서북구 성정동,중상사고,0,1,0,0,차대사람 - 횡단중,보행자보호의무위반,건조,맑음,단일로 - 기타,승용,남,24세,상해없음,보행자,여,25세,중상
2017051900100089,2017년 5월 19일 06시,금요일,충청남도 서산시 팔봉면,중상사고,0,1,2,0,차대차 - 추돌,안전운전불이행,건조,맑음,단일로 - 기타,승용,남,48세,경상,화물,남,36세,경상
2017051900100090,2017년 5월 19일 06시,금요일,충청남도 홍성군 홍성읍,중상사고,0,1,0,0,차대차 - 측면충돌,직진우회전진행방해,건조,맑음,교차로 - 교차로안,화물,남,48세,상해없음,자전거,남,41세,중상
2017051900100198,2017년 5월 19일 09시,금요일,충청남도 천안시 서북구 쌍용동,경상사고,0,0,2,0,차대차 - 기타,불법유턴,건조,맑음,교차로 - 교차로부근,승합,남,36세,상해없음,승용,여,39세,경상
2017051900100199,2017년 5월 19일 09시,금요일,충청남도 천안시 서북구 쌍용동,경상사고,0,0,1,0,차대차 - 기타,교차로운행방법위반,건조,맑음,교차로 - 교차로부근,화물,남,37세,상해없음,승용,여,66세,경상
2017051900100200,2017년 5월 19일 09시,금요일,충청남도 부여군 부여읍,중상사고,0,1,0,0,차대차 - 측면충돌,안전운전불이행,건조,맑음,교차로 - 교차로부근,승용,남,70세,상해없음,이륜,남,84세,중상
2017051900100231,2017년 5월 19일 10시,금요일,충청남도 천안시 서북구 성정동,경상사고,0,0,1,0,차대차 - 기타,직진우회전진행방해,건조,맑음,교차로 - 교차로안,승용,여,52세,상해없음,자전거,남,79세,경상
2017051900100232,2017년 5월 19일 10시,금요일,충청남도 천안시 동남구 신부동,경상사고,0,0,1,0,차대사람 - 횡단중,안전운전불이행,건조,맑음,단일로 - 기타,승용,여,64세,상해없음,보행자,여,59세,경상
2017051900100275,2017년 5월 19일 11시,금요일,충청남도 청양군 정산면,부상신고사고,0,0,0,1,차량단독 - 전도전복,안전운전불이행,건조,맑음,단일로 - 기타,원동기,남,73세,부상신고,미분류,미분류,미분류,미분류
2017051900100307,2017년 5월 19일 12시,금요일,충청남도 아산시 방축동,경상사고,0,0,1,0,차대사람 - 횡단중,안전운전불이행,건조,맑음,단일로 - 기타,승용,남,53세,상해없음,보행자,여,43세,경상
2017051900100343,2017년 5월 19일 13시,금요일,충청남도 천안시 동남구 광덕면,중상사고,0,1,0,0,차대차 - 추돌,안전운전불이행,건조,맑음,단일로 - 터널,화물,남,70세,상해없음,화물,남,41세,중상
2017051900100410,2017년 5월 19일 15시,금요일,충청남도 홍성군 광천읍,중상사고,0,1,0,0,차대차 - 추돌,안전운전불이행,건조,맑음,단일로 - 기타,화물,남,53세,상해없음,자전거,남,78세,중상
2017051900100470,2017년 5월 19일 16시,금요일,충청남도 천안시 서북구 성정동,경상사고,0,0,1,0,차대차 - 추돌,안전운전불이행,건조,맑음,교차로 - 교차로부근,화물,남,53세,상해없음,승용,남,33세,경상
2017051900100471,2017년 5월 19일 16시,금요일,충청남도 아산시 음봉면,경상사고,0,0,1,0,차대차 - 측면충돌,안전운전불이행,건조,맑음,교차로 - 교차로안,승용,남,50세,상해없음,승용,여,34세,경상
2017051900100472,2017년 5월 19일 16시,금요일,충청남도 당진시 읍내리,중상사고,0,1,0,0,차대사람 - 횡단중,보행자보호의무위반,건조,맑음,교차로 - 교차로횡단보도내,승용,여,55세,상해없음,보행자,남,84세,중상
2017051900100473,2017년 5월 19일 16시,금요일,충청남도 당진시 합덕읍,경상사고,0,0,1,0,차대사람 - 횡단중,안전운전불이행,건조,맑음,교차로 - 교차로안,승용,여,61세,상해없음,보행자,여,70세,경상
2017051900100506,2017년 5월 19일 17시,금요일,충청남도 아산시 음봉면,중상사고,0,1,0,0,차대차 - 추돌,안전운전불이행,건조,맑음,미분류 - 미분류,화물,남,35세,상해없음,승용,남,42세,중상
2017051900100508,2017년 5월 19일 17시,금요일,충청남도 천안시 동남구 신부동,경상사고,0,0,1,0,차대차 - 측면충돌,안전운전불이행,건조,맑음,단일로 - 기타,승용,남,60세,상해없음,승합,남,61세,상해없음
2017051900100541,2017년 5월 19일 18시,금요일,충청남도 당진시 수청리,경상사고,0,0,1,0,차대차 - 추돌,안전운전불이행,건조,맑음,교차로 - 교차로부근,승용,여,35세,상해없음,승용,여,49세,경상
2017051900100542,2017년 5월 19일 18시,금요일,충청남도 천안시 동남구 원성동,중상사고,0,1,0,0,차대사람 - 횡단중,안전운전불이행,건조,맑음,단일로 - 기타,승용,남,35세,상해없음,보행자,남,40세,중상
2017051900100578,2017년 5월 19일 19시,금요일,충청남도 천안시 서북구 성정동,중상사고,0,1,0,0,차대차 - 정면충돌,중앙선침범,건조,맑음,교차로 - 교차로부근,이륜,남,23세,상해없음,이륜,남,28세,중상
2017051900100579,2017년 5월 19일 19시,금요일,충청남도 천안시 서북구 불당동,경상사고,0,0,1,0,차대차 - 기타,안전운전불이행,건조,맑음,단일로 - 기타,승용,여,46세,상해없음,승용,남,36세,경상
2017051900100580,2017년 5월 19일 19시,금요일,충청남도 천안시 서북구 쌍용동,경상사고,0,0,2,0,차대차 - 기타,교차로운행방법위반,건조,맑음,교차로 - 교차로안,승합,남,50세,상해없음,승용,여,38세,경상
2017051900100581,2017년 5월 19일 19시,금요일,충청남도 보령시 동대동,경상사고,0,0,2,0,차대차 - 기타,기타,건조,맑음,교차로 - 교차로부근,승용,남,52세,상해없음,승용,남,58세,경상
2017051900100583,2017년 5월 19일 19시,금요일,충청남도 당진시 석문면,사망사고,1,0,0,0,차대차 - 정면충돌,중앙선침범,건조,맑음,단일로 - 기타,이륜,남,75세,사망,화물,남,56세,상해없음
2017051900100668,2017년 5월 19일 21시,금요일,충청남도 천안시 서북구 두정동,경상사고,0,0,2,0,차대차 - 기타,안전운전불이행,건조,맑음,교차로 - 교차로부근,승용,남,25세,상해없음,승용,남,23세,경상
2017051900100669,2017년 5월 19일 21시,금요일,충청남도 아산시 탕정면,중상사고,0,1,0,0,차대사람 - 횡단중,보행자보호의무위반,건조,맑음,교차로 - 교차로횡단보도내,승용,남,33세,상해없음,보행자,남,44세,중상
2017051900100726,2017년 5월 19일 23시,금요일,충청남도 당진시 읍내리,중상사고,0,2,0,0,차대차 - 정면충돌,안전운전불이행,건조,맑음,단일로 - 기타,승용,남,27세,상해없음,승용,남,30세,중상
2017051900100727,2017년 5월 19일 23시,금요일,충청남도 천안시 동남구 신부동,경상사고,0,0,1,0,차대차 - 추돌,과속,건조,맑음,단일로 - 기타,승용,남,22세,상해없음,승용,남,48세,경상
2017052000100054,2017년 5월 20일 01시,토요일,충청남도 천안시 서북구 쌍용동,중상사고,0,1,0,0,차대사람 - 기타,안전운전불이행,건조,맑음,주차장 - 주차장,승용,남,64세,상해없음,보행자,여,46세,중상
2017052000100055,2017년 5월 20일 01시,토요일,충청남도 보령시 동대동,경상사고,0,0,2,0,차대차 - 측면충돌,신호위반,건조,맑음,교차로 - 교차로안,승용,남,48세,상해없음,승용,여,22세,경상
2017052000100123,2017년 5월 20일 06시,토요일,충청남도 천안시 서북구 성거읍,사망사고,1,2,1,0,차대차 - 정면충돌,직진우회전진행방해,건조,맑음,교차로 - 교차로안,승용,남,77세,경상,승용,남,61세,사망
2017052000100137,2017년 5월 20일 07시,토요일,충청남도 서산시 부석면,중상사고,0,1,0,0,차대차 - 정면충돌,안전운전불이행,건조,맑음,단일로 - 기타,화물,남,68세,상해없음,자전거,남,56세,중상
2017052000100153,2017년 5월 20일 08시,토요일,충청남도 홍성군 홍성읍,경상사고,0,0,4,0,차대차 - 추돌,안전운전불이행,건조,맑음,단일로 - 기타,승용,남,34세,상해없음,승용,남,41세,경상
2017052000100154,2017년 5월 20일 08시,토요일,충청남도 아산시 둔포면,경상사고,0,0,1,0,차대차 - 정면충돌,차로위반,건조,맑음,단일로 - 기타,승용,남,44세,상해없음,승용,남,30세,경상
2017052000100177,2017년 5월 20일 09시,토요일,충청남도 논산시 부적면,중상사고,0,1,3,0,차대차 - 기타,차로위반,건조,맑음,단일로 - 기타,승용,여,35세,상해없음,승용,여,58세,경상
2017052000100263,2017년 5월 20일 12시,토요일,충청남도 천안시 서북구 차암동,경상사고,0,0,1,0,차대차 - 기타,교차로운행방법위반,건조,맑음,교차로 - 교차로안,승용,남,57세,상해없음,승용,여,50세,경상
2017052000100336,2017년 5월 20일 14시,토요일,충청남도 보령시 주교면,경상사고,0,0,1,0,차대차 - 기타,과속,건조,맑음,단일로 - 기타,화물,남,20세,경상,승용,남,35세,상해없음
2017052000100337,2017년 5월 20일 14시,토요일,충청남도 금산군 금산읍,중상사고,0,1,0,0,차대차 - 측면충돌,직진우회전진행방해,건조,맑음,교차로 - 교차로안,승용,남,47세,상해없음,이륜,여,46세,중상
2017052000100375,2017년 5월 20일 15시,토요일,충청남도 태안군 안면읍,부상신고사고,0,0,0,1,차대차 - 측면충돌,불법유턴,건조,맑음,단일로 - 기타,승용,남,41세,상해없음,승합,남,54세,상해없음
2017052000100415,2017년 5월 20일 16시,토요일,충청남도 청양군 화성면,중상사고,0,2,0,0,차대차 - 측면충돌,안전운전불이행,건조,맑음,단일로 - 기타,이륜,남,44세,상해없음,이륜,남,85세,중상
2017052000100443,2017년 5월 20일 17시,토요일,충청남도 서산시 예천동,부상신고사고,0,0,0,1,차량단독 - 전도전복,안전운전불이행,건조,맑음,단일로 - 기타,이륜,남,35세,부상신고,미분류,미분류,미분류,미분류
2017052000100444,2017년 5월 20일 17시,토요일,충청남도 천안시 동남구 목천읍,경상사고,0,0,2,0,차대차 - 추돌,안전운전불이행,건조,맑음,단일로 - 기타,승용,남,39세,상해없음,화물,남,52세,경상
2017052000100488,2017년 5월 20일 18시,토요일,충청남도 보령시 주포면,경상사고,0,0,1,0,차량단독 - 전도전복 - 전도,안전운전불이행,건조,맑음,단일로 - 기타,자전거,여,65세,경상,,,,
2017052000100489,2017년 5월 20일 18시,토요일,충청남도 공주시 신풍면,경상사고,0,0,1,0,차대차 - 측면충돌,신호위반,건조,맑음,교차로 - 교차로안,승합,남,53세,상해없음,승용,남,61세,경상
2017052000100490,2017년 5월 20일 18시,토요일,충청남도 예산군 신양면,중상사고,0,3,0,0,차대차 - 측면충돌,과속,건조,맑음,교차로 - 교차로부근,화물,남,58세,상해없음,승용,남,70세,중상
2017052000100491,2017년 5월 20일 18시,토요일,충청남도 당진시 합덕읍,중상사고,0,1,1,0,차대차 - 측면충돌,교차로운행방법위반,건조,맑음,교차로 - 교차로안,승용,여,54세,상해없음,승용,여,25세,경상
2017052000100553,2017년 5월 20일 20시,토요일,충청남도 서천군 마서면,경상사고,0,0,2,0,차대차 - 추돌,안전운전불이행,건조,맑음,단일로 - 기타,승용,남,50세,경상,농기계,남,55세,경상
2017052000100554,2017년 5월 20일 20시,토요일,충청남도 천안시 동남구 청수동,중상사고,0,1,0,0,차대사람 - 횡단중,안전운전불이행,건조,맑음,교차로 - 교차로안,승용,남,30세,상해없음,보행자,남,46세,중상
2017052000100555,2017년 5월 20일 20시,토요일,충청남도 천안시 동남구 원성동,경상사고,0,0,1,0,차대차 - 추돌,안전운전불이행,건조,맑음,단일로 - 기타,이륜,남,24세,경상,승용,남,38세,상해없음
2017052000100614,2017년 5월 20일 22시,토요일,충청남도 천안시 서북구 쌍용동,경상사고,0,0,1,0,차대차 - 측면충돌,신호위반,건조,맑음,교차로 - 교차로안,승용,남,59세,상해없음,승용,남,20세,경상
2017052000100615,2017년 5월 20일 22시,토요일,충청남도 천안시 서북구 직산읍,경상사고,0,0,1,0,차대사람 - 횡단중,안전운전불이행,건조,맑음,단일로 - 기타,승용,남,45세,상해없음,보행자,남,59세,경상
2017052100100071,2017년 5월 21일 03시,일요일,충청남도 공주시 신관동,중상사고,0,1,1,0,차대사람 - 횡단중,안전운전불이행,건조,맑음,교차로 - 교차로부근,승용,남,19세,상해없음,보행자,남,21세,중상
2017052100100075,2017년 5월 21일 03시,일요일,충청남도 홍성군 갈산면,중상사고,0,1,0,0,차대차 - 기타,안전운전불이행,건조,맑음,단일로 - 기타,화물,남,35세,상해없음,화물,남,49세,중상
2017052100100104,2017년 5월 21일 06시,일요일,충청남도 서산시 성연면,경상사고,0,0,1,0,차대차 - 측면충돌,신호위반,건조,맑음,교차로 - 교차로안,화물,남,54세,상해없음,승용,남,35세,경상
2017052100100120,2017년 5월 21일 07시,일요일,충청남도 천안시 서북구 입장면,경상사고,0,0,2,0,차대차 - 측면충돌,교차로운행방법위반,건조,맑음,교차로 - 교차로안,승용,남,68세,상해없음,승용,남,55세,경상
2017052100100121,2017년 5월 21일 07시,일요일,충청남도 보령시 신흑동,경상사고,0,0,1,0,차대사람 - 기타,기타,건조,맑음,단일로 - 기타,화물,남,56세,상해없음,보행자,남,33세,경상
2017052100100137,2017년 5월 21일 08시,일요일,충청남도 부여군 세도면,중상사고,0,1,0,0,차대차 - 측면충돌,안전운전불이행,건조,맑음,단일로 - 기타,이륜,남,75세,중상,승용,남,86세,상해없음
2017052100100196,2017년 5월 21일 11시,일요일,충청남도 태안군 원북면,중상사고,0,1,0,0,차대사람 - 횡단중,안전운전불이행,건조,맑음,단일로 - 기타,승용,남,54세,상해없음,보행자,남,3세,중상
2017052100100231,2017년 5월 21일 12시,일요일,충청남도 서산시 석남동,경상사고,0,0,1,0,차대차 - 정면충돌,안전운전불이행,건조,맑음,교차로 - 교차로안,승용,여,41세,상해없음,이륜,남,41세,경상
2017052100100232,2017년 5월 21일 12시,일요일,충청남도 아산시 둔포면,중상사고,0,1,3,0,차대차 - 정면충돌,신호위반,건조,맑음,교차로 - 교차로안,승합,남,59세,상해없음,화물,남,61세,경상
2017052100100292,2017년 5월 21일 14시,일요일,충청남도 서산시 예천동,경상사고,0,0,2,0,차대차 - 측면충돌,안전거리미확보,건조,맑음,교차로 - 교차로부근,승용,남,27세,상해없음,승용,남,50세,경상
2017052100100293,2017년 5월 21일 14시,일요일,충청남도 홍성군 홍동면,경상사고,0,0,1,0,차대차 - 측면충돌,교차로운행방법위반,건조,맑음,교차로 - 교차로안,농기계,남,57세,상해없음,승용,여,62세,경상
2017052100100327,2017년 5월 21일 15시,일요일,충청남도 서산시 지곡면,중상사고,0,1,0,0,차대차 - 정면충돌,안전운전불이행,건조,맑음,단일로 - 기타,승용,여,72세,중상,화물,남,33세,상해없음
2017052100100328,2017년 5월 21일 15시,일요일,충청남도 아산시 둔포면,경상사고,0,0,1,0,차대차 - 측면충돌,신호위반,건조,맑음,교차로 - 교차로안,승용,여,56세,상해없음,승용,남,31세,경상
2017052100100355,2017년 5월 21일 16시,일요일,충청남도 천안시 서북구 성정동,경상사고,0,0,1,0,차대차 - 기타,안전운전불이행,건조,맑음,단일로 - 기타,승용,여,39세,상해없음,승용,여,23세,상해없음
2017052100100356,2017년 5월 21일 16시,일요일,충청남도 홍성군 광천읍,경상사고,0,0,1,0,차대차 - 측면충돌,교차로운행방법위반,건조,맑음,교차로 - 교차로안,이륜,남,69세,경상,승용,남,33세,상해없음
2017052100100357,2017년 5월 21일 16시,일요일,충청남도 홍성군 갈산면,중상사고,0,1,0,0,차대차 - 측면충돌,안전운전불이행,건조,맑음,교차로 - 교차로안,화물,남,49세,상해없음,승용,여,57세,중상
2017052100100386,2017년 5월 21일 17시,일요일,충청남도 예산군 오가면,경상사고,0,0,1,0,차대차 - 측면충돌,안전운전불이행,건조,맑음,교차로 - 교차로부근,이륜,남,80세,경상,승용,남,77세,상해없음
2017052100100387,2017년 5월 21일 17시,일요일,충청남도 금산군 복수면,중상사고,0,1,0,0,차대차 - 추돌,안전운전불이행,건조,맑음,단일로 - 기타,이륜,남,71세,중상,이륜,남,48세,상해없음
2017052100100417,2017년 5월 21일 18시,일요일,충청남도 천안시 서북구 성환읍,중상사고,0,1,0,0,차대사람 - 횡단중,안전운전불이행,건조,맑음,기타 - 기타,승합,남,53세,상해없음,보행자,여,82세,중상
2017052100100418,2017년 5월 21일 18시,일요일,충청남도 홍성군 홍성읍,경상사고,0,0,1,0,차대사람 - 횡단중,안전운전불이행,건조,맑음,주차장 - 주차장,화물,남,52세,상해없음,보행자,남,83세,경상
2017052100100464,2017년 5월 21일 20시,일요일,충청남도 천안시 동남구 신부동,경상사고,0,0,5,0,차대차 - 정면충돌,안전운전불이행,건조,맑음,단일로 - 기타,승용,남,20세,상해없음,승용,남,40세,경상
2017052100100534,2017년 5월 21일 23시,일요일,충청남도 천안시 서북구 성거읍,중상사고,0,3,4,0,차대차 - 기타,안전운전불이행,건조,맑음,단일로 - 기타,승용,남,25세,중상,승용,남,47세,경상
2017052200100151,2017년 5월 22일 08시,월요일,충청남도 아산시 온천동,중상사고,0,1,0,0,차대사람 - 횡단중,보행자보호의무위반,건조,맑음,단일로 - 기타,승용,남,55세,상해없음,보행자,남,15세,중상
2017052200100213,2017년 5월 22일 10시,월요일,충청남도 아산시 온천동,중상사고,0,1,0,0,차대차 - 측면충돌,직진우회전진행방해,건조,맑음,교차로 - 교차로안,자전거,남,69세,중상,승용,남,51세,상해없음
2017052200100215,2017년 5월 22일 10시,월요일,충청남도 예산군 삽교읍,경상사고,0,0,5,0,차대차 - 측면충돌,직진우회전진행방해,건조,맑음,교차로 - 교차로안,승용,남,65세,경상,승용,여,45세,경상
2017052200100243,2017년 5월 22일 11시,월요일,충청남도 천안시 서북구 입장면,경상사고,0,0,2,0,차대차 - 추돌,안전거리미확보,건조,맑음,단일로 - 기타,승용,남,54세,상해없음,승용,여,57세,경상
2017052200100272,2017년 5월 22일 12시,월요일,충청남도 홍성군 갈산면,경상사고,0,0,2,0,차대차 - 측면충돌,신호위반,건조,맑음,교차로 - 교차로안,승용,여,51세,경상,화물,남,50세,경상
2017052200100305,2017년 5월 22일 13시,월요일,충청남도 태안군 남면,중상사고,0,2,0,0,차대차 - 측면충돌,과속,건조,맑음,교차로 - 교차로안,승용,남,67세,중상,승합,남,59세,중상
2017052200100306,2017년 5월 22일 13시,월요일,충청남도 홍성군 광천읍,중상사고,0,2,0,0,차량단독 - 전도전복,안전운전불이행,건조,맑음,단일로 - 기타,화물,남,67세,상해없음,미분류,미분류,미분류,미분류
2017052200100307,2017년 5월 22일 13시,월요일,충청남도 부여군 부여읍,중상사고,0,1,0,0,차대사람 - 횡단중,안전운전불이행,건조,맑음,단일로 - 기타,승용,남,28세,상해없음,보행자,여,81세,중상
2017052200100308,2017년 5월 22일 13시,월요일,충청남도 당진시 순성면,경상사고,0,0,2,0,차대차 - 추돌,안전거리미확보,건조,맑음,단일로 - 기타,승용,여,39세,상해없음,이륜,남,82세,상해없음
2017052200100309,2017년 5월 22일 13시,월요일,충청남도 천안시 동남구 원성동,경상사고,0,0,1,0,차대사람 - 횡단중,기타,건조,맑음,단일로 - 기타,승용,남,64세,상해없음,보행자,남,39세,경상
2017052200100337,2017년 5월 22일 14시,월요일,충청남도 천안시 서북구 입장면,부상신고사고,0,0,0,1,차대차 - 추돌,안전운전불이행,건조,맑음,교차로 - 교차로부근,기타불명,기타불명,미분류,기타불명,승용,남,58세,부상신고
2017052200100338,2017년 5월 22일 14시,월요일,충청남도 보령시 명천동,경상사고,0,0,1,0,차대사람 - 횡단중,보행자보호의무위반,건조,맑음,교차로 - 교차로횡단보도내,승용,여,43세,상해없음,보행자,여,7세,경상
2017052200100339,2017년 5월 22일 14시,월요일,충청남도 공주시 신관동,경상사고,0,0,1,0,차대차 - 측면충돌,안전운전불이행,건조,맑음,기타 - 기타,승합,남,71세,상해없음,승용,남,34세,경상
2017052200100382,2017년 5월 22일 15시,월요일,충청남도 서천군 판교면,사망사고,1,0,1,0,차대차 - 측면충돌,직진우회전진행방해,건조,맑음,교차로 - 교차로안,화물,남,58세,경상,승용,여,72세,사망
2017052200100383,2017년 5월 22일 15시,월요일,충청남도 예산군 예산읍,중상사고,0,1,0,0,차대차 - 측면충돌,교차로운행방법위반,건조,맑음,교차로 - 교차로안,화물,남,55세,상해없음,이륜,남,85세,중상
2017052200100384,2017년 5월 22일 15시,월요일,충청남도 당진시 대덕리,경상사고,0,0,1,0,차대차 - 측면충돌,직진우회전진행방해,건조,맑음,교차로 - 교차로안,승용,여,50세,상해없음,승용,남,42세,경상
2017052200100415,2017년 5월 22일 16시,월요일,충청남도 아산시 영인면,중상사고,0,1,0,0,차대차 - 추돌,안전운전불이행,건조,맑음,단일로 - 기타,이륜,남,79세,중상,승용,남,50세,상해없음
2017052200100416,2017년 5월 22일 16시,월요일,충청남도 금산군 금산읍,경상사고,0,0,1,0,차대차 - 측면충돌,신호위반,건조,맑음,교차로 - 교차로안,승용,남,26세,상해없음,승용,여,46세,경상
2017052200100456,2017년 5월 22일 17시,월요일,충청남도 서산시 대산읍,중상사고,0,1,1,0,차대차 - 측면충돌,직진우회전진행방해,건조,맑음,교차로 - 교차로안,승용,여,50세,중상,승용,여,58세,경상
2017052200100457,2017년 5월 22일 17시,월요일,충청남도 논산시 부창동,중상사고,0,1,0,0,차대차 - 측면충돌,안전운전불이행,건조,맑음,교차로 - 교차로부근,승용,여,49세,상해없음,승용,여,45세,중상
2017052200100458,2017년 5월 22일 17시,월요일,충청남도 공주시 반포면,중상사고,0,1,0,0,차대차 - 측면충돌,안전운전불이행,건조,맑음,단일로 - 기타,원동기,남,81세,중상,승용,남,60세,상해없음
2017052200100460,2017년 5월 22일 17시,월요일,충청남도 예산군 오가면,경상사고,0,0,1,0,차대차 - 후진중충돌,안전운전불이행,건조,맑음,단일로 - 기타,승용,남,56세,상해없음,승합,남,52세,경상
2017052200100461,2017년 5월 22일 17시,월요일,충청남도 천안시 동남구 신부동,경상사고,0,0,1,0,차대차 - 측면충돌,안전운전불이행,건조,맑음,단일로 - 기타,자전거,남,24세,경상,승합,남,57세,상해없음
2017052200100504,2017년 5월 22일 18시,월요일,충청남도 당진시 대덕리,중상사고,0,1,0,0,차대차 - 측면충돌,중앙선침범,건조,맑음,교차로 - 교차로부근,승용,여,38세,상해없음,자전거,여,50세,중상
2017052200100578,2017년 5월 22일 20시,월요일,충청남도 천안시 서북구 두정동,경상사고,0,0,1,0,차대사람 - 횡단중,안전운전불이행,건조,맑음,단일로 - 기타,승용,여,55세,상해없음,보행자,남,56세,경상
2017052200100579,2017년 5월 22일 20시,월요일,충청남도 홍성군 홍성읍,경상사고,0,0,1,0,차대차 - 측면충돌,교차로운행방법위반,건조,맑음,교차로 - 교차로안,승용,남,28세,상해없음,이륜,남,37세,경상
2017052200100580,2017년 5월 22일 20시,월요일,충청남도 아산시 온천동,경상사고,0,0,1,0,차대차 - 측면충돌,직진우회전진행방해,건조,맑음,교차로 - 교차로안,승용,남,30세,상해없음,승용,여,42세,경상
2017052200100607,2017년 5월 22일 21시,월요일,충청남도 보령시 대천동,중상사고,0,1,0,0,차대사람 - 횡단중,보행자보호의무위반,건조,맑음,교차로 - 교차로횡단보도내,승용,여,21세,상해없음,보행자,여,52세,중상
2017052200100608,2017년 5월 22일 21시,월요일,충청남도 예산군 신양면,중상사고,0,1,0,0,차대사람 - 차도통행중,안전운전불이행,건조,맑음,단일로 - 기타,승용,여,50세,상해없음,보행자,남,46세,중상
2017052200100609,2017년 5월 22일 21시,월요일,충청남도 천안시 동남구 쌍용동,부상신고사고,0,0,0,1,차대사람 - 횡단중,안전운전불이행,건조,맑음,단일로 - 기타,기타불명,기타불명,미분류,기타불명,보행자,여,18세,부상신고
2017052200100645,2017년 5월 22일 23시,월요일,충청남도 논산시 취암동,중상사고,0,1,0,0,차대차 - 측면충돌,신호위반,건조,맑음,교차로 - 교차로안,승용,남,44세,상해없음,승용,남,34세,중상
2017052200100646,2017년 5월 22일 23시,월요일,충청남도 천안시 동남구 청수동,중상사고,0,1,0,0,차대사람 - 횡단중,안전운전불이행,건조,맑음,단일로 - 기타,승용,남,50세,기타불명,보행자,여,29세,중상
2017052300100027,2017년 5월 23일 00시,화요일,충청남도 논산시 연무읍,중상사고,0,1,0,0,차량단독 - 도로외이탈 - 추락,안전운전불이행,건조,맑음,단일로 - 기타,승용,남,48세,중상,,,,
2017052300100108,2017년 5월 23일 07시,화요일,충청남도 천안시 서북구 성정동,경상사고,0,0,1,0,차대차 - 기타,직진우회전진행방해,건조,맑음,교차로 - 교차로부근,승용,여,52세,상해없음,승용,남,48세,경상
2017052300100109,2017년 5월 23일 07시,화요일,충청남도 천안시 서북구 성정동,경상사고,0,0,1,0,차대차 - 측면충돌,교차로운행방법위반,건조,맑음,교차로 - 교차로안,승용,남,28세,상해없음,승용,남,39세,경상
2017052300100145,2017년 5월 23일 08시,화요일,충청남도 홍성군 홍성읍,경상사고,0,0,1,0,차대차 - 측면충돌,안전운전불이행,건조,맑음,단일로 - 기타,승용,여,38세,상해없음,이륜,남,57세,경상
2017052300100146,2017년 5월 23일 08시,화요일,충청남도 천안시 동남구 원성동,부상신고사고,0,0,0,1,차대차 - 측면충돌,교차로운행방법위반,건조,맑음,교차로 - 교차로부근,화물,남,39세,상해없음,승용,여,58세,부상신고
2017052300100180,2017년 5월 23일 09시,화요일,충청남도 서산시 갈산동,경상사고,0,0,2,0,차대차 - 측면충돌,직진우회전진행방해,건조,맑음,교차로 - 교차로안,화물,남,58세,경상,승용,여,51세,경상
2017052300100181,2017년 5월 23일 09시,화요일,충청남도 홍성군 광천읍,경상사고,0,0,1,0,차대차 - 측면충돌,신호위반,건조,맑음,교차로 - 교차로안,화물,여,47세,상해없음,승합,남,45세,경상
2017052300100182,2017년 5월 23일 09시,화요일,충청남도 보령시 대천동,중상사고,0,1,0,0,차대사람 - 횡단중,안전운전불이행,건조,맑음,단일로 - 기타,승용,여,67세,상해없음,보행자,여,79세,중상
2017052300100242,2017년 5월 23일 11시,화요일,충청남도 홍성군 구항면,경상사고,0,0,1,0,차대차 - 추돌,안전운전불이행,건조,맑음,교차로 - 교차로부근,승용,남,54세,상해없음,승용,남,31세,경상
2017052300100243,2017년 5월 23일 11시,화요일,충청남도 천안시 동남구 광덕면,경상사고,0,0,3,0,차대차 - 측면충돌,안전운전불이행,건조,맑음,교차로 - 교차로부근,화물,남,35세,상해없음,건설기계,남,49세,상해없음
2017052300100265,2017년 5월 23일 12시,화요일,충청남도 천안시 서북구 쌍용동,경상사고,0,0,1,1,차대차 - 측면충돌,안전운전불이행,건조,맑음,교차로 - 교차로부근,이륜,남,18세,부상신고,승용,남,25세,경상
2017052300100266,2017년 5월 23일 12시,화요일,충청남도 아산시 모종동,경상사고,0,0,2,0,차대차 - 측면충돌,신호위반,건조,맑음,교차로 - 교차로안,승용,여,31세,상해없음,승용,여,47세,경상
2017052300100299,2017년 5월 23일 13시,화요일,충청남도 태안군 안면읍,경상사고,0,0,3,0,차대차 - 기타,신호위반,건조,맑음,교차로 - 교차로안,승용,여,55세,상해없음,승용,남,36세,경상
2017052300100300,2017년 5월 23일 13시,화요일,충청남도 당진시 채운동,경상사고,0,0,1,0,차대차 - 측면충돌,교차로운행방법위반,건조,맑음,교차로 - 교차로안,화물,남,64세,상해없음,원동기,여,42세,경상
2017052300100329,2017년 5월 23일 14시,화요일,충청남도 천안시 동남구 목천읍,중상사고,0,1,1,0,차대차 - 기타,안전운전불이행,건조,맑음,단일로 - 기타,승용,남,48세,상해없음,화물,남,57세,경상