사고번호,사고일시,요일,시군구,사고내용,사망자수,중상자수,경상자수,부상신고자수,사고유형,법규위반,노면상태,기상상태,도로형태,가해운전자 차종,가해운전자 성별,가해운전자 연령,가해운전자 상해정도,피해운전자 차종,피해운전자 성별,피해운전자 연령,피해운전자 상해정도
2017052300100365,2017년 5월 23일 15시,화요일,충청남도 태안군 남면,경상사고,0,0,1,0,차대차 - 측면충돌,교차로운행방법위반,건조,흐림,교차로 - 교차로안,승용,여,35세,상해없음,이륜,남,78세,경상
2017052300100366,2017년 5월 23일 15시,화요일,충청남도 논산시 대교동,중상사고,0,1,0,0,차대사람 - 횡단중,신호위반,건조,흐림,교차로 - 교차로횡단보도내,화물,남,24세,상해없음,보행자,여,72세,중상
2017052300100398,2017년 5월 23일 16시,화요일,충청남도 아산시 용화동,경상사고,0,0,1,0,차대차 - 기타,안전운전불이행,건조,맑음,교차로 - 교차로안,승용,여,59세,상해없음,자전거,남,20세,경상
2017052300100550,2017년 5월 23일 20시,화요일,충청남도 청양군 비봉면,경상사고,0,0,1,0,차량단독 - 전도전복,안전운전불이행,건조,맑음,단일로 - 기타,이륜,남,74세,경상,미분류,미분류,미분류,미분류
2017052300100551,2017년 5월 23일 20시,화요일,충청남도 천안시 동남구 목천읍,중상사고,0,1,0,0,차대차 - 측면충돌,신호위반,건조,맑음,교차로 - 교차로안,이륜,남,22세,중상,화물,남,42세,상해없음
2017052300100552,2017년 5월 23일 20시,화요일,충청남도 천안시 동남구 신부동,경상사고,0,0,1,0,차대사람 - 횡단중,안전운전불이행,건조,맑음,단일로 - 기타,기타불명,기타불명,미분류,기타불명,보행자,여,14세,경상
2017052300100580,2017년 5월 23일 21시,화요일,충청남도 태안군 태안읍,경상사고,0,0,1,1,차대차 - 측면충돌,직진우회전진행방해,젖음/습기,비,교차로 - 교차로안,승용,여,50세,부상신고,화물,남,64세,경상
2017052300100581,2017년 5월 23일 21시,화요일,충청남도 서천군 서천읍,경상사고,0,0,1,0,차대차 - 측면충돌,직진우회전진행방해,건조,맑음,교차로 - 교차로안,승용,여,46세,경상,승용,남,25세,상해없음
2017052300100632,2017년 5월 23일 23시,화요일,충청남도 홍성군 홍성읍,중상사고,0,1,0,0,차대차 - 측면충돌,교차로운행방법위반,건조,맑음,교차로 - 교차로안,승용,여,37세,상해없음,화물,남,19세,중상
2017052300100633,2017년 5월 23일 23시,화요일,충청남도 청양군 청양읍,중상사고,0,1,0,0,차대차 - 측면충돌,안전운전불이행,젖음/습기,비,단일로 - 기타,승용,남,48세,중상,승용,남,30세,상해없음
2017052400100034,2017년 5월 24일 00시,수요일,충청남도 서산시 잠홍동,중상사고,0,1,2,0,차대차 - 추돌,안전거리미확보,젖음/습기,비,교차로 - 교차로부근,화물,남,65세,중상,승용,남,30세,경상
2017052400100065,2017년 5월 24일 02시,수요일,충청남도 천안시 서북구 성거읍,경상사고,0,0,3,0,차대차 - 추돌,안전운전불이행,젖음/습기,비,단일로 - 기타,승용,남,31세,상해없음,화물,남,48세,경상
2017052400100119,2017년 5월 24일 07시,수요일,충청남도 금산군 남일면,경상사고,0,0,1,0,차량단독 - 전도전복,안전운전불이행,건조,맑음,단일로 - 기타,승용,남,29세,상해없음,미분류,미분류,미분류,미분류
2017052400100148,2017년 5월 24일 08시,수요일,충청남도 홍성군 홍성읍,경상사고,0,0,1,0,차대사람 - 횡단중,안전운전불이행,건조,맑음,단일로 - 기타,승용,남,31세,상해없음,보행자,여,34세,경상
2017052400100180,2017년 5월 24일 09시,수요일,충청남도 천안시 서북구 부대동,경상사고,0,0,2,0,차대차 - 기타,안전운전불이행,건조,맑음,단일로 - 기타,화물,남,50세,상해없음,화물,남,45세,상해없음
2017052400100213,2017년 5월 24일 10시,수요일,충청남도 서산시 잠홍동,중상사고,0,2,1,0,차대차 - 추돌,안전운전불이행,건조,맑음,교차로 - 교차로부근,승용,남,25세,상해없음,승용,남,54세,중상
2017052400100214,2017년 5월 24일 10시,수요일,충청남도 서천군 서면,경상사고,0,0,3,0,차대차 - 측면충돌,안전운전불이행,건조,맑음,단일로 - 기타,화물,남,69세,상해없음,승합,남,55세,상해없음
2017052400100215,2017년 5월 24일 10시,수요일,충청남도 천안시 동남구 대흥동,경상사고,0,0,1,0,차대사람 - 횡단중,보행자보호의무위반,젖음/습기,맑음,교차로 - 교차로횡단보도내,승용,여,53세,상해없음,보행자,여,19세,경상
2017052400100241,2017년 5월 24일 11시,수요일,충청남도 당진시 석문면,중상사고,0,3,1,0,차대차 - 측면충돌,안전운전불이행,건조,맑음,교차로 - 교차로안,건설기계,남,44세,경상,승용,여,69세,중상
2017052400100269,2017년 5월 24일 12시,수요일,충청남도 서산시 석림동,중상사고,0,1,0,0,차대차 - 측면충돌,안전운전불이행,건조,맑음,단일로 - 기타,승용,남,37세,상해없음,이륜,남,56세,중상
2017052400100270,2017년 5월 24일 12시,수요일,충청남도 아산시 둔포면,경상사고,0,0,4,0,차대차 - 추돌,안전운전불이행,건조,맑음,기타 - 기타,승용,남,43세,상해없음,승용,여,59세,경상
2017052400100271,2017년 5월 24일 12시,수요일,충청남도 당진시 면천면,경상사고,0,0,1,0,차대차 - 측면충돌,안전운전불이행,건조,맑음,단일로 - 기타,사륜오토바이(ATV),여,65세,경상,승용,남,52세,상해없음
2017052400100272,2017년 5월 24일 12시,수요일,충청남도 당진시 합덕읍,중상사고,0,1,0,0,차대차 - 측면충돌,중앙선침범,건조,맑음,단일로 - 기타,승용,남,62세,상해없음,이륜,남,61세,중상
2017052400100301,2017년 5월 24일 13시,수요일,충청남도 서산시 읍내동,중상사고,0,1,0,0,차대사람 - 횡단중,보행자보호의무위반,건조,맑음,단일로 - 기타,승용,여,41세,상해없음,보행자,남,29세,중상
2017052400100302,2017년 5월 24일 13시,수요일,충청남도 천안시 동남구 삼룡동,경상사고,0,0,1,0,차대차 - 측면충돌,신호위반,건조,맑음,교차로 - 교차로안,화물,남,75세,경상,화물,남,40세,상해없음
2017052400100331,2017년 5월 24일 14시,수요일,충청남도 아산시 방축동,중상사고,0,1,0,0,차대사람 - 횡단중,신호위반,건조,맑음,교차로 - 교차로횡단보도내,승용,여,19세,상해없음,보행자,여,9세,중상
2017052400100332,2017년 5월 24일 14시,수요일,충청남도 서천군 기산면,사망사고,1,0,0,0,차대차 - 측면충돌,직진우회전진행방해,건조,맑음,교차로 - 교차로안,화물,남,69세,상해없음,원동기,남,83세,사망
2017052400100367,2017년 5월 24일 15시,수요일,충청남도 공주시 정안면,경상사고,0,0,1,0,차량단독 - 전도전복,안전운전불이행,건조,맑음,단일로 - 지하차도(도로)내,화물,남,64세,상해없음,미분류,미분류,미분류,미분류
2017052400100368,2017년 5월 24일 15시,수요일,충청남도 금산군 금산읍,경상사고,0,0,1,0,차대사람 - 횡단중,안전운전불이행,건조,맑음,단일로 - 기타,승용,남,30세,상해없음,보행자,여,76세,경상
2017052400100403,2017년 5월 24일 16시,수요일,충청남도 홍성군 광천읍,중상사고,0,1,0,0,차대차 - 측면충돌,안전운전불이행,건조,맑음,교차로 - 교차로부근,화물,남,71세,상해없음,자전거,남,85세,중상
2017052400100446,2017년 5월 24일 17시,수요일,충청남도 천안시 서북구 성정동,경상사고,0,0,1,0,차대차 - 정면충돌,안전운전불이행,건조,맑음,교차로 - 교차로안,화물,남,52세,기타불명,자전거,남,15세,경상
2017052400100447,2017년 5월 24일 17시,수요일,충청남도 천안시 서북구 성환읍,중상사고,0,1,0,0,차대사람 - 횡단중,안전운전불이행,건조,맑음,단일로 - 기타,승합,남,53세,상해없음,보행자,남,8세,중상
2017052400100448,2017년 5월 24일 17시,수요일,충청남도 아산시 배방읍,중상사고,0,1,0,0,차대사람 - 횡단중,안전운전불이행,건조,맑음,미분류 - 미분류,자전거,남,10세,상해없음,보행자,여,10세,중상
2017052400100493,2017년 5월 24일 18시,수요일,충청남도 아산시 배미동,경상사고,0,0,1,0,차대사람 - 횡단중,보행자보호의무위반,건조,맑음,단일로 - 기타,승용,여,48세,상해없음,보행자,남,10세,경상
2017052400100494,2017년 5월 24일 18시,수요일,충청남도 천안시 동남구 문화동,경상사고,0,0,2,0,차대차 - 측면충돌,직진우회전진행방해,건조,맑음,교차로 - 교차로안,승용,남,59세,상해없음,승용,남,43세,경상
2017052400100524,2017년 5월 24일 19시,수요일,충청남도 천안시 서북구 백석동,중상사고,0,1,0,0,차대차 - 기타,안전운전불이행,건조,맑음,단일로 - 기타,승용,남,44세,상해없음,이륜,남,29세,중상
2017052400100594,2017년 5월 24일 21시,수요일,충청남도 아산시 음봉면,경상사고,0,0,1,0,차대차 - 측면충돌,안전운전불이행,건조,맑음,기타 - 기타,승합,남,39세,상해없음,승용,여,28세,경상
2017052400100595,2017년 5월 24일 21시,수요일,충청남도 예산군 대흥면,경상사고,0,0,1,0,차대차 - 기타,안전운전불이행,건조,맑음,단일로 - 기타,승용,남,18세,상해없음,화물,남,35세,상해없음
2017052400100615,2017년 5월 24일 22시,수요일,충청남도 아산시 염치읍,중상사고,0,1,1,0,차대차 - 정면충돌,안전운전불이행,건조,맑음,교차로 - 교차로안,승용,여,41세,상해없음,승용,남,35세,중상
2017052400100616,2017년 5월 24일 22시,수요일,충청남도 당진시 신평면,중상사고,0,1,0,0,차대차 - 추돌,안전거리미확보,건조,맑음,단일로 - 기타,승용,남,39세,중상,화물,남,56세,상해없음
2017052400100617,2017년 5월 24일 22시,수요일,충청남도 당진시 읍내리,경상사고,0,0,1,0,차대차 - 측면충돌,안전운전불이행,건조,맑음,교차로 - 교차로안,승용,남,37세,상해없음,승용,여,51세,경상
2017052400100638,2017년 5월 24일 23시,수요일,충청남도 홍성군 홍성읍,경상사고,0,0,4,0,차대차 - 추돌,안전운전불이행,건조,맑음,단일로 - 기타,승용,남,23세,상해없음,승용,남,66세,경상
2017052500100030,2017년 5월 25일 00시,목요일,충청남도 천안시 서북구 입장면,경상사고,0,0,1,0,차대차 - 기타,신호위반,건조,맑음,교차로 - 교차로안,승용,남,32세,상해없음,승용,남,32세,경상
2017052500100031,2017년 5월 25일 00시,목요일,충청남도 천안시 서북구 두정동,중상사고,0,2,0,0,차대차 - 추돌,안전운전불이행,건조,맑음,교차로 - 교차로부근,승용,남,31세,기타불명,승용,남,30세,중상
2017052500100032,2017년 5월 25일 00시,목요일,충청남도 논산시 부적면,사망사고,1,1,0,0,차량단독 - 도로외이탈 - 추락,안전운전불이행,건조,맑음,단일로 - 교량,화물,여,19세,사망,,,,
2017052500100061,2017년 5월 25일 03시,목요일,충청남도 서산시 석림동,경상사고,0,0,1,0,차대차 - 측면충돌,안전운전불이행,건조,맑음,교차로 - 교차로안,기타불명,기타불명,미분류,기타불명,이륜,남,59세,경상
2017052500100068,2017년 5월 25일 04시,목요일,충청남도 당진시 신평면,경상사고,0,0,1,0,차량단독 - 전도전복,안전운전불이행,건조,맑음,교차로 - 교차로부근,승용,남,22세,경상,미분류,미분류,미분류,미분류
2017052500100076,2017년 5월 25일 05시,목요일,충청남도 천안시 서북구 백석동,경상사고,0,0,3,0,차대차 - 측면충돌,안전운전불이행,건조,맑음,교차로 - 교차로안,승용,남,59세,경상,승용,남,58세,경상
2017052500100099,2017년 5월 25일 07시,목요일,충청남도 아산시 배방읍,경상사고,0,0,1,0,차대차 - 측면충돌,중앙선침범,건조,맑음,단일로 - 기타,농기계,남,74세,상해없음,승용,남,25세,경상
2017052500100100,2017년 5월 25일 07시,목요일,충청남도 공주시 정안면,경상사고,0,0,2,0,차대차 - 측면충돌,안전운전불이행,건조,맑음,단일로 - 기타,승용,남,37세,경상,승용,여,66세,경상
2017052500100140,2017년 5월 25일 08시,목요일,충청남도 천안시 서북구 불당동,경상사고,0,0,1,0,차대사람 - 기타,안전운전불이행,건조,맑음,기타 - 기타,화물,남,61세,기타불명,보행자,남,47세,경상
2017052500100141,2017년 5월 25일 08시,목요일,충청남도 공주시 신관동,중상사고,0,1,0,0,차대차 - 측면충돌,신호위반,건조,맑음,교차로 - 교차로안,이륜,남,77세,중상,승용,여,31세,상해없음
2017052500100184,2017년 5월 25일 09시,목요일,충청남도 서산시 해미면,중상사고,0,1,0,0,차대차 - 정면충돌,안전운전불이행,건조,맑음,교차로 - 교차로안,승용,여,64세,상해없음,이륜,남,81세,중상
2017052500100185,2017년 5월 25일 09시,목요일,충청남도 천안시 동남구 성황동,중상사고,0,1,0,0,차대차 - 측면충돌,안전운전불이행,건조,맑음,교차로 - 교차로안,승용,남,65세,상해없음,이륜,남,76세,중상
2017052500100209,2017년 5월 25일 10시,목요일,충청남도 보령시 동대동,경상사고,0,0,1,0,차대차 - 기타,안전운전불이행,건조,맑음,교차로 - 교차로부근,승용,남,42세,상해없음,자전거,여,28세,경상
2017052500100235,2017년 5월 25일 11시,목요일,충청남도 논산시 연무읍,중상사고,0,1,1,0,차대차 - 측면충돌,교차로운행방법위반,건조,맑음,교차로 - 교차로안,승용,남,61세,경상,화물,남,43세,중상
2017052500100236,2017년 5월 25일 11시,목요일,충청남도 공주시 신관동,경상사고,0,0,1,0,차대사람 - 차도통행중,안전운전불이행,건조,맑음,기타 - 기타,승용,남,22세,상해없음,보행자,여,41세,경상
2017052500100279,2017년 5월 25일 12시,목요일,충청남도 논산시 노성면,중상사고,0,1,0,0,차대차 - 추돌,안전운전불이행,건조,맑음,단일로 - 기타,화물,남,36세,상해없음,농기계,남,58세,중상
2017052500100310,2017년 5월 25일 13시,목요일,충청남도 천안시 서북구 불당동,경상사고,0,0,1,0,차대차 - 기타,직진우회전진행방해,건조,맑음,교차로 - 교차로안,화물,남,37세,상해없음,승용,여,56세,경상
2017052500100340,2017년 5월 25일 14시,목요일,충청남도 천안시 동남구 목천읍,중상사고,0,1,0,0,차대사람 - 횡단중,안전운전불이행,건조,맑음,기타 - 기타,화물,남,41세,상해없음,보행자,남,90세 이상,중상
2017052500100368,2017년 5월 25일 15시,목요일,충청남도 계룡시 엄사면,중상사고,0,1,0,0,차대차 - 정면충돌,교차로운행방법위반,건조,맑음,교차로 - 교차로안,승용,여,43세,상해없음,이륜,남,66세,중상
2017052500100451,2017년 5월 25일 17시,목요일,충청남도 아산시 영인면,중상사고,0,1,0,0,차대차 - 기타,안전운전불이행,건조,맑음,교차로 - 교차로안,승용,남,47세,상해없음,화물,남,46세,중상
2017052500100452,2017년 5월 25일 17시,목요일,충청남도 천안시 동남구 풍세면,경상사고,0,0,1,0,차대차 - 기타,중앙선침범,건조,맑음,단일로 - 기타,승용,여,36세,상해없음,승용,여,54세,경상
2017052500100495,2017년 5월 25일 18시,목요일,충청남도 서산시 동문동,경상사고,0,0,1,0,차대차 - 정면충돌,차로위반,건조,맑음,교차로 - 교차로부근,승용,여,41세,상해없음,이륜,남,35세,경상
2017052500100496,2017년 5월 25일 18시,목요일,충청남도 천안시 서북구 두정동,중상사고,0,1,0,0,차대사람 - 횡단중,안전운전불이행,건조,맑음,단일로 - 기타,승용,남,39세,상해없음,보행자,남,3세,중상
2017052500100497,2017년 5월 25일 18시,목요일,충청남도 금산군 추부면,경상사고,0,0,2,0,차대사람 - 횡단중,신호위반,건조,맑음,교차로 - 교차로횡단보도내,승용,여,58세,상해없음,보행자,남,24세,경상
2017052500100531,2017년 5월 25일 19시,목요일,충청남도 서천군 서면,중상사고,0,1,0,0,차대차 - 측면충돌,교차로운행방법위반,건조,맑음,교차로 - 교차로안,이륜,남,72세,중상,화물,남,63세,상해없음
2017052500100558,2017년 5월 25일 20시,목요일,충청남도 천안시 서북구 성환읍,경상사고,0,0,2,0,차대차 - 측면충돌,안전운전불이행,건조,맑음,단일로 - 기타,승용,남,44세,상해없음,농기계,남,53세,경상
2017052500100581,2017년 5월 25일 21시,목요일,충청남도 천안시 서북구 백석동,경상사고,0,0,1,0,차대차 - 추돌,안전운전불이행,건조,맑음,교차로 - 교차로부근,승용,남,39세,상해없음,승용,남,30세,경상
2017052500100582,2017년 5월 25일 21시,목요일,충청남도 천안시 서북구 성정동,경상사고,0,0,1,0,차대차 - 기타,직진우회전진행방해,건조,맑음,교차로 - 교차로안,승합,남,50세,상해없음,이륜,남,55세,경상
2017052500100611,2017년 5월 25일 22시,목요일,충청남도 공주시 신관동,경상사고,0,0,2,0,차대차 - 추돌,안전운전불이행,건조,맑음,기타 - 기타,승용,남,29세,상해없음,승용,남,58세,경상
2017052500100630,2017년 5월 25일 23시,목요일,충청남도 천안시 동남구 신부동,경상사고,0,0,2,0,차대차 - 추돌,안전운전불이행,건조,맑음,단일로 - 기타,승용,남,54세,상해없음,승용,남,45세,경상
2017052600100026,2017년 5월 26일 00시,금요일,충청남도 천안시 서북구 성정동,부상신고사고,0,0,0,1,차대사람 - 차도통행중,안전운전불이행,건조,맑음,단일로 - 기타,승용,여,33세,상해없음,보행자,남,33세,부상신고
2017052600100027,2017년 5월 26일 00시,금요일,충청남도 당진시 신평면,중상사고,0,1,0,0,차량단독 - 공작물충돌,안전운전불이행,건조,맑음,단일로 - 기타,화물,남,41세,중상,,,,
2017052600100079,2017년 5월 26일 05시,금요일,충청남도 서산시 음암면,중상사고,0,1,0,0,차량단독 - 전도전복,안전운전불이행,건조,맑음,교차로 - 교차로안,승용,남,31세,중상,미분류,미분류,미분류,미분류
2017052600100117,2017년 5월 26일 07시,금요일,충청남도 서천군 서천읍,중상사고,0,2,0,0,차대차 - 추돌,안전운전불이행,건조,맑음,단일로 - 기타,이륜,남,50세,중상,이륜,남,78세,중상
2017052600100119,2017년 5월 26일 07시,금요일,충청남도 천안시 동남구 원성동,중상사고,0,1,0,0,차대차 - 측면충돌,안전운전불이행,건조,맑음,단일로 - 기타,승용,남,38세,상해없음,이륜,남,72세,중상
2017052600100157,2017년 5월 26일 08시,금요일,충청남도 금산군 금산읍,중상사고,0,1,0,0,차대사람 - 횡단중,보행자보호의무위반,건조,맑음,교차로 - 교차로횡단보도내,승용,여,63세,상해없음,보행자,여,58세,중상
2017052600100158,2017년 5월 26일 08시,금요일,충청남도 청양군 정산면,경상사고,0,0,1,0,차대차 - 측면충돌,신호위반,건조,맑음,교차로 - 교차로안,승용,여,53세,경상,승용,여,23세,상해없음
2017052600100214,2017년 5월 26일 09시,금요일,충청남도 천안시 서북구 쌍용동,중상사고,0,1,1,0,차대차 - 측면충돌,신호위반,건조,맑음,교차로 - 교차로안,승용,남,68세,상해없음,승용,여,60세,경상
2017052600100215,2017년 5월 26일 09시,금요일,충청남도 천안시 서북구 불당동,경상사고,0,0,1,0,차량단독 - 전도전복 - 전도,안전운전불이행,건조,맑음,교차로 - 교차로안,승용,남,64세,상해없음,,,,
2017052600100216,2017년 5월 26일 09시,금요일,충청남도 천안시 서북구 쌍용동,경상사고,0,0,3,0,차대차 - 기타,안전운전불이행,건조,맑음,교차로 - 교차로부근,승용,여,40세,상해없음,승용,남,49세,경상
2017052600100217,2017년 5월 26일 09시,금요일,충청남도 예산군 예산읍,경상사고,0,0,1,0,차대사람 - 횡단중,보행자보호의무위반,건조,맑음,교차로 - 교차로부근,승용,남,83세,상해없음,보행자,남,69세,경상
2017052600100218,2017년 5월 26일 09시,금요일,충청남도 천안시 동남구 목천읍,경상사고,0,0,1,0,차대차 - 기타,안전거리미확보,건조,맑음,단일로 - 기타,화물,남,34세,상해없음,승용,남,52세,경상
2017052600100248,2017년 5월 26일 10시,금요일,충청남도 홍성군 홍성읍,경상사고,0,0,1,0,차대사람 - 횡단중,보행자보호의무위반,건조,맑음,교차로 - 교차로안,승용,여,64세,상해없음,보행자,여,73세,경상
2017052600100249,2017년 5월 26일 10시,금요일,충청남도 아산시 둔포면,경상사고,0,0,1,0,차대차 - 기타,안전운전불이행,건조,맑음,단일로 - 기타,승용,남,76세,상해없음,승용,남,31세,경상
2017052600100250,2017년 5월 26일 10시,금요일,충청남도 보령시 명천동,사망사고,1,0,2,0,차대차 - 정면충돌,중앙선침범,건조,맑음,단일로 - 기타,승용,남,35세,사망,승용,남,50세,경상
2017052600100251,2017년 5월 26일 10시,금요일,충청남도 천안시 동남구 목천읍,경상사고,0,0,1,0,차대차 - 측면충돌,안전운전불이행,건조,맑음,단일로 - 기타,승용,남,22세,기타불명,화물,남,51세,경상
2017052600100322,2017년 5월 26일 12시,금요일,충청남도 천안시 동남구 안서동,중상사고,0,6,0,0,차대사람 - 횡단중,안전운전불이행,건조,맑음,단일로 - 기타,승용,여,63세,중상,보행자,여,80세,중상
2017052600100352,2017년 5월 26일 13시,금요일,충청남도 서천군 서천읍,중상사고,0,1,0,0,차대차 - 측면충돌,중앙선침범,건조,맑음,단일로 - 기타,특수,남,39세,상해없음,이륜,남,78세,중상
2017052600100374,2017년 5월 26일 14시,금요일,충청남도 태안군 남면,경상사고,0,0,3,0,차대차 - 측면충돌,신호위반,건조,맑음,교차로 - 교차로안,승용,여,23세,경상,승용,남,59세,경상
2017052600100375,2017년 5월 26일 14시,금요일,충청남도 당진시 송산면,중상사고,0,1,0,0,차대차 - 측면충돌,과속,건조,맑음,교차로 - 교차로안,승용,남,22세,상해없음,이륜,남,77세,중상
2017052600100412,2017년 5월 26일 15시,금요일,충청남도 예산군 예산읍,중상사고,0,1,0,0,차대차 - 측면충돌,신호위반,건조,맑음,교차로 - 교차로안,화물,남,63세,상해없음,이륜,여,72세,중상
2017052600100450,2017년 5월 26일 16시,금요일,충청남도 서산시 예천동,중상사고,0,1,0,0,차대차 - 정면충돌,안전운전불이행,건조,맑음,단일로 - 기타,승합,남,57세,상해없음,승용,여,30세,중상
2017052600100451,2017년 5월 26일 16시,금요일,충청남도 천안시 서북구 신당동,부상신고사고,0,0,0,1,차대사람 - 횡단중,안전운전불이행,건조,맑음,단일로 - 기타,승합,남,51세,상해없음,보행자,여,90세 이상,부상신고
2017052600100539,2017년 5월 26일 18시,금요일,충청남도 서산시 성연면,중상사고,0,1,0,0,차대차 - 측면충돌,신호위반,건조,맑음,교차로 - 교차로안,화물,남,64세,상해없음,승용,여,54세,중상
2017052600100540,2017년 5월 26일 18시,금요일,충청남도 태안군 태안읍,중상사고,0,1,0,0,차대차 - 측면충돌,교차로운행방법위반,건조,맑음,교차로 - 교차로안,이륜,남,69세,중상,승용,여,54세,상해없음
2017052600100541,2017년 5월 26일 18시,금요일,충청남도 태안군 태안읍,경상사고,0,0,1,0,차대차 - 측면충돌,안전거리미확보,건조,맑음,교차로 - 교차로부근,승용,남,26세,상해없음,승합,남,50세,상해없음
2017052600100542,2017년 5월 26일 18시,금요일,충청남도 논산시 가야곡면,경상사고,0,0,2,0,차대차 - 정면충돌,중앙선침범,건조,맑음,단일로 - 기타,승용,남,44세,상해없음,화물,남,31세,경상
2017052600100543,2017년 5월 26일 18시,금요일,충청남도 보령시 주교면,경상사고,0,0,1,0,차대차 - 측면충돌,직진우회전진행방해,건조,맑음,교차로 - 교차로안,승용,남,65세,경상,승용,남,26세,상해없음
2017052600100544,2017년 5월 26일 18시,금요일,충청남도 당진시 신평면,경상사고,0,0,1,0,차대차 - 측면충돌,중앙선침범,건조,맑음,단일로 - 기타,자전거,남,55세,경상,승용,여,58세,상해없음
2017052600100545,2017년 5월 26일 18시,금요일,충청남도 당진시 합덕읍,경상사고,0,0,1,0,차대차 - 후진중충돌,안전운전불이행,건조,맑음,기타 - 기타,화물,남,53세,상해없음,승용,여,62세,경상
2017052600100595,2017년 5월 26일 19시,금요일,충청남도 논산시 연산면,경상사고,0,0,1,0,차대차 - 정면충돌,신호위반,건조,맑음,교차로 - 교차로안,승용,남,49세,상해없음,승용,남,42세,경상
2017052600100633,2017년 5월 26일 20시,금요일,충청남도 서산시 석남동,중상사고,0,1,0,0,차대차 - 측면충돌,교차로운행방법위반,건조,맑음,교차로 - 교차로안,이륜,남,48세,중상,승용,남,63세,상해없음
2017052600100634,2017년 5월 26일 20시,금요일,충청남도 서산시 고북면,사망사고,1,0,0,0,차대차 - 추돌,안전운전불이행,건조,맑음,단일로 - 기타,화물,남,67세,상해없음,농기계,남,56세,사망
2017052600100635,2017년 5월 26일 20시,금요일,충청남도 공주시 신관동,경상사고,0,0,6,1,차대차 - 측면충돌,안전운전불이행,건조,맑음,교차로 - 교차로부근,이륜,남,69세,경상,승용,남,36세,경상
2017052600100671,2017년 5월 26일 21시,금요일,충청남도 공주시 교동,경상사고,0,0,1,0,차대차 - 측면충돌,안전운전불이행,건조,맑음,교차로 - 교차로안,승용,남,52세,상해없음,이륜,남,18세,경상
2017052600100672,2017년 5월 26일 21시,금요일,충청남도 당진시 송산면,경상사고,0,0,2,0,차대차 - 측면충돌,중앙선침범,건조,맑음,단일로 - 기타,승용,남,58세,상해없음,화물,남,63세,경상
2017052600100698,2017년 5월 26일 22시,금요일,충청남도 서산시 예천동,중상사고,0,1,2,0,차대차 - 측면충돌,기타,건조,맑음,교차로 - 교차로안,이륜,남,19세,중상,승용,남,28세,경상
2017052600100699,2017년 5월 26일 22시,금요일,충청남도 당진시 신평면,경상사고,0,0,2,0,차대차 - 측면충돌,안전운전불이행,건조,맑음,단일로 - 기타,승용,남,25세,상해없음,승용,남,55세,경상
2017052600100730,2017년 5월 26일 23시,금요일,충청남도 공주시 신관동,중상사고,0,1,1,0,차대차 - 측면충돌,안전운전불이행,건조,맑음,단일로 - 기타,화물,남,28세,상해없음,승용,남,52세,경상
2017052600100731,2017년 5월 26일 23시,금요일,충청남도 공주시 이인면,중상사고,0,1,0,0,차대차 - 측면충돌,안전운전불이행,건조,기타,단일로 - 기타,승용,남,47세,상해없음,승용,여,46세,중상
2017052600100732,2017년 5월 26일 23시,금요일,충청남도 천안시 동남구 수신면,중상사고,0,1,0,0,차대차 - 기타,안전운전불이행,건조,맑음,단일로 - 기타,승용,여,25세,상해없음,승용,남,28세,중상
2017052700100035,2017년 5월 27일 00시,토요일,충청남도 태안군 안면읍,경상사고,0,0,2,0,차대차 - 측면충돌,신호위반,건조,맑음,교차로 - 교차로안,승용,남,27세,상해없음,승용,남,24세,경상
2017052700100036,2017년 5월 27일 00시,토요일,충청남도 서산시 해미면,경상사고,0,0,1,0,차대차 - 정면충돌,중앙선침범,건조,맑음,단일로 - 기타,승용,남,64세,상해없음,화물,남,55세,경상
2017052700100037,2017년 5월 27일 00시,토요일,충청남도 아산시 배방읍,경상사고,0,0,1,0,차대사람 - 횡단중,안전운전불이행,건조,맑음,단일로 - 기타,승용,여,39세,기타불명,보행자,남,37세,경상
2017052700100057,2017년 5월 27일 01시,토요일,충청남도 천안시 서북구 불당동,중상사고,0,1,1,0,차대차 - 기타,안전운전불이행,건조,맑음,교차로 - 교차로안,승용,남,59세,상해없음,승용,남,59세,경상
2017052700100095,2017년 5월 27일 04시,토요일,충청남도 논산시 부창동,경상사고,0,0,2,0,차대차 - 추돌,안전운전불이행,건조,맑음,교차로 - 교차로부근,승용,남,27세,상해없음,승합,남,28세,경상
2017052700100108,2017년 5월 27일 05시,토요일,충청남도 아산시 권곡동,경상사고,0,0,1,0,차대차 - 추돌,안전운전불이행,건조,맑음,교차로 - 교차로안,승용,여,67세,상해없음,승용,남,65세,경상
2017052700100121,2017년 5월 27일 06시,토요일,충청남도 금산군 부리면,중상사고,0,1,1,0,차대차 - 정면충돌,중앙선침범,건조,맑음,단일로 - 기타,승용,남,57세,상해없음,승용,남,30세,중상
2017052700100140,2017년 5월 27일 07시,토요일,충청남도 홍성군 결성면,중상사고,0,1,0,0,차대차 - 측면충돌,안전운전불이행,건조,맑음,단일로 - 기타,승합,남,71세,상해없음,이륜,남,54세,중상