사고번호,사고일시,요일,시군구,사고내용,사망자수,중상자수,경상자수,부상신고자수,사고유형,법규위반,노면상태,기상상태,도로형태,가해운전자 차종,가해운전자 성별,가해운전자 연령,가해운전자 상해정도,피해운전자 차종,피해운전자 성별,피해운전자 연령,피해운전자 상해정도
2017062300100419,2017년 6월 23일 16시,금요일,충청남도 서산시 성연면,중상사고,0,1,0,0,차대차 - 정면충돌,안전운전불이행,건조,맑음,단일로 - 기타,화물,남,59세,상해없음,이륜,남,80세,중상
2017062300100420,2017년 6월 23일 16시,금요일,충청남도 서산시 예천동,경상사고,0,0,1,0,차대차 - 측면충돌,직진우회전진행방해,건조,흐림,교차로 - 교차로안,승용,여,33세,상해없음,이륜,남,45세,경상
2017062300100421,2017년 6월 23일 16시,금요일,충청남도 논산시 취암동,부상신고사고,0,0,0,1,차대차 - 측면충돌,안전거리미확보,건조,맑음,교차로 - 교차로안,이륜,여,75세,부상신고,승용,남,33세,상해없음
2017062300100467,2017년 6월 23일 17시,금요일,충청남도 아산시 염치읍,경상사고,0,0,2,0,차대차 - 측면충돌,안전운전불이행,건조,맑음,단일로 - 기타,승용,남,28세,상해없음,승용,남,28세,경상
2017062300100468,2017년 6월 23일 17시,금요일,충청남도 아산시 배방읍,중상사고,0,1,0,0,차대사람 - 횡단중,안전운전불이행,건조,맑음,미분류 - 미분류,승용,여,43세,상해없음,보행자,남,9세,중상
2017062300100469,2017년 6월 23일 17시,금요일,충청남도 아산시 모종동,경상사고,0,0,2,0,차대차 - 측면충돌,안전운전불이행,건조,맑음,교차로 - 교차로안,승용,남,76세,상해없음,승용,여,24세,경상
2017062300100470,2017년 6월 23일 17시,금요일,충청남도 천안시 동남구 원성동,부상신고사고,0,0,0,1,차대사람 - 횡단중,안전운전불이행,건조,맑음,단일로 - 기타,승용,남,23세,상해없음,보행자,여,6세,부상신고
2017062300100519,2017년 6월 23일 18시,금요일,충청남도 천안시 서북구 차암동,경상사고,0,0,1,0,차대차 - 추돌,안전운전불이행,건조,맑음,교차로 - 교차로부근,승합,남,57세,상해없음,승용,여,31세,경상
2017062300100595,2017년 6월 23일 20시,금요일,충청남도 아산시 실옥동,중상사고,0,1,0,0,차대차 - 기타,중앙선침범,건조,맑음,단일로 - 기타,이륜,남,16세,상해없음,자전거,남,17세,중상
2017062300100596,2017년 6월 23일 20시,금요일,충청남도 부여군 부여읍,중상사고,0,1,0,0,차대차 - 정면충돌,중앙선침범,건조,맑음,단일로 - 기타,자전거,남,19세,중상,화물,남,63세,상해없음
2017062300100629,2017년 6월 23일 21시,금요일,충청남도 공주시 월송동,중상사고,0,1,0,0,차대사람 - 횡단중,안전운전불이행,건조,맑음,교차로 - 교차로횡단보도내,승용,남,41세,상해없음,보행자,남,54세,중상
2017062300100630,2017년 6월 23일 21시,금요일,충청남도 천안시 동남구 목천읍,경상사고,0,0,1,0,차대차 - 정면충돌,안전운전불이행,건조,맑음,단일로 - 기타,이륜,남,17세,경상,승용,남,24세,상해없음
2017062300100666,2017년 6월 23일 22시,금요일,충청남도 천안시 서북구 성정동,중상사고,0,1,0,0,차대사람 - 횡단중,안전운전불이행,건조,맑음,교차로 - 교차로부근,승용,여,33세,상해없음,보행자,여,80세,중상
2017062300100667,2017년 6월 23일 22시,금요일,충청남도 천안시 서북구 백석동,경상사고,0,0,1,0,차대차 - 기타,신호위반,건조,맑음,교차로 - 교차로안,승용,남,45세,상해없음,승용,여,55세,경상
2017062300100668,2017년 6월 23일 22시,금요일,충청남도 아산시 탕정면,중상사고,0,1,0,0,차대차 - 정면충돌,안전운전불이행,건조,흐림,교차로 - 교차로부근,화물,남,50세,상해없음,이륜,남,46세,중상
2017062300100669,2017년 6월 23일 22시,금요일,충청남도 당진시 우두리,중상사고,0,1,2,0,차대차 - 측면충돌,신호위반,건조,맑음,교차로 - 교차로안,이륜,남,31세,중상,승용,남,21세,경상
2017062400100041,2017년 6월 24일 01시,토요일,충청남도 홍성군 금마면,중상사고,0,1,0,0,차대차 - 추돌,과속,건조,맑음,단일로 - 기타,승용,남,33세,상해없음,화물,남,46세,중상
2017062400100062,2017년 6월 24일 02시,토요일,충청남도 천안시 서북구 백석동,경상사고,0,0,1,0,차대차 - 기타,안전운전불이행,건조,맑음,교차로 - 교차로부근,승용,남,36세,상해없음,승용,남,39세,경상
2017062400100087,2017년 6월 24일 04시,토요일,충청남도 금산군 금성면,경상사고,0,0,2,0,차대차 - 측면충돌,안전운전불이행,건조,맑음,단일로 - 기타,승용,남,23세,상해없음,이륜,남,16세,경상
2017062400100150,2017년 6월 24일 08시,토요일,충청남도 서천군 서천읍,경상사고,0,0,2,0,차대차 - 측면충돌,중앙선침범,건조,맑음,단일로 - 기타,화물,남,56세,경상,승용,남,30세,경상
2017062400100178,2017년 6월 24일 09시,토요일,충청남도 천안시 동남구 봉명동,경상사고,0,0,1,0,차대차 - 정면충돌,안전운전불이행,건조,흐림,교차로 - 교차로부근,이륜,남,58세,경상,화물,남,52세,상해없음
2017062400100203,2017년 6월 24일 10시,토요일,충청남도 천안시 서북구 성거읍,중상사고,0,1,0,0,차대차 - 기타,안전운전불이행,건조,맑음,단일로 - 기타,자전거,남,17세,상해없음,이륜,남,83세,중상
2017062400100229,2017년 6월 24일 11시,토요일,충청남도 태안군 안면읍,중상사고,0,1,5,0,차대차 - 측면충돌,안전운전불이행,건조,흐림,단일로 - 기타,승용,남,29세,경상,승용,남,26세,경상
2017062400100259,2017년 6월 24일 12시,토요일,충청남도 서천군 서면,경상사고,0,0,2,0,차대차 - 기타,안전운전불이행,건조,맑음,기타 - 기타,승용,남,49세,상해없음,화물,남,30세,경상
2017062400100288,2017년 6월 24일 13시,토요일,충청남도 천안시 서북구 쌍용동,경상사고,0,0,4,1,차대차 - 추돌,안전운전불이행,건조,맑음,단일로 - 지하차도(도로)내,승용,여,56세,상해없음,승용,남,46세,경상
2017062400100361,2017년 6월 24일 15시,토요일,충청남도 보령시 성주면,경상사고,0,0,1,0,차대차 - 정면충돌,안전운전불이행,건조,흐림,단일로 - 기타,승용,남,55세,상해없음,승용,여,50세,경상
2017062400100363,2017년 6월 24일 15시,토요일,충청남도 예산군 덕산면,중상사고,0,2,2,0,차대차 - 기타,중앙선침범,젖음/습기,비,단일로 - 기타,승용,남,27세,중상,승용,여,48세,중상
2017062400100364,2017년 6월 24일 15시,토요일,충청남도 청양군 정산면,중상사고,0,3,1,0,차량단독 - 전도전복 - 전복,안전운전불이행,젖음/습기,비,교차로 - 교차로부근,승용,여,65세,경상,,,,
2017062400100425,2017년 6월 24일 17시,토요일,충청남도 논산시 내동,중상사고,0,1,0,0,차대사람 - 횡단중,안전운전불이행,젖음/습기,비,단일로 - 기타,승용,여,54세,상해없음,보행자,남,7세,중상
2017062400100426,2017년 6월 24일 17시,토요일,충청남도 당진시 석문면,경상사고,0,0,3,0,차대차 - 추돌,안전운전불이행,건조,맑음,단일로 - 기타,승용,남,25세,상해없음,승용,남,56세,경상
2017062400100452,2017년 6월 24일 18시,토요일,충청남도 공주시 신관동,경상사고,0,0,1,0,차대차 - 측면충돌,신호위반,젖음/습기,비,교차로 - 교차로안,승용,남,31세,상해없음,이륜,남,16세,경상
2017062400100535,2017년 6월 24일 21시,토요일,충청남도 서산시 예천동,중상사고,0,1,0,0,차대차 - 측면충돌,교차로운행방법위반,건조,맑음,교차로 - 교차로안,승용,여,26세,상해없음,이륜,여,49세,중상
2017062400100600,2017년 6월 24일 23시,토요일,충청남도 천안시 서북구 두정동,경상사고,0,0,1,0,차대사람 - 차도통행중,안전운전불이행,건조,맑음,단일로 - 기타,승용,남,33세,상해없음,보행자,여,56세,경상
2017062400100601,2017년 6월 24일 23시,토요일,충청남도 천안시 동남구 다가동,경상사고,0,0,1,0,차대차 - 기타,직진우회전진행방해,젖음/습기,비,교차로 - 교차로부근,승용,남,23세,상해없음,승용,남,40세,경상
2017062500100026,2017년 6월 25일 00시,일요일,충청남도 천안시 서북구 쌍용동,경상사고,0,0,2,0,차대차 - 추돌,안전운전불이행,젖음/습기,흐림,교차로 - 교차로안,승용,남,40세,상해없음,승용,남,42세,경상
2017062500100027,2017년 6월 25일 00시,일요일,충청남도 천안시 서북구 두정동,중상사고,0,1,0,0,차대사람 - 길가장자리구역통행중,안전운전불이행,젖음/습기,흐림,단일로 - 기타,승용,남,29세,상해없음,보행자,남,26세,중상
2017062500100042,2017년 6월 25일 01시,일요일,충청남도 공주시 반포면,중상사고,0,2,0,0,차대사람 - 횡단중,안전운전불이행,건조,맑음,단일로 - 기타,승용,남,49세,상해없음,보행자,여,30세,중상
2017062500100080,2017년 6월 25일 05시,일요일,충청남도 태안군 태안읍,중상사고,0,1,0,0,차량단독 - 전도전복,안전운전불이행,건조,맑음,단일로 - 기타,화물,남,51세,중상,미분류,미분류,미분류,미분류
2017062500100081,2017년 6월 25일 05시,일요일,충청남도 천안시 서북구 성정동,경상사고,0,0,1,0,차량단독 - 공작물충돌,안전운전불이행,건조,맑음,단일로 - 기타,승용,남,28세,경상,,,,
2017062500100107,2017년 6월 25일 07시,일요일,충청남도 천안시 서북구 성성동,중상사고,0,1,0,0,차량단독 - 공작물충돌,안전운전불이행,건조,맑음,단일로 - 기타,승용,남,37세,상해없음,,,,
2017062500100108,2017년 6월 25일 07시,일요일,충청남도 논산시 벌곡면,경상사고,0,0,1,1,차량단독 - 전도전복,안전운전불이행,건조,맑음,단일로 - 기타,승용,남,26세,부상신고,미분류,미분류,미분류,미분류
2017062500100149,2017년 6월 25일 10시,일요일,충청남도 예산군 광시면,경상사고,0,0,1,0,차대차 - 정면충돌,직진우회전진행방해,건조,맑음,교차로 - 교차로안,이륜,남,78세,경상,승용,남,59세,상해없음
2017062500100169,2017년 6월 25일 11시,일요일,충청남도 천안시 서북구 쌍용동,중상사고,0,1,1,0,차대차 - 기타,안전운전불이행,건조,맑음,단일로 - 기타,승용,남,62세,상해없음,승용,남,39세,경상
2017062500100230,2017년 6월 25일 14시,일요일,충청남도 금산군 진산면,경상사고,0,0,2,0,차대차 - 측면충돌,신호위반,건조,맑음,교차로 - 교차로안,승용,남,63세,경상,승용,여,59세,경상
2017062500100231,2017년 6월 25일 14시,일요일,충청남도 공주시 우성면,경상사고,0,0,4,0,차대차 - 추돌,안전운전불이행,건조,맑음,단일로 - 기타,화물,남,62세,상해없음,승용,남,61세,경상
2017062500100249,2017년 6월 25일 15시,일요일,충청남도 태안군 소원면,경상사고,0,0,1,0,차대사람 - 기타,안전운전불이행,건조,맑음,단일로 - 기타,승용,남,50세,상해없음,보행자,남,78세,경상
2017062500100250,2017년 6월 25일 15시,일요일,충청남도 서산시 운산면,경상사고,0,0,4,0,차대차 - 추돌,안전운전불이행,건조,맑음,단일로 - 기타,화물,여,62세,상해없음,승용,여,52세,경상
2017062500100305,2017년 6월 25일 17시,일요일,충청남도 당진시 송악읍,중상사고,0,1,0,0,차대차 - 측면충돌,안전운전불이행,건조,맑음,교차로 - 교차로안,승용,남,57세,상해없음,이륜,남,30세,중상
2017062500100334,2017년 6월 25일 18시,일요일,충청남도 태안군 안면읍,중상사고,0,1,0,0,차대차 - 측면충돌,안전운전불이행,건조,맑음,주차장 - 주차장,화물,남,62세,상해없음,화물,남,73세,중상
2017062500100335,2017년 6월 25일 18시,일요일,충청남도 천안시 서북구 성정동,부상신고사고,0,0,0,1,차대차 - 측면충돌,신호위반,건조,맑음,교차로 - 교차로안,이륜,남,23세,부상신고,승용,남,47세,상해없음
2017062500100337,2017년 6월 25일 18시,일요일,충청남도 부여군 규암면,중상사고,0,1,0,0,차대차 - 기타,안전운전불이행,건조,맑음,단일로 - 기타,자전거,남,77세,중상,승용,남,45세,상해없음
2017062500100364,2017년 6월 25일 19시,일요일,충청남도 당진시 우강면,경상사고,0,0,1,0,차대차 - 측면충돌,중앙선침범,건조,맑음,교차로 - 교차로부근,승용,여,38세,상해없음,승용,남,58세,상해없음
2017062500100413,2017년 6월 25일 21시,일요일,충청남도 천안시 서북구 차암동,경상사고,0,0,1,0,차대차 - 기타,안전거리미확보,건조,맑음,단일로 - 기타,승용,남,36세,상해없음,승용,남,38세,경상
2017062500100450,2017년 6월 25일 23시,일요일,충청남도 천안시 서북구 직산읍,경상사고,0,0,1,0,차량단독 - 전도전복,안전운전불이행,건조,맑음,단일로 - 기타,화물,남,56세,경상,미분류,미분류,미분류,미분류
2017062600100026,2017년 6월 26일 00시,월요일,충청남도 아산시 풍기동,경상사고,0,0,1,0,차대차 - 기타,안전운전불이행,건조,맑음,단일로 - 기타,화물,남,51세,상해없음,승용,여,38세,경상
2017062600100037,2017년 6월 26일 02시,월요일,충청남도 서천군 서면,중상사고,0,1,1,0,차대차 - 측면충돌,신호위반,건조,맑음,교차로 - 교차로안,승용,남,50세,상해없음,승용,남,39세,경상
2017062600100045,2017년 6월 26일 03시,월요일,충청남도 아산시 인주면,경상사고,0,0,1,0,차대차 - 기타,안전운전불이행,건조,맑음,단일로 - 기타,승용,남,26세,상해없음,승용,남,24세,경상
2017062600100097,2017년 6월 26일 07시,월요일,충청남도 당진시 송악읍,중상사고,0,1,0,0,차대차 - 측면충돌,안전운전불이행,건조,맑음,단일로 - 기타,승용,남,49세,상해없음,자전거,남,55세,중상
2017062600100098,2017년 6월 26일 07시,월요일,충청남도 당진시 우강면,경상사고,0,0,1,0,차대차 - 측면충돌,안전운전불이행,건조,맑음,교차로 - 교차로부근,자전거,남,77세,경상,승용,여,70세,상해없음
2017062600100130,2017년 6월 26일 08시,월요일,충청남도 서산시 장동,경상사고,0,0,1,0,차대차 - 기타,직진우회전진행방해,건조,맑음,교차로 - 교차로안,승용,남,47세,상해없음,이륜,남,67세,경상
2017062600100131,2017년 6월 26일 08시,월요일,충청남도 서산시 지곡면,경상사고,0,0,2,0,차대차 - 정면충돌,안전거리미확보,젖음/습기,맑음,단일로 - 기타,화물,남,29세,경상,승용,남,56세,상해없음
2017062600100132,2017년 6월 26일 08시,월요일,충청남도 천안시 서북구 백석동,중상사고,0,1,0,0,차대차 - 측면충돌,교차로운행방법위반,건조,맑음,교차로 - 교차로부근,승용,여,57세,상해없음,자전거,남,13세,중상
2017062600100133,2017년 6월 26일 08시,월요일,충청남도 천안시 서북구 쌍용동,경상사고,0,0,1,0,차대차 - 추돌,안전운전불이행,건조,맑음,교차로 - 교차로부근,승용,남,26세,상해없음,승용,여,41세,경상
2017062600100164,2017년 6월 26일 09시,월요일,충청남도 서산시 동문동,경상사고,0,0,1,0,차대차 - 측면충돌,직진우회전진행방해,건조,맑음,교차로 - 교차로안,이륜,남,74세,경상,승용,남,56세,상해없음
2017062600100165,2017년 6월 26일 09시,월요일,충청남도 천안시 서북구 불당동,경상사고,0,0,1,0,차대차 - 기타,안전운전불이행,건조,맑음,단일로 - 기타,승용,남,36세,상해없음,승합,남,27세,경상
2017062600100166,2017년 6월 26일 09시,월요일,충청남도 서천군 한산면,부상신고사고,0,0,0,1,차량단독 - 전도전복,안전운전불이행,건조,맑음,교차로 - 교차로부근,원동기,남,74세,부상신고,미분류,미분류,미분류,미분류
2017062600100194,2017년 6월 26일 10시,월요일,충청남도 천안시 서북구 쌍용동,경상사고,0,0,1,0,차대차 - 기타,안전운전불이행,건조,맑음,기타 - 기타,승용,남,51세,상해없음,승용,여,28세,경상
2017062600100195,2017년 6월 26일 10시,월요일,충청남도 천안시 서북구 쌍용동,경상사고,0,0,1,0,차대차 - 측면충돌,중앙선침범,건조,맑음,교차로 - 교차로부근,승합,여,36세,상해없음,승용,남,38세,경상
2017062600100221,2017년 6월 26일 11시,월요일,충청남도 태안군 태안읍,경상사고,0,0,1,0,차대차 - 정면충돌,중앙선침범,건조,맑음,단일로 - 기타,화물,남,67세,상해없음,승용,남,37세,경상
2017062600100222,2017년 6월 26일 11시,월요일,충청남도 천안시 서북구 성정동,경상사고,0,0,1,0,차대사람 - 기타,안전운전불이행,건조,맑음,단일로 - 기타,승용,남,42세,상해없음,보행자,여,60세,경상
2017062600100223,2017년 6월 26일 11시,월요일,충청남도 당진시 송산면,경상사고,0,0,2,0,차대차 - 측면충돌,직진우회전진행방해,건조,맑음,교차로 - 교차로안,승용,남,74세,경상,화물,남,25세,경상
2017062600100251,2017년 6월 26일 12시,월요일,충청남도 공주시 신관동,경상사고,0,0,2,0,차대차 - 측면충돌,직진우회전진행방해,건조,맑음,교차로 - 교차로부근,화물,남,45세,경상,승용,남,51세,경상
2017062600100283,2017년 6월 26일 13시,월요일,충청남도 홍성군 광천읍,중상사고,0,1,0,0,차대차 - 측면충돌,안전운전불이행,건조,맑음,단일로 - 기타,승용,여,58세,상해없음,이륜,남,57세,중상
2017062600100319,2017년 6월 26일 14시,월요일,충청남도 서산시 동문동,경상사고,0,0,2,0,차대차 - 정면충돌,교차로운행방법위반,젖음/습기,비,교차로 - 교차로안,화물,남,46세,상해없음,화물,남,56세,경상
2017062600100320,2017년 6월 26일 14시,월요일,충청남도 금산군 금성면,사망사고,1,1,0,0,차대차 - 기타,안전운전불이행,젖음/습기,비,단일로 - 기타,승용,여,55세,상해없음,승용,남,39세,상해없음
2017062600100356,2017년 6월 26일 15시,월요일,충청남도 서산시 지곡면,중상사고,0,1,0,0,차량단독 - 공작물충돌,안전운전불이행,건조,맑음,단일로 - 기타,승용,남,57세,중상,,,,
2017062600100357,2017년 6월 26일 15시,월요일,충청남도 천안시 서북구 쌍용동,중상사고,0,1,0,0,차대사람 - 횡단중,안전운전불이행,건조,맑음,단일로 - 기타,승용,여,51세,상해없음,보행자,여,3세,중상
2017062600100358,2017년 6월 26일 15시,월요일,충청남도 당진시 읍내리,부상신고사고,0,0,0,1,차대차 - 측면충돌,안전운전불이행,건조,맑음,교차로 - 교차로횡단보도내,승합,남,66세,상해없음,자전거,남,10세,부상신고
2017062600100398,2017년 6월 26일 16시,월요일,충청남도 아산시 모종동,경상사고,0,0,1,0,차대차 - 추돌,안전운전불이행,건조,맑음,단일로 - 기타,화물,남,61세,상해없음,화물,남,30세,경상
2017062600100399,2017년 6월 26일 16시,월요일,충청남도 보령시 대천동,중상사고,0,1,0,0,차대사람 - 횡단중,보행자보호의무위반,건조,맑음,교차로 - 교차로횡단보도내,화물,남,41세,상해없음,보행자,여,75세,중상
2017062600100400,2017년 6월 26일 16시,월요일,충청남도 보령시 죽정동,경상사고,0,0,1,0,차대차 - 정면충돌,안전운전불이행,건조,맑음,단일로 - 기타,승용,여,45세,상해없음,승용,여,48세,경상
2017062600100401,2017년 6월 26일 16시,월요일,충청남도 청양군 정산면,경상사고,0,0,1,0,차량단독 - 전도전복,안전운전불이행,젖음/습기,비,단일로 - 기타,승용,남,40세,경상,미분류,미분류,미분류,미분류
2017062600100474,2017년 6월 26일 18시,월요일,충청남도 천안시 서북구 성거읍,중상사고,0,1,1,0,차대사람 - 기타,안전운전불이행,젖음/습기,비,단일로 - 기타,화물,남,49세,상해없음,보행자,남,55세,중상
2017062600100475,2017년 6월 26일 18시,월요일,충청남도 천안시 서북구 입장면,중상사고,0,1,1,0,차대차 - 추돌,안전운전불이행,젖음/습기,맑음,단일로 - 기타,승용,여,40세,상해없음,승용,남,55세,중상
2017062600100531,2017년 6월 26일 20시,월요일,충청남도 천안시 서북구 불당동,부상신고사고,0,0,0,1,차대차 - 기타,안전운전불이행,젖음/습기,비,교차로 - 교차로부근,이륜,남,58세,부상신고,승합,여,47세,상해없음
2017062600100556,2017년 6월 26일 21시,월요일,충청남도 천안시 서북구 성정동,경상사고,0,0,2,0,차대차 - 기타,안전운전불이행,건조,맑음,단일로 - 기타,승용,남,40세,상해없음,승용,여,34세,경상
2017062600100583,2017년 6월 26일 22시,월요일,충청남도 천안시 서북구 백석동,경상사고,0,0,5,0,차대차 - 기타,안전운전불이행,건조,맑음,단일로 - 기타,승용,남,27세,상해없음,승용,여,33세,경상
2017062600100613,2017년 6월 26일 23시,월요일,충청남도 태안군 남면,중상사고,0,1,0,0,차대차 - 정면충돌,중앙선침범,건조,흐림,단일로 - 기타,승용,여,57세,상해없음,승용,남,56세,중상
2017062700100034,2017년 6월 27일 00시,화요일,충청남도 서산시 온석동,중상사고,0,1,0,0,차대차 - 정면충돌,안전거리미확보,젖음/습기,흐림,단일로 - 기타,승용,여,45세,상해없음,이륜,남,48세,중상
2017062700100055,2017년 6월 27일 01시,화요일,충청남도 천안시 서북구 성정동,중상사고,0,2,1,0,차대차 - 기타,안전운전불이행,건조,맑음,단일로 - 기타,승용,남,32세,상해없음,승용,남,61세,경상
2017062700100085,2017년 6월 27일 06시,화요일,충청남도 예산군 예산읍,중상사고,0,1,0,0,차대차 - 측면충돌,과속,건조,흐림,교차로 - 교차로안,화물,남,40세,상해없음,이륜,남,78세,중상
2017062700100138,2017년 6월 27일 08시,화요일,충청남도 보령시 웅천읍,경상사고,0,0,1,0,차대차 - 측면충돌,안전운전불이행,젖음/습기,비,교차로 - 교차로부근,화물,남,65세,상해없음,자전거,여,75세,경상
2017062700100179,2017년 6월 27일 09시,화요일,충청남도 홍성군 금마면,중상사고,0,1,0,0,차대차 - 측면충돌,안전운전불이행,건조,맑음,단일로 - 기타,승용,남,73세,상해없음,승용,여,54세,상해없음
2017062700100207,2017년 6월 27일 10시,화요일,충청남도 천안시 동남구 삼룡동,경상사고,0,0,1,0,차대차 - 측면충돌,신호위반,건조,맑음,교차로 - 교차로안,승용,남,65세,경상,화물,여,33세,상해없음
2017062700100260,2017년 6월 27일 12시,화요일,충청남도 아산시 배방읍,경상사고,0,0,1,0,차대차 - 정면충돌,신호위반,건조,맑음,교차로 - 교차로안,승용,남,61세,상해없음,승용,남,32세,경상
2017062700100261,2017년 6월 27일 12시,화요일,충청남도 보령시 대천동,경상사고,0,0,1,0,차대사람 - 횡단중,안전운전불이행,건조,맑음,단일로 - 기타,화물,남,48세,상해없음,보행자,여,44세,경상
2017062700100262,2017년 6월 27일 12시,화요일,충청남도 천안시 동남구 신부동,중상사고,0,1,0,0,차대차 - 측면충돌,안전운전불이행,건조,맑음,단일로 - 기타,승용,남,54세,상해없음,이륜,남,61세,중상
2017062700100300,2017년 6월 27일 13시,화요일,충청남도 천안시 서북구 백석동,경상사고,0,0,2,0,차대차 - 측면충돌,교차로운행방법위반,건조,맑음,교차로 - 교차로안,승용,여,41세,상해없음,승용,남,46세,경상
2017062700100301,2017년 6월 27일 13시,화요일,충청남도 보령시 동대동,중상사고,0,1,0,0,차대차 - 측면충돌,직진우회전진행방해,건조,맑음,교차로 - 교차로안,승용,남,53세,상해없음,원동기,여,49세,중상
2017062700100328,2017년 6월 27일 14시,화요일,충청남도 서산시 인지면,중상사고,0,1,0,0,차량단독 - 전도전복 - 전도,안전운전불이행,건조,맑음,단일로 - 기타,승용,여,26세,중상,,,,
2017062700100329,2017년 6월 27일 14시,화요일,충청남도 당진시 합덕읍,경상사고,0,0,1,0,차대사람 - 기타,보행자보호의무위반,건조,맑음,단일로 - 기타,승용,남,51세,상해없음,보행자,남,6세,경상
2017062700100358,2017년 6월 27일 15시,화요일,충청남도 천안시 서북구 불당동,경상사고,0,0,1,0,차대차 - 기타,안전운전불이행,건조,맑음,교차로 - 교차로안,승용,여,46세,상해없음,자전거,남,59세,경상
2017062700100359,2017년 6월 27일 15시,화요일,충청남도 아산시 인주면,사망사고,1,0,0,0,차대사람 - 횡단중,신호위반,건조,맑음,교차로 - 교차로안,화물,남,42세,상해없음,보행자,여,54세,사망
2017062700100360,2017년 6월 27일 15시,화요일,충청남도 공주시 상왕동,중상사고,0,1,0,0,차대차 - 측면충돌,안전운전불이행,건조,맑음,단일로 - 기타,승용,여,61세,상해없음,이륜,남,65세,중상
2017062700100396,2017년 6월 27일 16시,화요일,충청남도 계룡시 두마면,중상사고,0,1,0,0,차대차 - 측면충돌,신호위반,건조,맑음,교차로 - 교차로안,승용,여,35세,상해없음,자전거,남,9세,중상
2017062700100397,2017년 6월 27일 16시,화요일,충청남도 청양군 정산면,경상사고,0,0,1,0,차대차 - 측면충돌,직진우회전진행방해,건조,맑음,교차로 - 교차로안,승용,여,59세,상해없음,화물,남,42세,경상
2017062700100438,2017년 6월 27일 17시,화요일,충청남도 태안군 태안읍,중상사고,0,1,1,0,차대차 - 측면충돌,신호위반,건조,맑음,교차로 - 교차로안,승용,남,34세,중상,승용,남,66세,경상
2017062700100473,2017년 6월 27일 18시,화요일,충청남도 홍성군 구항면,경상사고,0,0,2,0,차대차 - 정면충돌,안전운전불이행,건조,맑음,단일로 - 기타,화물,남,55세,경상,승용,남,53세,경상
2017062700100520,2017년 6월 27일 19시,화요일,충청남도 천안시 서북구 와촌동,경상사고,0,0,1,0,차량단독 - 기타,안전운전불이행,건조,맑음,단일로 - 기타,승합,남,56세,상해없음,,,,
2017062700100540,2017년 6월 27일 20시,화요일,충청남도 아산시 둔포면,경상사고,0,0,1,0,차대사람 - 횡단중,안전운전불이행,젖음/습기,맑음,단일로 - 기타,승용,남,28세,상해없음,보행자,여,70세,경상
2017062700100574,2017년 6월 27일 21시,화요일,충청남도 금산군 금산읍,사망사고,1,0,0,0,차대사람 - 횡단중,안전운전불이행,젖음/습기,비,기타 - 기타,승용,여,61세,상해없음,보행자,남,59세,사망
2017062700100595,2017년 6월 27일 22시,화요일,충청남도 천안시 서북구 성정동,부상신고사고,0,0,0,1,차대차 - 정면충돌,직진우회전진행방해,건조,맑음,교차로 - 교차로안,승용,남,45세,상해없음,이륜,남,18세,부상신고
2017062700100625,2017년 6월 27일 23시,화요일,충청남도 서산시 동문동,중상사고,0,1,0,0,차대차 - 측면충돌,교차로운행방법위반,건조,맑음,교차로 - 교차로부근,승용,남,20세,상해없음,이륜,남,42세,중상
2017062800100020,2017년 6월 28일 00시,수요일,충청남도 천안시 서북구 성정동,경상사고,0,0,1,0,차대차 - 측면충돌,안전거리미확보,건조,맑음,단일로 - 기타,승용,남,61세,상해없음,이륜,남,20세,경상
2017062800100021,2017년 6월 28일 00시,수요일,충청남도 천안시 서북구 두정동,경상사고,0,0,1,0,차대차 - 측면충돌,신호위반,건조,맑음,교차로 - 교차로안,승용,남,31세,상해없음,승용,남,68세,상해없음
2017062800100023,2017년 6월 28일 00시,수요일,충청남도 당진시 채운동,중상사고,0,1,0,0,차대차 - 측면충돌,신호위반,건조,맑음,교차로 - 교차로안,승합,남,60세,상해없음,승용,남,33세,중상
2017062800100024,2017년 6월 28일 00시,수요일,충청남도 당진시 송악읍,경상사고,0,0,2,0,차대차 - 추돌,안전운전불이행,건조,맑음,단일로 - 기타,승용,남,52세,경상,특수,남,44세,기타불명
2017062800100045,2017년 6월 28일 01시,수요일,충청남도 아산시 실옥동,경상사고,0,0,1,0,차대사람 - 횡단중,보행자보호의무위반,건조,맑음,교차로 - 교차로횡단보도내,기타불명,기타불명,미분류,기타불명,보행자,남,54세,경상
2017062800100127,2017년 6월 28일 08시,수요일,충청남도 공주시 신풍면,중상사고,0,1,0,0,차량단독 - 기타,안전운전불이행,건조,맑음,기타 - 기타,이륜,남,79세,상해없음,,,,
2017062800100201,2017년 6월 28일 10시,수요일,충청남도 태안군 태안읍,부상신고사고,0,0,0,1,차대차 - 측면충돌,안전운전불이행,건조,맑음,교차로 - 교차로부근,승용,여,59세,부상신고,화물,남,49세,상해없음
2017062800100202,2017년 6월 28일 10시,수요일,충청남도 서천군 판교면,중상사고,0,1,0,0,차량단독 - 도로외이탈 - 기타,안전운전불이행,건조,맑음,단일로 - 기타,화물,남,83세,중상,,,,
2017062800100203,2017년 6월 28일 10시,수요일,충청남도 금산군 금산읍,중상사고,0,1,0,0,차량단독 - 도로외이탈 - 기타,안전운전불이행,건조,맑음,단일로 - 기타,이륜,남,81세,중상,,,,