사고번호,사고일시,요일,시군구,사고내용,사망자수,중상자수,경상자수,부상신고자수,사고유형,법규위반,노면상태,기상상태,도로형태,가해운전자 차종,가해운전자 성별,가해운전자 연령,가해운전자 상해정도,피해운전자 차종,피해운전자 성별,피해운전자 연령,피해운전자 상해정도
2017062800100237,2017년 6월 28일 12시,수요일,충청남도 아산시 용화동,중상사고,0,1,0,0,차대사람 - 횡단중,안전운전불이행,건조,맑음,교차로 - 교차로횡단보도내,화물,남,65세,상해없음,보행자,여,59세,중상
2017062800100238,2017년 6월 28일 12시,수요일,충청남도 아산시 염치읍,경상사고,0,0,1,0,차대차 - 정면충돌,중앙선침범,건조,맑음,단일로 - 기타,승용,남,40세,상해없음,승용,여,35세,경상
2017062800100239,2017년 6월 28일 12시,수요일,충청남도 예산군 응봉면,경상사고,0,0,1,0,차대차 - 기타,직진우회전진행방해,건조,맑음,교차로 - 교차로부근,화물,남,67세,상해없음,화물,남,39세,경상
2017062800100291,2017년 6월 28일 14시,수요일,충청남도 천안시 서북구 두정동,경상사고,0,0,1,0,차대차 - 기타,안전운전불이행,건조,맑음,교차로 - 교차로안,화물,남,25세,상해없음,승용,남,32세,경상
2017062800100343,2017년 6월 28일 16시,수요일,충청남도 당진시 송악읍,경상사고,0,0,1,0,차대차 - 정면충돌,안전운전불이행,건조,맑음,단일로 - 기타,화물,남,82세,상해없음,승용,여,67세,경상
2017062800100385,2017년 6월 28일 17시,수요일,충청남도 서산시 예천동,경상사고,0,0,3,0,차대차 - 추돌,안전거리미확보,건조,흐림,단일로 - 기타,승용,남,55세,경상,승용,남,30세,경상
2017062800100386,2017년 6월 28일 17시,수요일,충청남도 천안시 서북구 성정동,경상사고,0,0,1,0,차대사람 - 횡단중,보행자보호의무위반,건조,맑음,교차로 - 교차로횡단보도내,승용,여,67세,상해없음,보행자,여,43세,경상
2017062800100433,2017년 6월 28일 18시,수요일,충청남도 천안시 서북구 백석동,경상사고,0,0,1,0,차대사람 - 기타,안전운전불이행,건조,맑음,주차장 - 주차장,승용,여,49세,상해없음,보행자,여,68세,경상
2017062800100434,2017년 6월 28일 18시,수요일,충청남도 천안시 서북구 입장면,경상사고,0,0,1,1,차대차 - 추돌,안전운전불이행,건조,맑음,단일로 - 기타,승용,남,68세,경상,승용,남,43세,부상신고
2017062800100435,2017년 6월 28일 18시,수요일,충청남도 천안시 동남구 원성동,경상사고,0,0,1,0,차대사람 - 횡단중,안전운전불이행,건조,맑음,단일로 - 기타,화물,남,65세,상해없음,보행자,여,32세,경상
2017062800100481,2017년 6월 28일 19시,수요일,충청남도 아산시 온천동,경상사고,0,0,1,0,차대차 - 기타,안전운전불이행,건조,맑음,단일로 - 기타,승용,남,52세,상해없음,자전거,남,33세,경상
2017062800100482,2017년 6월 28일 19시,수요일,충청남도 예산군 광시면,사망사고,1,1,3,0,차대차 - 측면충돌,신호위반,건조,맑음,교차로 - 교차로안,승용,남,39세,상해없음,화물,남,48세,경상
2017062800100534,2017년 6월 28일 21시,수요일,충청남도 아산시 배방읍,경상사고,0,0,1,0,차대차 - 측면충돌,중앙선침범,건조,맑음,단일로 - 기타,이륜,여,37세,상해없음,자전거,남,35세,경상
2017062800100535,2017년 6월 28일 21시,수요일,충청남도 당진시 읍내리,경상사고,0,0,2,0,차대차 - 정면충돌,교차로운행방법위반,건조,맑음,교차로 - 교차로안,승용,여,19세,상해없음,승용,여,46세,경상
2017062800100537,2017년 6월 28일 21시,수요일,충청남도 서천군 서천읍,중상사고,0,1,1,0,차대차 - 측면충돌,안전운전불이행,건조,맑음,단일로 - 기타,승용,남,69세,상해없음,승용,남,32세,경상
2017062800100566,2017년 6월 28일 22시,수요일,충청남도 천안시 서북구 성거읍,경상사고,0,0,3,0,차대차 - 정면충돌,중앙선침범,건조,맑음,교차로 - 교차로부근,승용,남,32세,상해없음,승용,남,32세,경상
2017062800100567,2017년 6월 28일 22시,수요일,충청남도 당진시 신평면,경상사고,0,0,1,0,차대차 - 정면충돌,안전운전불이행,건조,맑음,교차로 - 교차로안,승용,남,30세,상해없음,승용,남,28세,경상
2017062800100589,2017년 6월 28일 23시,수요일,충청남도 천안시 서북구 성정동,경상사고,0,0,1,0,차대차 - 측면충돌,신호위반,건조,맑음,교차로 - 교차로안,승용,남,29세,상해없음,승용,남,47세,경상
2017062800100590,2017년 6월 28일 23시,수요일,충청남도 아산시 용화동,경상사고,0,0,1,0,차대차 - 추돌,안전운전불이행,건조,맑음,단일로 - 기타,승용,남,30세,상해없음,자전거,남,75세,경상
2017062900100071,2017년 6월 29일 06시,목요일,충청남도 아산시 탕정면,중상사고,0,1,0,0,차대사람 - 기타,기타,건조,맑음,기타 - 기타,원동기,여,35세,상해없음,보행자,남,41세,중상
2017062900100072,2017년 6월 29일 06시,목요일,충청남도 부여군 외산면,경상사고,0,0,1,0,차대차 - 정면충돌,중앙선침범,건조,맑음,단일로 - 기타,승용,남,44세,상해없음,승용,남,40세,경상
2017062900100092,2017년 6월 29일 07시,목요일,충청남도 천안시 서북구 백석동,경상사고,0,0,1,0,차대차 - 추돌,안전운전불이행,건조,맑음,단일로 - 기타,승용,남,46세,상해없음,승용,남,46세,경상
2017062900100093,2017년 6월 29일 07시,목요일,충청남도 당진시 송악읍,경상사고,0,0,1,0,차대차 - 측면충돌,안전운전불이행,건조,맑음,단일로 - 기타,기타불명,기타불명,미분류,기타불명,사륜오토바이(ATV),남,80세,경상
2017062900100120,2017년 6월 29일 08시,목요일,충청남도 천안시 서북구 백석동,중상사고,0,2,0,0,차대차 - 추돌,안전운전불이행,건조,맑음,단일로 - 기타,승용,여,35세,상해없음,승용,남,49세,중상
2017062900100121,2017년 6월 29일 08시,목요일,충청남도 아산시 영인면,중상사고,0,1,0,0,차대차 - 측면충돌,안전운전불이행,건조,맑음,기타 - 기타,화물,남,45세,상해없음,승용,남,21세,상해없음
2017062900100122,2017년 6월 29일 08시,목요일,충청남도 서천군 서면,중상사고,0,2,0,0,차량단독 - 공작물충돌,안전운전불이행,건조,맑음,단일로 - 기타,승용,남,78세,중상,,,,
2017062900100153,2017년 6월 29일 09시,목요일,충청남도 논산시 은진면,중상사고,0,1,0,0,차대차 - 측면충돌,직진우회전진행방해,건조,맑음,교차로 - 교차로안,화물,남,56세,상해없음,이륜,남,48세,중상
2017062900100232,2017년 6월 29일 12시,목요일,충청남도 금산군 금산읍,중상사고,0,1,0,0,차대차 - 측면충돌,교차로운행방법위반,건조,맑음,교차로 - 교차로안,이륜,남,78세,중상,승합,남,71세,상해없음
2017062900100252,2017년 6월 29일 13시,목요일,충청남도 논산시 채운면,사망사고,1,0,0,0,차대차 - 추돌,과속,건조,맑음,단일로 - 기타,특수,남,26세,상해없음,이륜,남,82세,사망
2017062900100253,2017년 6월 29일 13시,목요일,충청남도 논산시 채운면,중상사고,0,2,1,0,차대차 - 측면충돌,중앙선침범,건조,맑음,단일로 - 기타,승용,남,42세,중상,화물,남,47세,중상
2017062900100254,2017년 6월 29일 13시,목요일,충청남도 공주시 금흥동,경상사고,0,0,1,0,차대차 - 측면충돌,직진우회전진행방해,건조,맑음,교차로 - 교차로안,승용,남,22세,상해없음,승용,여,42세,경상
2017062900100280,2017년 6월 29일 14시,목요일,충청남도 논산시 내동,경상사고,0,0,1,0,차대차 - 측면충돌,안전운전불이행,건조,맑음,교차로 - 교차로안,승용,남,50세,상해없음,이륜,남,28세,경상
2017062900100281,2017년 6월 29일 14시,목요일,충청남도 예산군 예산읍,경상사고,0,0,1,0,차대차 - 기타,안전거리미확보,건조,맑음,단일로 - 기타,승용,남,41세,상해없음,승용,여,45세,경상
2017062900100312,2017년 6월 29일 15시,목요일,충청남도 서산시 대산읍,경상사고,0,0,2,0,차대차 - 측면충돌,과속,건조,맑음,단일로 - 기타,화물,남,63세,상해없음,승용,남,64세,경상
2017062900100313,2017년 6월 29일 15시,목요일,충청남도 공주시 신관동,중상사고,0,1,0,0,차대차 - 기타,차로위반,건조,맑음,교차로 - 교차로부근,이륜,남,80세,중상,승용,여,28세,상해없음
2017062900100314,2017년 6월 29일 15시,목요일,충청남도 공주시 신풍면,경상사고,0,0,5,1,차대차 - 측면충돌,안전운전불이행,건조,맑음,교차로 - 교차로안,승용,여,31세,상해없음,승용,남,43세,부상신고
2017062900100347,2017년 6월 29일 16시,목요일,충청남도 서산시 읍내동,경상사고,0,0,2,0,차대차 - 추돌,안전운전불이행,건조,맑음,교차로 - 교차로부근,승용,남,74세,상해없음,승용,여,52세,경상
2017062900100348,2017년 6월 29일 16시,목요일,충청남도 논산시 화지동,경상사고,0,0,1,0,차대사람 - 횡단중,안전운전불이행,건조,맑음,교차로 - 교차로부근,승용,여,46세,상해없음,보행자,여,68세,경상
2017062900100390,2017년 6월 29일 17시,목요일,충청남도 천안시 서북구 쌍용동,경상사고,0,0,1,0,차량단독 - 전도전복,안전운전불이행,건조,맑음,단일로 - 기타,이륜,남,33세,경상,미분류,미분류,미분류,미분류
2017062900100391,2017년 6월 29일 17시,목요일,충청남도 논산시 강산동,경상사고,0,0,3,0,차대차 - 측면충돌,중앙선침범,건조,맑음,교차로 - 교차로부근,화물,남,42세,상해없음,승용,남,31세,경상
2017062900100392,2017년 6월 29일 17시,목요일,충청남도 부여군 규암면,중상사고,0,2,2,0,차대차 - 정면충돌,중앙선침범,건조,맑음,단일로 - 기타,승용,남,49세,상해없음,승용,여,25세,경상
2017062900100511,2017년 6월 29일 20시,목요일,충청남도 보령시 신흑동,경상사고,0,0,1,0,차대차 - 측면충돌,안전운전불이행,건조,맑음,교차로 - 교차로안,화물,남,32세,상해없음,승용,남,43세,경상
2017062900100512,2017년 6월 29일 20시,목요일,충청남도 금산군 군북면,경상사고,0,0,2,0,차대차 - 측면충돌,불법유턴,건조,맑음,교차로 - 교차로안,승용,남,60세,상해없음,승용,남,43세,경상
2017062900100543,2017년 6월 29일 21시,목요일,충청남도 천안시 서북구 성거읍,경상사고,0,0,1,0,차대차 - 기타,안전운전불이행,건조,맑음,단일로 - 기타,승용,남,34세,상해없음,농기계,남,51세,경상
2017062900100573,2017년 6월 29일 22시,목요일,충청남도 서천군 장항읍,경상사고,0,0,1,0,차대차 - 측면충돌,안전운전불이행,건조,맑음,단일로 - 기타,승용,여,41세,경상,건설기계,남,52세,기타불명
2017063000100039,2017년 6월 30일 01시,금요일,충청남도 논산시 연무읍,중상사고,0,1,0,0,차량단독 - 기타,안전운전불이행,건조,맑음,단일로 - 기타,화물,남,63세,중상,,,,
2017063000100064,2017년 6월 30일 03시,금요일,충청남도 천안시 서북구 성정동,경상사고,0,0,2,0,차대차 - 기타,신호위반,건조,맑음,교차로 - 교차로안,승용,남,55세,상해없음,승용,남,32세,경상
2017063000100086,2017년 6월 30일 05시,금요일,충청남도 천안시 서북구 성환읍,중상사고,0,1,0,0,차대차 - 측면충돌,안전운전불이행,건조,맑음,교차로 - 교차로부근,화물,남,57세,기타불명,자전거,여,66세,중상
2017063000100099,2017년 6월 30일 06시,금요일,충청남도 서산시 해미면,사망사고,1,0,0,0,차대차 - 측면충돌,안전운전불이행,건조,맑음,단일로 - 기타,화물,남,56세,상해없음,이륜,남,85세,사망
2017063000100119,2017년 6월 30일 07시,금요일,충청남도 천안시 서북구 쌍용동,중상사고,0,1,0,0,차대차 - 기타,안전운전불이행,건조,맑음,단일로 - 기타,승용,남,27세,상해없음,승용,남,47세,상해없음
2017063000100180,2017년 6월 30일 09시,금요일,충청남도 당진시 합덕읍,중상사고,0,1,0,0,차대사람 - 횡단중,안전운전불이행,건조,맑음,기타 - 기타,농기계,남,54세,상해없음,보행자,여,80세,중상
2017063000100202,2017년 6월 30일 10시,금요일,충청남도 부여군 석성면,중상사고,0,1,0,0,차대차 - 추돌,안전운전불이행,건조,맑음,단일로 - 기타,화물,남,37세,상해없음,화물,남,56세,중상
2017063000100234,2017년 6월 30일 11시,금요일,충청남도 서천군 서천읍,중상사고,0,1,0,0,차대차 - 추돌,안전운전불이행,건조,맑음,교차로 - 교차로안,승용,남,50세,상해없음,승용,남,48세,중상
2017063000100299,2017년 6월 30일 13시,금요일,충청남도 서산시 잠홍동,경상사고,0,0,4,0,차대차 - 추돌,안전운전불이행,건조,맑음,교차로 - 교차로부근,화물,남,37세,상해없음,승용,여,43세,경상
2017063000100300,2017년 6월 30일 13시,금요일,충청남도 천안시 동남구 성남면,경상사고,0,0,1,0,차대차 - 측면충돌,안전거리미확보,건조,맑음,단일로 - 기타,화물,남,66세,상해없음,승용,남,59세,경상
2017063000100329,2017년 6월 30일 14시,금요일,충청남도 아산시 권곡동,경상사고,0,0,1,0,차대차 - 정면충돌,기타,건조,맑음,단일로 - 기타,승용,남,34세,상해없음,승합,남,47세,경상
2017063000100330,2017년 6월 30일 14시,금요일,충청남도 예산군 오가면,중상사고,0,1,0,0,차대차 - 추돌,안전운전불이행,건조,흐림,교차로 - 교차로부근,화물,남,37세,상해없음,화물,남,63세,중상
2017063000100331,2017년 6월 30일 14시,금요일,충청남도 천안시 동남구 청당동,중상사고,0,1,0,0,차대차 - 측면충돌,안전운전불이행,건조,맑음,교차로 - 교차로안,승용,남,58세,상해없음,승용,남,55세,중상
2017063000100454,2017년 6월 30일 17시,금요일,충청남도 서산시 동문동,중상사고,0,1,0,0,차대차 - 측면충돌,직진우회전진행방해,건조,맑음,교차로 - 교차로안,이륜,여,48세,중상,승용,남,56세,상해없음
2017063000100508,2017년 6월 30일 18시,금요일,충청남도 천안시 서북구 성거읍,중상사고,0,1,0,0,차대차 - 측면충돌,중앙선침범,건조,맑음,단일로 - 기타,승용,여,48세,상해없음,이륜,남,18세,중상
2017063000100509,2017년 6월 30일 18시,금요일,충청남도 천안시 서북구 두정동,경상사고,0,0,1,0,차대차 - 측면충돌,직진우회전진행방해,건조,맑음,교차로 - 교차로안,승용,여,30세,상해없음,승용,남,57세,경상
2017063000100510,2017년 6월 30일 18시,금요일,충청남도 서천군 마서면,중상사고,0,2,0,0,차대차 - 측면충돌,불법유턴,건조,맑음,단일로 - 기타,승용,남,65세,중상,승용,남,62세,중상
2017063000100511,2017년 6월 30일 18시,금요일,충청남도 당진시 우강면,경상사고,0,0,1,0,차대차 - 측면충돌,교차로운행방법위반,건조,맑음,교차로 - 교차로안,승용,남,73세,상해없음,승용,남,37세,경상
2017063000100543,2017년 6월 30일 19시,금요일,충청남도 천안시 서북구 입장면,경상사고,0,0,1,0,차대차 - 추돌,안전운전불이행,건조,맑음,단일로 - 기타,승용,남,43세,상해없음,승용,남,40세,경상
2017063000100574,2017년 6월 30일 20시,금요일,충청남도 태안군 태안읍,중상사고,0,1,0,0,차대사람 - 횡단중,과속,젖음/습기,흐림,단일로 - 기타,승용,남,56세,상해없음,보행자,여,74세,중상
2017063000100575,2017년 6월 30일 20시,금요일,충청남도 천안시 서북구 불당동,경상사고,0,0,1,0,차대차 - 측면충돌,신호위반,건조,맑음,교차로 - 교차로안,자전거,남,14세,경상,승용,남,47세,상해없음
2017063000100609,2017년 6월 30일 21시,금요일,충청남도 서산시 팔봉면,사망사고,1,0,0,0,차대사람 - 차도통행중,안전운전불이행,건조,맑음,단일로 - 기타,승용,남,56세,상해없음,보행자,여,82세,사망
2017063000100610,2017년 6월 30일 21시,금요일,충청남도 천안시 서북구 성환읍,중상사고,0,1,1,0,차대차 - 기타,중앙선침범,건조,맑음,단일로 - 기타,이륜,남,55세,상해없음,승용,남,27세,경상
2017063000100611,2017년 6월 30일 21시,금요일,충청남도 천안시 동남구 목천읍,경상사고,0,0,2,0,차대차 - 기타,안전운전불이행,건조,맑음,단일로 - 기타,승용,남,56세,상해없음,승용,남,33세,경상
2017063000100612,2017년 6월 30일 21시,금요일,충청남도 천안시 동남구 목천읍,경상사고,0,0,1,0,차대차 - 측면충돌,안전운전불이행,건조,맑음,단일로 - 기타,승용,남,68세,상해없음,승용,남,33세,경상
2017063000100653,2017년 6월 30일 22시,금요일,충청남도 천안시 서북구 두정동,경상사고,0,0,1,0,차대차 - 기타,직진우회전진행방해,건조,맑음,교차로 - 교차로부근,승용,남,50세,상해없음,승용,남,28세,경상
2017063000100681,2017년 6월 30일 23시,금요일,충청남도 논산시 취암동,경상사고,0,0,1,0,차대차 - 측면충돌,안전운전불이행,건조,맑음,단일로 - 기타,승용,여,29세,상해없음,승용,여,40세,경상
2017063000100682,2017년 6월 30일 23시,금요일,충청남도 논산시 상월면,중상사고,0,1,0,0,차대차 - 정면충돌,중앙선침범,건조,맑음,기타 - 기타,승용,남,61세,상해없음,승용,여,30세,중상
2017063000100683,2017년 6월 30일 23시,금요일,충청남도 천안시 동남구 청당동,중상사고,0,1,0,0,차량단독 - 기타,안전운전불이행,건조,맑음,단일로 - 기타,이륜,남,16세,중상,,,,
2017070100100053,2017년 7월 1일 01시,토요일,충청남도 천안시 서북구 쌍용동,경상사고,0,0,2,0,차대차 - 기타,안전운전불이행,건조,흐림,단일로 - 기타,승용,남,28세,상해없음,승용,남,51세,경상
2017070100100122,2017년 7월 1일 06시,토요일,충청남도 천안시 서북구 불당동,경상사고,0,0,2,0,차대차 - 기타,신호위반,건조,맑음,교차로 - 교차로안,승용,남,58세,경상,승용,남,47세,경상
2017070100100155,2017년 7월 1일 08시,토요일,충청남도 논산시 반월동,중상사고,0,1,0,0,차대차 - 측면충돌,신호위반,건조,흐림,교차로 - 교차로안,화물,남,66세,상해없음,승용,남,27세,중상
2017070100100156,2017년 7월 1일 08시,토요일,충청남도 천안시 서북구 성거읍,경상사고,0,0,1,0,차대차 - 기타,안전운전불이행,건조,맑음,단일로 - 기타,승용,남,35세,상해없음,화물,남,57세,경상
2017070100100182,2017년 7월 1일 09시,토요일,충청남도 천안시 서북구 성환읍,경상사고,0,0,2,0,차대차 - 정면충돌,안전운전불이행,건조,맑음,교차로 - 교차로안,승용,남,43세,상해없음,승용,남,44세,경상
2017070100100183,2017년 7월 1일 09시,토요일,충청남도 청양군 정산면,중상사고,0,1,0,0,차대차 - 기타,안전운전불이행,젖음/습기,비,단일로 - 기타,승용,남,49세,중상,승용,여,30세,상해없음
2017070100100202,2017년 7월 1일 10시,토요일,충청남도 천안시 동남구 신부동,중상사고,0,1,0,0,차대사람 - 횡단중,안전운전불이행,건조,맑음,교차로 - 교차로부근,승합,남,51세,상해없음,보행자,남,67세,중상
2017070100100235,2017년 7월 1일 11시,토요일,충청남도 서산시 예천동,경상사고,0,0,1,0,차대차 - 기타,직진우회전진행방해,건조,맑음,교차로 - 교차로안,승합,남,64세,상해없음,승용,남,51세,상해없음
2017070100100236,2017년 7월 1일 11시,토요일,충청남도 청양군 장평면,경상사고,0,0,1,0,차대차 - 측면충돌,안전운전불이행,젖음/습기,비,교차로 - 교차로안,승용,여,61세,경상,승용,여,57세,상해없음
2017070100100237,2017년 7월 1일 11시,토요일,충청남도 천안시 동남구 원성동,경상사고,0,0,1,0,차대차 - 기타,안전운전불이행,건조,맑음,교차로 - 교차로안,이륜,남,79세,경상,승용,남,33세,상해없음
2017070100100258,2017년 7월 1일 12시,토요일,충청남도 당진시 우강면,경상사고,0,0,1,0,차대차 - 측면충돌,교차로운행방법위반,건조,맑음,교차로 - 교차로안,이륜,여,60세,경상,승용,남,62세,상해없음
2017070100100259,2017년 7월 1일 12시,토요일,충청남도 천안시 동남구 광덕면,중상사고,0,1,0,0,차대차 - 정면충돌,안전운전불이행,젖음/습기,비,단일로 - 기타,승용,여,48세,상해없음,원동기,남,25세,중상
2017070100100260,2017년 7월 1일 12시,토요일,충청남도 천안시 동남구 다가동,부상신고사고,0,0,0,1,차량단독 - 전도전복 - 전도,안전운전불이행,젖음/습기,맑음,단일로 - 기타,이륜,남,41세,부상신고,,,,
2017070100100319,2017년 7월 1일 14시,토요일,충청남도 서산시 음암면,중상사고,0,1,5,0,차대차 - 추돌,안전운전불이행,젖음/습기,비,교차로 - 교차로부근,승용,여,54세,상해없음,승합,남,40세,경상
2017070100100320,2017년 7월 1일 14시,토요일,충청남도 아산시 권곡동,경상사고,0,0,1,0,차대차 - 추돌,안전운전불이행,건조,맑음,단일로 - 기타,이륜,남,51세,경상,화물,남,52세,상해없음
2017070100100321,2017년 7월 1일 14시,토요일,충청남도 보령시 웅천읍,중상사고,0,1,2,0,차대차 - 기타,신호위반,젖음/습기,비,교차로 - 교차로안,승용,여,21세,기타불명,승용,여,46세,중상
2017070100100349,2017년 7월 1일 15시,토요일,충청남도 서산시 부석면,중상사고,0,2,1,0,차대차 - 추돌,안전운전불이행,건조,맑음,단일로 - 기타,승용,남,29세,상해없음,승용,남,60세,상해없음
2017070100100350,2017년 7월 1일 15시,토요일,충청남도 홍성군 홍성읍,경상사고,0,0,1,0,차대차 - 측면충돌,안전거리미확보,젖음/습기,비,교차로 - 교차로안,승용,남,27세,상해없음,승용,남,27세,경상
2017070100100381,2017년 7월 1일 16시,토요일,충청남도 태안군 안면읍,중상사고,0,1,0,0,차대차 - 측면충돌,교차로운행방법위반,건조,맑음,교차로 - 교차로안,이륜,남,73세,중상,승용,남,27세,상해없음
2017070100100427,2017년 7월 1일 17시,토요일,충청남도 천안시 서북구 성환읍,경상사고,0,0,1,0,차대차 - 추돌,안전운전불이행,젖음/습기,맑음,교차로 - 교차로부근,화물,남,58세,상해없음,승용,남,44세,경상
2017070100100428,2017년 7월 1일 17시,토요일,충청남도 천안시 서북구 두정동,중상사고,0,1,0,0,차대차 - 측면충돌,중앙선침범,건조,맑음,단일로 - 기타,승용,여,47세,상해없음,이륜,남,34세,중상
2017070100100471,2017년 7월 1일 18시,토요일,충청남도 천안시 서북구 차암동,중상사고,0,1,0,0,차대차 - 측면충돌,안전운전불이행,젖음/습기,비,교차로 - 교차로부근,승용,남,33세,상해없음,이륜,남,31세,중상
2017070100100472,2017년 7월 1일 18시,토요일,충청남도 보령시 대천동,경상사고,0,0,1,0,차대사람 - 횡단중,안전운전불이행,건조,맑음,교차로 - 교차로부근,특수,남,45세,상해없음,보행자,여,51세,경상
2017070100100507,2017년 7월 1일 19시,토요일,충청남도 서산시 동문동,중상사고,0,1,0,0,차대차 - 측면충돌,신호위반,젖음/습기,비,교차로 - 교차로안,승용,남,28세,상해없음,승용,여,25세,중상
2017070100100570,2017년 7월 1일 21시,토요일,충청남도 천안시 동남구 병천면,중상사고,0,2,3,0,차대차 - 추돌,안전운전불이행,건조,맑음,단일로 - 기타,승용,남,51세,중상,승용,남,29세,중상
2017070100100598,2017년 7월 1일 22시,토요일,충청남도 천안시 서북구 직산읍,사망사고,1,0,0,0,차대사람 - 기타,안전운전불이행,젖음/습기,흐림,단일로 - 기타,승용,남,22세,상해없음,보행자,남,22세,사망
2017070200100059,2017년 7월 2일 01시,일요일,충청남도 천안시 서북구 성정동,경상사고,0,0,1,0,차대차 - 기타,안전운전불이행,건조,맑음,단일로 - 기타,승용,남,54세,상해없음,승용,남,32세,경상
2017070200100060,2017년 7월 2일 01시,일요일,충청남도 서천군 서면,경상사고,0,0,1,1,차량단독 - 공작물충돌,안전운전불이행,건조,흐림,단일로 - 기타,승용,여,57세,부상신고,,,,
2017070200100061,2017년 7월 2일 01시,일요일,충청남도 예산군 예산읍,사망사고,1,1,0,0,차대차 - 추돌,과속,젖음/습기,비,단일로 - 기타,승용,남,22세,상해없음,이륜,남,39세,사망
2017070200100084,2017년 7월 2일 02시,일요일,충청남도 천안시 동남구 병천면,경상사고,0,0,1,0,차대차 - 추돌,안전운전불이행,젖음/습기,흐림,단일로 - 기타,승용,남,36세,경상,건설기계,남,38세,기타불명
2017070200100121,2017년 7월 2일 04시,일요일,충청남도 청양군 청양읍,부상신고사고,0,0,0,1,차량단독 - 전도전복,안전운전불이행,젖음/습기,흐림,단일로 - 기타,화물,남,45세,부상신고,미분류,미분류,미분류,미분류
2017070200100144,2017년 7월 2일 06시,일요일,충청남도 천안시 서북구 성환읍,중상사고,0,1,0,0,차대사람 - 횡단중,안전운전불이행,젖음/습기,흐림,교차로 - 교차로안,승용,여,41세,상해없음,보행자,남,69세,중상
2017070200100145,2017년 7월 2일 06시,일요일,충청남도 천안시 동남구 성남면,중상사고,0,1,0,0,차대차 - 측면충돌,중앙선침범,젖음/습기,흐림,단일로 - 기타,승용,여,47세,상해없음,화물,남,51세,중상
2017070200100164,2017년 7월 2일 08시,일요일,충청남도 천안시 동남구 신방동,경상사고,0,0,2,0,차대차 - 정면충돌,중앙선침범,건조,맑음,교차로 - 교차로부근,승용,여,52세,상해없음,승용,여,43세,경상
2017070200100199,2017년 7월 2일 10시,일요일,충청남도 서천군 서천읍,경상사고,0,0,1,0,차대차 - 기타,안전운전불이행,건조,맑음,교차로 - 교차로안,승용,여,45세,상해없음,승용,남,62세,경상
2017070200100213,2017년 7월 2일 11시,일요일,충청남도 서산시 석림동,중상사고,0,1,0,0,차대차 - 정면충돌,안전운전불이행,건조,맑음,단일로 - 기타,승용,여,60세,상해없음,승용,여,62세,중상
2017070200100227,2017년 7월 2일 12시,일요일,충청남도 보령시 신흑동,경상사고,0,0,1,0,차대사람 - 횡단중,안전운전불이행,건조,맑음,주차장 - 주차장,승용,남,54세,상해없음,보행자,남,7세,경상
2017070200100250,2017년 7월 2일 13시,일요일,충청남도 천안시 동남구 광덕면,중상사고,0,1,4,0,차대차 - 기타,안전운전불이행,젖음/습기,비,단일로 - 터널,승용,여,23세,상해없음,승용,남,29세,경상
2017070200100372,2017년 7월 2일 18시,일요일,충청남도 천안시 서북구 두정동,중상사고,0,1,0,0,차대사람 - 기타,안전운전불이행,젖음/습기,비,단일로 - 기타,승용,남,47세,상해없음,보행자,여,14세,중상
2017070200100373,2017년 7월 2일 18시,일요일,충청남도 천안시 서북구 불당동,경상사고,0,0,1,0,차대차 - 기타,안전운전불이행,젖음/습기,비,단일로 - 기타,승용,남,30세,상해없음,승용,여,63세,경상
2017070200100475,2017년 7월 2일 22시,일요일,충청남도 당진시 읍내리,경상사고,0,0,1,0,차대차 - 정면충돌,안전운전불이행,건조,맑음,단일로 - 기타,화물,남,56세,상해없음,승용,남,57세,경상
2017070300100045,2017년 7월 3일 01시,월요일,충청남도 공주시 금학동,경상사고,0,0,1,0,차대차 - 추돌,안전운전불이행,젖음/습기,비,교차로 - 교차로안,승용,남,24세,상해없음,승용,남,41세,경상
2017070300100058,2017년 7월 3일 04시,월요일,충청남도 보령시 남곡동,중상사고,0,1,0,0,차대차 - 추돌,안전운전불이행,젖음/습기,비,단일로 - 기타,승용,남,23세,상해없음,화물,남,58세,상해없음
2017070300100096,2017년 7월 3일 07시,월요일,충청남도 천안시 서북구 쌍용동,경상사고,0,0,1,0,차대차 - 추돌,안전운전불이행,건조,맑음,교차로 - 교차로부근,화물,남,26세,상해없음,승용,남,50세,경상
2017070300100097,2017년 7월 3일 07시,월요일,충청남도 천안시 서북구 성성동,경상사고,0,0,2,0,차대차 - 추돌,안전운전불이행,젖음/습기,흐림,교차로 - 교차로부근,승용,남,40세,상해없음,승용,남,24세,경상
2017070300100098,2017년 7월 3일 07시,월요일,충청남도 금산군 금산읍,경상사고,0,0,1,0,차대차 - 측면충돌,교차로운행방법위반,젖음/습기,비,교차로 - 교차로안,이륜,남,62세,경상,승용,남,19세,상해없음
2017070300100125,2017년 7월 3일 08시,월요일,충청남도 아산시 온천동,경상사고,0,0,1,0,차대사람 - 횡단중,안전운전불이행,젖음/습기,비,교차로 - 교차로안,승용,여,36세,상해없음,보행자,남,65세,경상
2017070300100162,2017년 7월 3일 09시,월요일,충청남도 논산시 부창동,사망사고,1,0,2,0,차대차 - 정면충돌,신호위반,젖음/습기,비,교차로 - 교차로안,화물,남,50세,사망,승합,남,33세,경상