사고번호,사고일시,요일,시군구,사고내용,사망자수,중상자수,경상자수,부상신고자수,사고유형,법규위반,노면상태,기상상태,도로형태,가해운전자 차종,가해운전자 성별,가해운전자 연령,가해운전자 상해정도,피해운전자 차종,피해운전자 성별,피해운전자 연령,피해운전자 상해정도
2017070700100552,2017년 7월 7일 20시,금요일,충청남도 당진시 수청리,중상사고,0,1,4,0,차대차 - 정면충돌,중앙선침범,건조,흐림,단일로 - 기타,화물,남,65세,중상,승용,남,48세,경상
2017070700100597,2017년 7월 7일 21시,금요일,충청남도 천안시 동남구 봉명동,경상사고,0,0,5,0,차대차 - 측면충돌,안전운전불이행,건조,맑음,단일로 - 기타,승용,남,36세,경상,승용,남,23세,경상
2017070700100640,2017년 7월 7일 22시,금요일,충청남도 논산시 가야곡면,중상사고,0,1,0,0,차대차 - 정면충돌,안전운전불이행,건조,맑음,교차로 - 교차로안,승용,여,30세,상해없음,승용,여,31세,중상
2017070700100670,2017년 7월 7일 23시,금요일,충청남도 천안시 서북구 성정동,경상사고,0,0,1,0,차대차 - 측면충돌,안전운전불이행,젖음/습기,비,단일로 - 기타,원동기,남,23세,경상,승용,남,47세,상해없음
2017070700100671,2017년 7월 7일 23시,금요일,충청남도 당진시 읍내리,부상신고사고,0,0,0,2,차대차 - 측면충돌,교차로운행방법위반,건조,맑음,교차로 - 교차로안,승용,남,53세,상해없음,승용,남,21세,부상신고
2017070800100081,2017년 7월 8일 03시,토요일,충청남도 아산시 실옥동,중상사고,0,1,0,0,차대차 - 추돌,안전운전불이행,건조,맑음,단일로 - 기타,승용,남,45세,상해없음,승용,남,64세,중상
2017070800100082,2017년 7월 8일 03시,토요일,충청남도 아산시 남동,경상사고,0,0,1,0,차대차 - 추돌,안전운전불이행,건조,맑음,교차로 - 교차로부근,승용,여,35세,상해없음,승용,남,23세,경상
2017070800100117,2017년 7월 8일 06시,토요일,충청남도 천안시 서북구 성정동,경상사고,0,0,1,0,차대사람 - 횡단중,안전운전불이행,젖음/습기,비,단일로 - 기타,승용,남,24세,상해없음,보행자,남,76세,경상
2017070800100189,2017년 7월 8일 10시,토요일,충청남도 천안시 서북구 백석동,경상사고,0,0,1,0,차대차 - 측면충돌,중앙선침범,건조,맑음,단일로 - 기타,승용,남,63세,상해없음,화물,남,35세,경상
2017070800100215,2017년 7월 8일 11시,토요일,충청남도 논산시 부창동,경상사고,0,0,2,0,차대차 - 측면충돌,안전운전불이행,젖음/습기,비,교차로 - 교차로부근,화물,남,57세,상해없음,승합,남,41세,경상
2017070800100244,2017년 7월 8일 12시,토요일,충청남도 천안시 서북구 차암동,경상사고,0,0,1,0,차대차 - 측면충돌,안전운전불이행,건조,맑음,교차로 - 교차로안,승용,남,34세,상해없음,승용,남,36세,경상
2017070800100274,2017년 7월 8일 13시,토요일,충청남도 천안시 서북구 불당동,경상사고,0,0,1,0,차대차 - 정면충돌,안전운전불이행,건조,맑음,교차로 - 교차로안,승용,여,36세,상해없음,승용,남,45세,경상
2017070800100301,2017년 7월 8일 14시,토요일,충청남도 계룡시 금암동,경상사고,0,0,4,0,차대차 - 정면충돌,중앙선침범,젖음/습기,비,교차로 - 교차로부근,승용,남,46세,경상,승용,여,20세,경상
2017070800100302,2017년 7월 8일 14시,토요일,충청남도 당진시 신평면,경상사고,0,0,1,0,차대사람 - 차도통행중,안전운전불이행,건조,맑음,단일로 - 기타,승용,남,43세,상해없음,보행자,남,7세,경상
2017070800100303,2017년 7월 8일 14시,토요일,충청남도 천안시 동남구 목천읍,중상사고,0,2,0,0,차대차 - 정면충돌,중앙선침범,건조,맑음,교차로 - 교차로횡단보도내,화물,남,56세,중상,승용,여,47세,중상
2017070800100330,2017년 7월 8일 15시,토요일,충청남도 서산시 운산면,중상사고,0,1,0,0,차대차 - 정면충돌,교차로운행방법위반,건조,흐림,교차로 - 교차로안,승용,남,51세,상해없음,이륜,남,65세,중상
2017070800100331,2017년 7월 8일 15시,토요일,충청남도 예산군 대술면,사망사고,2,1,3,0,차대차 - 측면충돌,신호위반,젖음/습기,흐림,교차로 - 교차로안,승용,남,58세,상해없음,화물,남,58세,중상
2017070800100360,2017년 7월 8일 16시,토요일,충청남도 보령시 명천동,중상사고,0,1,2,1,차대차 - 측면충돌,안전운전불이행,건조,맑음,교차로 - 교차로안,승용,남,28세,부상신고,승용,여,33세,경상
2017070800100361,2017년 7월 8일 16시,토요일,충청남도 예산군 응봉면,경상사고,0,0,2,0,차대차 - 측면충돌,신호위반,건조,맑음,교차로 - 교차로안,승용,남,30세,상해없음,승용,남,42세,경상
2017070800100362,2017년 7월 8일 16시,토요일,충청남도 당진시 송산면,중상사고,0,1,0,0,차량단독 - 전도전복,안전운전불이행,건조,맑음,단일로 - 기타,승용,남,60세,상해없음,미분류,미분류,미분류,미분류
2017070800100363,2017년 7월 8일 16시,토요일,충청남도 금산군 남이면,경상사고,0,0,1,0,차량단독 - 전도전복,안전운전불이행,건조,흐림,단일로 - 기타,이륜,남,57세,경상,미분류,미분류,미분류,미분류
2017070800100364,2017년 7월 8일 16시,토요일,충청남도 천안시 동남구 신부동,경상사고,0,0,1,0,차대차 - 추돌,안전운전불이행,건조,맑음,단일로 - 기타,승용,여,56세,상해없음,승용,여,51세,상해없음
2017070800100436,2017년 7월 8일 18시,토요일,충청남도 천안시 서북구 백석동,경상사고,0,0,1,0,차대차 - 기타,안전운전불이행,건조,맑음,주차장 - 주차장,승용,남,66세,상해없음,승용,남,57세,경상
2017070800100437,2017년 7월 8일 18시,토요일,충청남도 논산시 취암동,경상사고,0,0,1,0,차대차 - 측면충돌,안전운전불이행,건조,흐림,교차로 - 교차로안,원동기,남,72세,경상,승용,여,28세,상해없음
2017070800100470,2017년 7월 8일 19시,토요일,충청남도 천안시 동남구 신방동,경상사고,0,0,1,0,차대차 - 측면충돌,안전거리미확보,건조,맑음,단일로 - 기타,승용,여,68세,상해없음,승용,남,44세,경상
2017070800100500,2017년 7월 8일 20시,토요일,충청남도 천안시 서북구 성정동,경상사고,0,0,2,0,차대차 - 추돌,안전운전불이행,건조,맑음,단일로 - 고가도로위,승용,남,27세,상해없음,승용,여,26세,경상
2017070800100522,2017년 7월 8일 21시,토요일,충청남도 천안시 동남구 신부동,경상사고,0,0,1,1,차대차 - 추돌,안전운전불이행,건조,맑음,단일로 - 기타,승용,남,44세,상해없음,승용,남,33세,경상
2017070900100029,2017년 7월 9일 01시,일요일,충청남도 서산시 지곡면,경상사고,0,0,1,0,차대차 - 정면충돌,안전운전불이행,젖음/습기,비,교차로 - 교차로부근,승용,남,30세,상해없음,승용,남,27세,경상
2017070900100030,2017년 7월 9일 01시,일요일,충청남도 천안시 서북구 두정동,경상사고,0,0,3,0,차대차 - 추돌,안전운전불이행,건조,맑음,단일로 - 기타,기타불명,기타불명,미분류,기타불명,승용,남,43세,경상
2017070900100051,2017년 7월 9일 03시,일요일,충청남도 천안시 서북구 성정동,중상사고,0,1,0,0,차대차 - 추돌,안전운전불이행,건조,맑음,단일로 - 기타,기타불명,기타불명,미분류,기타불명,이륜,남,44세,중상
2017070900100060,2017년 7월 9일 04시,일요일,충청남도 서산시 읍내동,경상사고,0,0,1,0,차대사람 - 횡단중,안전운전불이행,젖음/습기,흐림,단일로 - 기타,승용,남,18세,상해없음,보행자,남,28세,경상
2017070900100087,2017년 7월 9일 07시,일요일,충청남도 천안시 서북구 직산읍,중상사고,0,1,0,0,차대사람 - 기타,기타,건조,맑음,단일로 - 기타,승용,여,19세,기타불명,보행자,남,54세,중상
2017070900100088,2017년 7월 9일 07시,일요일,충청남도 서천군 마서면,중상사고,0,1,0,0,차대차 - 측면충돌,안전운전불이행,건조,맑음,교차로 - 교차로안,승용,남,70세,상해없음,이륜,남,76세,중상
2017070900100100,2017년 7월 9일 08시,일요일,충청남도 논산시 대교동,중상사고,0,1,0,0,차대차 - 추돌,안전운전불이행,건조,맑음,단일로 - 기타,원동기,남,51세,중상,화물,남,55세,기타불명
2017070900100101,2017년 7월 9일 08시,일요일,충청남도 부여군 양화면,사망사고,1,0,0,0,차대차 - 측면충돌,직진우회전진행방해,건조,맑음,교차로 - 교차로안,이륜,남,77세,사망,화물,남,55세,상해없음
2017070900100115,2017년 7월 9일 09시,일요일,충청남도 태안군 안면읍,경상사고,0,0,1,0,차대차 - 추돌,안전거리미확보,건조,맑음,단일로 - 기타,화물,남,47세,상해없음,승용,남,72세,상해없음
2017070900100117,2017년 7월 9일 09시,일요일,충청남도 천안시 동남구 목천읍,경상사고,0,0,3,0,차대차 - 측면충돌,안전운전불이행,건조,맑음,단일로 - 기타,화물,남,46세,상해없음,승용,남,82세,경상
2017070900100134,2017년 7월 9일 10시,일요일,충청남도 청양군 비봉면,중상사고,0,1,0,0,차대차 - 측면충돌,신호위반,건조,흐림,교차로 - 교차로안,승용,남,29세,상해없음,승용,남,74세,중상
2017070900100135,2017년 7월 9일 10시,일요일,충청남도 천안시 동남구 청당동,경상사고,0,0,1,0,차대차 - 추돌,안전운전불이행,건조,흐림,단일로 - 고가도로위,승용,남,29세,상해없음,승합,여,43세,경상
2017070900100136,2017년 7월 9일 10시,일요일,충청남도 천안시 동남구 용곡동,중상사고,0,1,4,0,차대차 - 측면충돌,신호위반,건조,맑음,교차로 - 교차로안,승용,여,56세,중상,승용,여,39세,경상
2017070900100151,2017년 7월 9일 11시,일요일,충청남도 태안군 고남면,경상사고,0,0,5,0,차대차 - 정면충돌,직진우회전진행방해,건조,맑음,교차로 - 교차로안,승용,남,55세,상해없음,승용,남,42세,경상
2017070900100152,2017년 7월 9일 11시,일요일,충청남도 예산군 예산읍,경상사고,0,0,1,0,차대차 - 정면충돌,중앙선침범,건조,맑음,단일로 - 기타,승용,여,56세,상해없음,화물,남,47세,경상
2017070900100197,2017년 7월 9일 13시,일요일,충청남도 서천군 서천읍,중상사고,0,1,1,0,차대차 - 추돌,안전운전불이행,건조,맑음,교차로 - 교차로부근,승용,남,56세,상해없음,승용,남,72세,중상
2017070900100229,2017년 7월 9일 14시,일요일,충청남도 태안군 안면읍,중상사고,0,1,0,0,차량단독 - 전도전복,안전운전불이행,건조,맑음,교차로 - 교차로안,이륜,여,33세,중상,미분류,미분류,미분류,미분류
2017070900100257,2017년 7월 9일 15시,일요일,충청남도 보령시 신흑동,경상사고,0,0,4,0,차대차 - 기타,직진우회전진행방해,건조,맑음,교차로 - 교차로안,승용,여,51세,상해없음,승합,남,47세,경상
2017070900100259,2017년 7월 9일 15시,일요일,충청남도 당진시 송악읍,중상사고,0,4,5,0,차대차 - 추돌,안전운전불이행,젖음/습기,흐림,단일로 - 기타,승용,남,41세,상해없음,승용,남,46세,중상
2017070900100309,2017년 7월 9일 17시,일요일,충청남도 천안시 서북구 백석동,경상사고,0,0,2,0,차대차 - 기타,안전거리미확보,건조,맑음,단일로 - 기타,승용,남,34세,상해없음,화물,남,63세,상해없음
2017070900100335,2017년 7월 9일 18시,일요일,충청남도 홍성군 홍성읍,경상사고,0,0,1,0,차대차 - 정면충돌,안전운전불이행,건조,맑음,단일로 - 기타,승용,여,41세,상해없음,이륜,남,67세,경상
2017070900100336,2017년 7월 9일 18시,일요일,충청남도 아산시 온천동,경상사고,0,0,2,0,차대차 - 추돌,안전거리미확보,젖음/습기,흐림,단일로 - 기타,승용,남,55세,상해없음,승용,남,32세,상해없음
2017070900100337,2017년 7월 9일 18시,일요일,충청남도 천안시 동남구 신방동,경상사고,0,0,1,0,차대차 - 측면충돌,안전운전불이행,건조,맑음,교차로 - 교차로안,승용,여,25세,경상,승합,남,42세,상해없음
2017070900100388,2017년 7월 9일 20시,일요일,충청남도 천안시 동남구 목천읍,경상사고,0,0,4,0,차대차 - 측면충돌,안전운전불이행,젖음/습기,비,단일로 - 기타,승용,남,60세,경상,승용,여,34세,경상
2017070900100414,2017년 7월 9일 21시,일요일,충청남도 천안시 서북구 백석동,경상사고,0,0,1,0,차대차 - 측면충돌,안전운전불이행,젖음/습기,비,단일로 - 기타,승용,남,41세,상해없음,승용,남,34세,경상
2017070900100415,2017년 7월 9일 21시,일요일,충청남도 홍성군 홍성읍,경상사고,0,0,1,0,차대차 - 측면충돌,신호위반,젖음/습기,흐림,교차로 - 교차로안,이륜,남,23세,경상,승용,여,21세,상해없음
2017070900100416,2017년 7월 9일 21시,일요일,충청남도 보령시 동대동,경상사고,0,0,1,0,차대차 - 기타,중앙선침범,젖음/습기,비,단일로 - 기타,이륜,남,59세,경상,승용,남,59세,상해없음
2017070900100441,2017년 7월 9일 22시,일요일,충청남도 서산시 예천동,중상사고,0,1,1,0,차대차 - 정면충돌,교차로운행방법위반,젖음/습기,비,교차로 - 교차로안,승용,남,29세,경상,승용,남,18세,중상
2017071000100047,2017년 7월 10일 01시,월요일,충청남도 청양군 정산면,경상사고,0,0,1,0,차량단독 - 공작물충돌,안전운전불이행,젖음/습기,흐림,단일로 - 기타,승용,남,46세,경상,,,,
2017071000100151,2017년 7월 10일 09시,월요일,충청남도 천안시 서북구 불당동,경상사고,0,0,3,1,차대차 - 측면충돌,신호위반,젖음/습기,비,교차로 - 교차로안,승용,여,43세,부상신고,승합,남,33세,경상
2017071000100152,2017년 7월 10일 09시,월요일,충청남도 아산시 배방읍,중상사고,0,1,0,0,차대차 - 추돌,안전운전불이행,젖음/습기,비,단일로 - 기타,화물,남,48세,상해없음,화물,남,52세,중상
2017071000100153,2017년 7월 10일 09시,월요일,충청남도 예산군 고덕면,경상사고,0,0,3,0,차대차 - 추돌,안전거리미확보,젖음/습기,비,단일로 - 기타,화물,남,40세,상해없음,화물,남,56세,상해없음
2017071000100154,2017년 7월 10일 09시,월요일,충청남도 예산군 예산읍,경상사고,0,0,1,0,차대차 - 측면충돌,신호위반,젖음/습기,비,교차로 - 교차로안,승용,여,55세,상해없음,화물,여,62세,경상
2017071000100183,2017년 7월 10일 10시,월요일,충청남도 당진시 송악읍,중상사고,0,1,0,0,차대차 - 정면충돌,안전운전불이행,젖음/습기,비,단일로 - 기타,사륜오토바이(ATV),남,72세,중상,승용,남,73세,상해없음
2017071000100184,2017년 7월 10일 10시,월요일,충청남도 당진시 송악읍,경상사고,0,0,1,0,차대차 - 정면충돌,안전거리미확보,건조,맑음,단일로 - 기타,승용,남,59세,상해없음,승용,남,35세,경상
2017071000100241,2017년 7월 10일 12시,월요일,충청남도 태안군 이원면,부상신고사고,0,0,0,1,차대차 - 기타,안전운전불이행,건조,흐림,단일로 - 기타,농기계,남,73세,부상신고,승용,남,32세,상해없음
2017071000100242,2017년 7월 10일 12시,월요일,충청남도 논산시 내동,경상사고,0,0,1,0,차대차 - 측면충돌,교차로운행방법위반,건조,맑음,교차로 - 교차로안,승용,남,68세,상해없음,승용,남,58세,경상
2017071000100274,2017년 7월 10일 13시,월요일,충청남도 보령시 대천동,경상사고,0,0,1,0,차대사람 - 기타,안전운전불이행,젖음/습기,비,단일로 - 기타,승용,남,45세,기타불명,보행자,여,13세,경상
2017071000100297,2017년 7월 10일 14시,월요일,충청남도 천안시 동남구 유량동,중상사고,0,1,0,2,차대차 - 측면충돌,중앙선침범,건조,맑음,단일로 - 기타,승용,여,44세,상해없음,승용,남,36세,중상
2017071000100367,2017년 7월 10일 16시,월요일,충청남도 공주시 반포면,사망사고,1,0,2,0,차대차 - 추돌,기타,젖음/습기,비,단일로 - 터널,승용,여,26세,경상,승용,여,32세,경상
2017071000100399,2017년 7월 10일 17시,월요일,충청남도 보령시 대천동,중상사고,0,1,0,0,차대차 - 측면충돌,중앙선침범,건조,흐림,단일로 - 기타,자전거,남,80세,중상,승용,남,51세,상해없음
2017071000100400,2017년 7월 10일 17시,월요일,충청남도 당진시 송악읍,중상사고,0,1,0,0,차대차 - 정면충돌,교차로운행방법위반,젖음/습기,비,교차로 - 교차로안,승용,남,60세,상해없음,승용,여,43세,중상
2017071000100439,2017년 7월 10일 18시,월요일,충청남도 홍성군 금마면,경상사고,0,0,1,0,차대차 - 측면충돌,교차로운행방법위반,건조,맑음,교차로 - 교차로안,승용,남,49세,상해없음,승용,남,45세,경상
2017071000100440,2017년 7월 10일 18시,월요일,충청남도 서천군 비인면,경상사고,0,0,1,0,차대차 - 측면충돌,기타,젖음/습기,비,교차로 - 교차로안,화물,남,64세,상해없음,승용,여,45세,경상
2017071000100526,2017년 7월 10일 21시,월요일,충청남도 천안시 동남구 목천읍,부상신고사고,0,0,0,1,차대차 - 기타,안전운전불이행,건조,맑음,주차장 - 주차장,기타불명,기타불명,미분류,기타불명,자전거,남,10세,부상신고
2017071000100564,2017년 7월 10일 22시,월요일,충청남도 홍성군 홍성읍,중상사고,0,1,2,0,차대차 - 측면충돌,교차로운행방법위반,젖음/습기,맑음,교차로 - 교차로안,승용,여,30세,상해없음,이륜,남,19세,중상
2017071000100591,2017년 7월 10일 23시,월요일,충청남도 천안시 서북구 두정동,경상사고,0,0,2,0,차대사람 - 횡단중,안전운전불이행,젖음/습기,비,교차로 - 교차로안,승용,남,44세,상해없음,보행자,남,45세,경상
2017071000100592,2017년 7월 10일 23시,월요일,충청남도 천안시 서북구 두정동,중상사고,0,1,0,0,차대사람 - 횡단중,안전운전불이행,젖음/습기,비,단일로 - 기타,승용,남,33세,상해없음,보행자,여,25세,중상
2017071000100593,2017년 7월 10일 23시,월요일,충청남도 천안시 서북구 성정동,중상사고,0,1,0,0,차대사람 - 횡단중,보행자보호의무위반,젖음/습기,비,교차로 - 교차로안,승용,남,33세,상해없음,보행자,여,18세,중상
2017071000100594,2017년 7월 10일 23시,월요일,충청남도 천안시 서북구 성정동,경상사고,0,0,5,0,차대차 - 정면충돌,중앙선침범,젖음/습기,비,교차로 - 교차로안,승용,남,34세,상해없음,승용,남,55세,경상
2017071000100595,2017년 7월 10일 23시,월요일,충청남도 천안시 서북구 백석동,경상사고,0,0,1,0,차대차 - 추돌,안전운전불이행,건조,맑음,단일로 - 기타,승용,남,55세,상해없음,승용,남,60세,경상
2017071000100596,2017년 7월 10일 23시,월요일,충청남도 아산시 방축동,경상사고,0,0,2,0,차대차 - 추돌,안전운전불이행,젖음/습기,비,교차로 - 교차로부근,승용,남,39세,상해없음,승용,남,62세,경상
2017071100100048,2017년 7월 11일 01시,화요일,충청남도 아산시 음봉면,중상사고,0,1,0,0,차대사람 - 횡단중,안전운전불이행,젖음/습기,비,단일로 - 기타,승용,남,30세,상해없음,보행자,남,20세,중상
2017071100100129,2017년 7월 11일 08시,화요일,충청남도 청양군 청양읍,경상사고,0,0,1,0,차대차 - 정면충돌,안전운전불이행,건조,맑음,단일로 - 기타,자전거,여,53세,경상,승용,남,46세,상해없음
2017071100100188,2017년 7월 11일 10시,화요일,충청남도 천안시 서북구 두정동,경상사고,0,0,1,0,차대차 - 측면충돌,안전운전불이행,건조,맑음,단일로 - 기타,승용,남,66세,기타불명,자전거,남,56세,경상
2017071100100189,2017년 7월 11일 10시,화요일,충청남도 아산시 모종동,경상사고,0,0,1,0,차대차 - 추돌,안전운전불이행,건조,맑음,교차로 - 교차로부근,화물,남,54세,상해없음,승용,남,71세,경상
2017071100100248,2017년 7월 11일 12시,화요일,충청남도 금산군 복수면,경상사고,0,0,1,0,차대차 - 추돌,안전운전불이행,건조,맑음,단일로 - 기타,승용,남,66세,경상,화물,남,69세,상해없음
2017071100100249,2017년 7월 11일 12시,화요일,충청남도 천안시 동남구 사직동,경상사고,0,0,1,0,차대사람 - 횡단중,보행자보호의무위반,건조,맑음,단일로 - 기타,화물,남,36세,상해없음,보행자,여,20세,경상
2017071100100250,2017년 7월 11일 12시,화요일,충청남도 천안시 동남구 대흥동,경상사고,0,0,1,0,차대차 - 측면충돌,안전운전불이행,건조,맑음,교차로 - 교차로부근,승용,남,54세,상해없음,승용,남,61세,경상
2017071100100251,2017년 7월 11일 12시,화요일,충청남도 천안시 동남구 원성동,경상사고,0,0,1,0,차대차 - 측면충돌,안전거리미확보,건조,맑음,교차로 - 교차로안,승용,남,64세,상해없음,자전거,남,67세,경상
2017071100100305,2017년 7월 11일 14시,화요일,충청남도 천안시 동남구 다가동,경상사고,0,0,4,0,차대차 - 측면충돌,직진우회전진행방해,건조,맑음,교차로 - 교차로안,사륜오토바이(ATV),남,69세,상해없음,승용,여,31세,경상
2017071100100343,2017년 7월 11일 15시,화요일,충청남도 아산시 배방읍,경상사고,0,0,1,0,차대차 - 기타,안전운전불이행,건조,맑음,주차장 - 주차장,승용,여,36세,상해없음,승합,여,47세,경상
2017071100100372,2017년 7월 11일 16시,화요일,충청남도 부여군 규암면,경상사고,0,0,1,0,차대차 - 측면충돌,안전운전불이행,건조,맑음,교차로 - 교차로안,승용,남,74세,상해없음,승용,여,60세,경상
2017071100100412,2017년 7월 11일 17시,화요일,충청남도 홍성군 갈산면,경상사고,0,0,1,0,차대차 - 측면충돌,안전운전불이행,건조,맑음,단일로 - 기타,승합,여,55세,상해없음,이륜,남,37세,경상
2017071100100413,2017년 7월 11일 17시,화요일,충청남도 아산시 초사동,중상사고,0,1,0,0,차대차 - 측면충돌,안전운전불이행,건조,맑음,단일로 - 기타,승용,남,45세,상해없음,화물,남,68세,상해없음
2017071100100414,2017년 7월 11일 17시,화요일,충청남도 부여군 규암면,경상사고,0,0,1,0,차대차 - 측면충돌,신호위반,건조,흐림,교차로 - 교차로안,승용,여,43세,상해없음,승용,여,47세,경상
2017071100100415,2017년 7월 11일 17시,화요일,충청남도 당진시 읍내리,중상사고,0,1,0,0,차대사람 - 기타,안전운전불이행,건조,맑음,교차로 - 교차로부근,승합,남,47세,상해없음,보행자,여,79세,중상
2017071100100416,2017년 7월 11일 17시,화요일,충청남도 당진시 송악읍,경상사고,0,0,1,0,차대차 - 측면충돌,안전운전불이행,건조,맑음,교차로 - 교차로안,이륜,남,55세,경상,승용,남,24세,상해없음
2017071100100460,2017년 7월 11일 18시,화요일,충청남도 금산군 진산면,중상사고,0,1,0,0,차대차 - 측면충돌,직진우회전진행방해,건조,맑음,교차로 - 교차로안,화물,남,54세,상해없음,승용,남,37세,중상
2017071100100499,2017년 7월 11일 19시,화요일,충청남도 논산시 연무읍,중상사고,0,1,0,0,차대사람 - 횡단중,안전운전불이행,건조,맑음,단일로 - 기타,승용,남,27세,상해없음,보행자,여,75세,중상
2017071100100530,2017년 7월 11일 20시,화요일,충청남도 천안시 서북구 백석동,경상사고,0,0,2,0,차대차 - 측면충돌,신호위반,건조,맑음,교차로 - 교차로안,승용,남,47세,상해없음,승용,남,32세,경상
2017071100100531,2017년 7월 11일 20시,화요일,충청남도 부여군 남면,중상사고,0,1,0,0,차량단독 - 기타,안전운전불이행,건조,맑음,교차로 - 교차로부근,자전거,여,48세,중상,,,,
2017071100100566,2017년 7월 11일 21시,화요일,충청남도 천안시 서북구 두정동,경상사고,0,0,1,0,차대차 - 기타,안전운전불이행,건조,맑음,단일로 - 기타,기타불명,남,54세,경상,승용,남,25세,상해없음
2017071100100567,2017년 7월 11일 21시,화요일,충청남도 천안시 서북구 백석동,경상사고,0,0,2,0,차대차 - 측면충돌,안전운전불이행,건조,맑음,교차로 - 교차로안,승용,여,52세,경상,승용,여,23세,경상
2017071100100568,2017년 7월 11일 21시,화요일,충청남도 당진시 신평면,경상사고,0,0,1,0,차대차 - 추돌,안전운전불이행,건조,맑음,교차로 - 교차로부근,승합,남,58세,상해없음,승용,여,57세,경상
2017071100100569,2017년 7월 11일 21시,화요일,충청남도 천안시 동남구 신방동,경상사고,0,0,2,0,차대차 - 정면충돌,안전운전불이행,건조,맑음,단일로 - 기타,이륜,남,16세,경상,승용,남,33세,경상
2017071100100570,2017년 7월 11일 21시,화요일,충청남도 당진시 송악읍,중상사고,0,1,1,0,차대차 - 추돌,안전운전불이행,젖음/습기,흐림,단일로 - 기타,승용,남,37세,상해없음,승용,남,52세,중상
2017071100100616,2017년 7월 11일 23시,화요일,충청남도 천안시 서북구 성거읍,경상사고,0,0,1,0,차대차 - 추돌,안전운전불이행,건조,맑음,단일로 - 기타,승용,남,38세,상해없음,화물,남,30세,상해없음
2017071100100618,2017년 7월 11일 23시,화요일,충청남도 당진시 읍내리,경상사고,0,0,2,0,차대차 - 측면충돌,안전운전불이행,건조,맑음,교차로 - 교차로안,승용,남,41세,상해없음,승용,남,47세,경상
2017071100100619,2017년 7월 11일 23시,화요일,충청남도 당진시 채운동,경상사고,0,0,1,0,차대차 - 측면충돌,신호위반,건조,맑음,교차로 - 교차로안,화물,남,59세,상해없음,승용,남,28세,경상
2017071200100035,2017년 7월 12일 02시,수요일,충청남도 천안시 서북구 성정동,경상사고,0,0,1,0,차대차 - 기타,안전운전불이행,건조,맑음,단일로 - 기타,승용,남,48세,상해없음,승용,남,44세,경상
2017071200100053,2017년 7월 12일 04시,수요일,충청남도 천안시 서북구 성환읍,경상사고,0,0,1,0,차대차 - 추돌,안전운전불이행,건조,맑음,단일로 - 기타,승용,남,56세,상해없음,승용,여,49세,경상
2017071200100061,2017년 7월 12일 05시,수요일,충청남도 천안시 서북구 성정동,중상사고,0,1,1,0,차대차 - 정면충돌,중앙선침범,건조,맑음,단일로 - 기타,승용,남,21세,상해없음,승용,남,45세,중상
2017071200100077,2017년 7월 12일 06시,수요일,충청남도 논산시 연무읍,경상사고,0,0,2,0,차대차 - 측면충돌,안전운전불이행,건조,맑음,교차로 - 교차로안,승용,남,31세,경상,화물,남,48세,상해없음
2017071200100093,2017년 7월 12일 07시,수요일,충청남도 천안시 서북구 성거읍,중상사고,0,2,9,0,차대차 - 측면충돌,과속,건조,맑음,단일로 - 기타,승용,남,38세,상해없음,승합,남,61세,경상
2017071200100127,2017년 7월 12일 08시,수요일,충청남도 당진시 읍내리,경상사고,0,0,2,0,차대차 - 추돌,안전운전불이행,건조,맑음,교차로 - 교차로부근,승용,남,46세,상해없음,승용,남,26세,경상
2017071200100184,2017년 7월 12일 10시,수요일,충청남도 천안시 서북구 차암동,경상사고,0,0,2,0,차대차 - 기타,직진우회전진행방해,건조,맑음,교차로 - 교차로안,승용,남,29세,상해없음,승합,남,59세,경상
2017071200100185,2017년 7월 12일 10시,수요일,충청남도 홍성군 광천읍,사망사고,1,0,0,0,철길건널목 - 철길건널목,기타,기타,맑음,단일로 - 철길건널목,자전거,남,65세,사망,기타불명,남,54세,상해없음
2017071200100186,2017년 7월 12일 10시,수요일,충청남도 금산군 남일면,경상사고,0,0,3,0,차대차 - 정면충돌,중앙선침범,건조,맑음,단일로 - 기타,승용,남,74세,상해없음,화물,남,53세,경상
2017071200100187,2017년 7월 12일 10시,수요일,충청남도 천안시 동남구 다가동,경상사고,0,0,1,0,차대차 - 추돌,안전운전불이행,건조,흐림,단일로 - 기타,승용,남,56세,상해없음,승용,여,50세,경상
2017071200100216,2017년 7월 12일 11시,수요일,충청남도 서산시 동문동,경상사고,0,0,1,0,차대차 - 기타,안전운전불이행,건조,맑음,단일로 - 기타,승용,남,24세,상해없음,승합,남,55세,상해없음
2017071200100237,2017년 7월 12일 12시,수요일,충청남도 당진시 합덕읍,부상신고사고,0,0,0,1,차량단독 - 전도전복 - 전도,안전운전불이행,젖음/습기,흐림,단일로 - 기타,이륜,남,37세,부상신고,,,,
2017071200100294,2017년 7월 12일 14시,수요일,충청남도 천안시 서북구 신당동,중상사고,0,1,0,0,차대사람 - 횡단중,안전운전불이행,건조,맑음,단일로 - 기타,승합,여,36세,상해없음,보행자,남,83세,중상
2017071200100295,2017년 7월 12일 14시,수요일,충청남도 보령시 대천동,경상사고,0,0,1,0,차대차 - 정면충돌,안전운전불이행,건조,맑음,교차로 - 교차로안,승용,여,50세,상해없음,자전거,남,9세,경상