사고번호,사고일시,요일,시군구,사고내용,사망자수,중상자수,경상자수,부상신고자수,사고유형,법규위반,노면상태,기상상태,도로형태,가해운전자 차종,가해운전자 성별,가해운전자 연령,가해운전자 상해정도,피해운전자 차종,피해운전자 성별,피해운전자 연령,피해운전자 상해정도
2017071200100324,2017년 7월 12일 15시,수요일,충청남도 서산시 운산면,경상사고,0,0,1,0,차대차 - 측면충돌,안전운전불이행,건조,맑음,단일로 - 기타,특수,남,49세,상해없음,승용,남,55세,경상
2017071200100325,2017년 7월 12일 15시,수요일,충청남도 서천군 서천읍,중상사고,0,1,0,0,차대차 - 측면충돌,직진우회전진행방해,건조,맑음,교차로 - 교차로안,이륜,남,81세,중상,승용,남,53세,상해없음
2017071200100326,2017년 7월 12일 15시,수요일,충청남도 천안시 동남구 신부동,중상사고,0,1,0,0,차대사람 - 횡단중,안전운전불이행,건조,맑음,단일로 - 기타,승용,남,59세,상해없음,보행자,여,72세,중상
2017071200100358,2017년 7월 12일 16시,수요일,충청남도 홍성군 광천읍,경상사고,0,0,1,0,차대차 - 측면충돌,안전운전불이행,건조,맑음,교차로 - 교차로안,이륜,남,76세,경상,화물,남,76세,상해없음
2017071200100359,2017년 7월 12일 16시,수요일,충청남도 보령시 명천동,경상사고,0,0,2,0,차대차 - 측면충돌,차로위반,건조,맑음,단일로 - 기타,화물,남,60세,상해없음,승용,남,34세,경상
2017071200100360,2017년 7월 12일 16시,수요일,충청남도 청양군 대치면,중상사고,0,1,0,0,차대차 - 추돌,안전운전불이행,건조,맑음,교차로 - 교차로부근,화물,남,60세,상해없음,승용,남,56세,중상
2017071200100405,2017년 7월 12일 17시,수요일,충청남도 서산시 석남동,중상사고,0,3,2,0,차대차 - 정면충돌,차로위반,건조,맑음,단일로 - 기타,승용,남,58세,상해없음,승용,여,37세,중상
2017071200100406,2017년 7월 12일 17시,수요일,충청남도 논산시 대교동,중상사고,0,1,0,0,차대차 - 추돌,안전운전불이행,건조,맑음,단일로 - 기타,승용,여,54세,상해없음,자전거,남,69세,중상
2017071200100408,2017년 7월 12일 17시,수요일,충청남도 금산군 금산읍,사망사고,1,0,0,0,차대사람 - 횡단중,안전운전불이행,건조,맑음,교차로 - 교차로안,화물,여,56세,상해없음,보행자,여,70세,사망
2017071200100409,2017년 7월 12일 17시,수요일,충청남도 천안시 동남구 신부동,경상사고,0,0,2,0,차대차 - 추돌,안전운전불이행,건조,맑음,교차로 - 교차로안,이륜,남,18세,경상,승용,여,45세,경상
2017071200100459,2017년 7월 12일 18시,수요일,충청남도 천안시 서북구 차암동,경상사고,0,0,1,0,차대차 - 측면충돌,안전운전불이행,건조,맑음,단일로 - 기타,승용,남,37세,상해없음,승용,남,40세,경상
2017071200100460,2017년 7월 12일 18시,수요일,충청남도 홍성군 광천읍,경상사고,0,0,1,0,차대차 - 측면충돌,안전운전불이행,건조,맑음,단일로 - 기타,화물,남,47세,상해없음,이륜,남,16세,경상
2017071200100542,2017년 7월 12일 20시,수요일,충청남도 아산시 탕정면,경상사고,0,0,1,0,차대차 - 추돌,안전운전불이행,건조,맑음,교차로 - 교차로부근,승용,남,53세,상해없음,승용,남,36세,경상
2017071200100596,2017년 7월 12일 22시,수요일,충청남도 천안시 서북구 불당동,경상사고,0,0,2,0,차대차 - 기타,중앙선침범,건조,맑음,교차로 - 교차로부근,승용,남,42세,상해없음,승용,남,29세,경상
2017071200100597,2017년 7월 12일 22시,수요일,충청남도 논산시 취암동,중상사고,0,1,0,0,차대차 - 기타,신호위반,건조,맑음,교차로 - 교차로안,승용,여,45세,상해없음,이륜,남,34세,중상
2017071200100628,2017년 7월 12일 23시,수요일,충청남도 예산군 광시면,중상사고,0,1,0,0,차량단독 - 공작물충돌,안전운전불이행,건조,맑음,단일로 - 기타,승용,남,27세,중상,,,,
2017071200100629,2017년 7월 12일 23시,수요일,충청남도 당진시 송산면,중상사고,0,1,0,1,차대차 - 정면충돌,안전운전불이행,건조,맑음,교차로 - 교차로안,승용,남,57세,부상신고,승용,남,42세,중상
2017071300100032,2017년 7월 13일 00시,목요일,충청남도 서천군 장항읍,경상사고,0,0,2,0,차대차 - 측면충돌,안전운전불이행,건조,맑음,교차로 - 교차로부근,승용,여,36세,경상,승용,여,43세,경상
2017071300100045,2017년 7월 13일 01시,목요일,충청남도 천안시 동남구 신부동,중상사고,0,1,1,0,차대차 - 추돌,안전운전불이행,건조,맑음,단일로 - 기타,승용,남,59세,상해없음,승용,남,40세,경상
2017071300100094,2017년 7월 13일 07시,목요일,충청남도 아산시 온천동,부상신고사고,0,0,0,1,차대차 - 측면충돌,안전운전불이행,건조,맑음,단일로 - 기타,자전거,남,53세,부상신고,승용,여,33세,상해없음
2017071300100095,2017년 7월 13일 07시,목요일,충청남도 청양군 청양읍,경상사고,0,0,2,0,차대차 - 측면충돌,중앙선침범,건조,맑음,단일로 - 기타,승용,남,54세,경상,승용,남,65세,경상
2017071300100150,2017년 7월 13일 09시,목요일,충청남도 서산시 온석동,중상사고,0,2,0,0,차대차 - 측면충돌,차로위반,건조,맑음,단일로 - 기타,화물,남,63세,상해없음,승용,여,44세,중상
2017071300100151,2017년 7월 13일 09시,목요일,충청남도 천안시 서북구 백석동,경상사고,0,0,1,0,차대차 - 추돌,안전운전불이행,건조,맑음,교차로 - 교차로부근,승용,남,44세,상해없음,승용,여,34세,경상
2017071300100152,2017년 7월 13일 09시,목요일,충청남도 공주시 이인면,경상사고,0,0,4,0,차대차 - 정면충돌,안전운전불이행,건조,맑음,교차로 - 교차로안,승용,여,62세,경상,승합,남,57세,경상
2017071300100181,2017년 7월 13일 10시,목요일,충청남도 서산시 예천동,중상사고,0,1,0,0,차대차 - 추돌,안전운전불이행,건조,맑음,단일로 - 기타,승용,남,63세,상해없음,이륜,남,79세,중상
2017071300100182,2017년 7월 13일 10시,목요일,충청남도 보령시 웅천읍,중상사고,0,1,0,0,차대사람 - 횡단중,안전운전불이행,건조,맑음,교차로 - 교차로횡단보도내,승용,여,47세,상해없음,보행자,여,64세,중상
2017071300100240,2017년 7월 13일 12시,목요일,충청남도 천안시 서북구 쌍용동,경상사고,0,0,1,0,차대차 - 측면충돌,안전거리미확보,건조,맑음,단일로 - 기타,승용,남,68세,상해없음,승용,여,45세,경상
2017071300100301,2017년 7월 13일 14시,목요일,충청남도 천안시 서북구 백석동,경상사고,0,0,2,0,차대차 - 추돌,안전운전불이행,건조,맑음,단일로 - 기타,승용,여,55세,상해없음,승용,여,40세,경상
2017071300100302,2017년 7월 13일 14시,목요일,충청남도 공주시 신관동,경상사고,0,0,1,0,차대사람 - 횡단중,보행자보호의무위반,건조,맑음,단일로 - 기타,화물,여,48세,상해없음,보행자,여,57세,경상
2017071300100335,2017년 7월 13일 15시,목요일,충청남도 서산시 예천동,경상사고,0,0,1,0,차대차 - 측면충돌,안전운전불이행,건조,맑음,단일로 - 기타,원동기,여,52세,경상,승용,여,54세,상해없음
2017071300100336,2017년 7월 13일 15시,목요일,충청남도 당진시 송악읍,중상사고,0,1,0,0,차대사람 - 횡단중,안전운전불이행,건조,맑음,단일로 - 기타,승용,남,59세,상해없음,보행자,남,51세,중상
2017071300100362,2017년 7월 13일 16시,목요일,충청남도 천안시 동남구 광덕면,경상사고,0,0,2,0,차대차 - 추돌,안전운전불이행,건조,맑음,단일로 - 터널,화물,남,44세,상해없음,승용,여,27세,경상
2017071300100427,2017년 7월 13일 18시,목요일,충청남도 아산시 권곡동,중상사고,0,1,0,0,차대사람 - 횡단중,안전운전불이행,건조,맑음,교차로 - 교차로부근,승용,여,35세,상해없음,보행자,남,5세,중상
2017071300100428,2017년 7월 13일 18시,목요일,충청남도 당진시 합덕읍,경상사고,0,0,1,0,차대차 - 측면충돌,교차로운행방법위반,건조,흐림,교차로 - 교차로안,승용,남,66세,상해없음,승용,여,66세,경상
2017071300100429,2017년 7월 13일 18시,목요일,충청남도 청양군 청양읍,경상사고,0,0,2,0,차대차 - 측면충돌,안전운전불이행,건조,맑음,단일로 - 기타,승용,남,70세,상해없음,화물,남,34세,상해없음
2017071300100430,2017년 7월 13일 18시,목요일,충청남도 천안시 동남구 목천읍,경상사고,0,0,1,0,차대차 - 기타,안전운전불이행,건조,맑음,기타 - 기타,승용,여,51세,경상,특수,남,39세,상해없음
2017071300100522,2017년 7월 13일 21시,목요일,충청남도 천안시 동남구 구성동,중상사고,0,1,3,0,차대차 - 추돌,안전운전불이행,건조,맑음,교차로 - 교차로부근,화물,남,58세,상해없음,승용,여,38세,중상
2017071300100549,2017년 7월 13일 22시,목요일,충청남도 공주시 신관동,중상사고,0,1,2,0,차대차 - 정면충돌,신호위반,건조,맑음,교차로 - 교차로안,승용,남,29세,경상,승용,남,50세,경상
2017071300100550,2017년 7월 13일 22시,목요일,충청남도 당진시 읍내리,중상사고,0,1,0,0,차대사람 - 횡단중,안전운전불이행,건조,맑음,단일로 - 기타,승용,남,65세,상해없음,보행자,남,56세,중상
2017071300100551,2017년 7월 13일 22시,목요일,충청남도 천안시 동남구 삼룡동,경상사고,0,0,1,0,차대차 - 추돌,신호위반,건조,맑음,교차로 - 교차로안,승용,남,51세,상해없음,화물,남,51세,경상
2017071300100582,2017년 7월 13일 23시,목요일,충청남도 천안시 서북구 입장면,경상사고,0,0,1,0,차대차 - 기타,안전거리미확보,건조,맑음,단일로 - 기타,승용,남,37세,상해없음,화물,남,55세,경상
2017071300100583,2017년 7월 13일 23시,목요일,충청남도 아산시 음봉면,경상사고,0,0,4,0,차대차 - 정면충돌,중앙선침범,건조,맑음,교차로 - 교차로부근,승용,남,30세,상해없음,승용,남,36세,경상
2017071300100584,2017년 7월 13일 23시,목요일,충청남도 아산시 방축동,중상사고,0,1,1,0,차대차 - 측면충돌,안전운전불이행,건조,맑음,교차로 - 교차로안,승용,남,29세,상해없음,승용,남,43세,경상
2017071300100585,2017년 7월 13일 23시,목요일,충청남도 청양군 정산면,경상사고,0,0,4,0,차대차 - 측면충돌,신호위반,건조,맑음,교차로 - 교차로안,승용,남,27세,경상,승용,남,62세,경상
2017071400100047,2017년 7월 14일 02시,금요일,충청남도 천안시 동남구 신방동,경상사고,0,0,1,0,차대차 - 측면충돌,안전운전불이행,건조,맑음,단일로 - 기타,승용,남,25세,상해없음,화물,남,42세,기타불명
2017071400100062,2017년 7월 14일 04시,금요일,충청남도 논산시 성동면,중상사고,0,1,1,0,차대차 - 추돌,안전운전불이행,건조,맑음,교차로 - 교차로부근,승용,남,25세,상해없음,승용,남,31세,중상
2017071400100087,2017년 7월 14일 06시,금요일,충청남도 천안시 서북구 성환읍,경상사고,0,0,1,0,차대차 - 기타,교차로운행방법위반,건조,맑음,교차로 - 교차로안,이륜,여,75세,경상,승용,남,66세,상해없음
2017071400100101,2017년 7월 14일 07시,금요일,충청남도 태안군 소원면,중상사고,0,2,0,0,차대차 - 측면충돌,안전운전불이행,건조,맑음,교차로 - 교차로안,승용,여,71세,중상,승용,남,70세,상해없음
2017071400100135,2017년 7월 14일 08시,금요일,충청남도 서산시 예천동,경상사고,0,0,1,0,차대차 - 측면충돌,안전거리미확보,건조,맑음,단일로 - 기타,승용,남,39세,상해없음,이륜,남,70세,경상
2017071400100136,2017년 7월 14일 08시,금요일,충청남도 서천군 마서면,경상사고,0,0,1,0,차대차 - 추돌,안전거리미확보,건조,맑음,교차로 - 교차로부근,승용,남,40세,상해없음,승용,여,44세,경상
2017071400100137,2017년 7월 14일 08시,금요일,충청남도 공주시 이인면,중상사고,0,2,1,0,차대차 - 측면충돌,안전운전불이행,건조,맑음,교차로 - 교차로부근,승용,여,55세,중상,승용,여,30세,경상
2017071400100164,2017년 7월 14일 09시,금요일,충청남도 홍성군 광천읍,경상사고,0,0,1,0,차대사람 - 횡단중,안전운전불이행,건조,맑음,단일로 - 기타,화물,남,49세,상해없음,보행자,남,78세,경상
2017071400100165,2017년 7월 14일 09시,금요일,충청남도 예산군 오가면,경상사고,0,0,2,0,차대차 - 추돌,안전거리미확보,건조,맑음,단일로 - 기타,승용,남,24세,상해없음,승용,남,47세,경상
2017071400100229,2017년 7월 14일 11시,금요일,충청남도 홍성군 홍성읍,중상사고,0,2,1,0,차량단독 - 전도전복,안전운전불이행,건조,맑음,단일로 - 기타,승용,여,65세,경상,미분류,미분류,미분류,미분류
2017071400100273,2017년 7월 14일 13시,금요일,충청남도 공주시 신관동,경상사고,0,0,1,0,차대사람 - 기타,안전운전불이행,건조,맑음,단일로 - 기타,화물,남,74세,기타불명,보행자,남,62세,경상
2017071400100274,2017년 7월 14일 13시,금요일,충청남도 청양군 청양읍,경상사고,0,0,3,0,차대차 - 추돌,안전운전불이행,건조,맑음,교차로 - 교차로부근,승용,남,45세,경상,승용,남,64세,상해없음
2017071400100300,2017년 7월 14일 14시,금요일,충청남도 예산군 광시면,중상사고,0,1,0,0,차대사람 - 기타,안전운전불이행,건조,맑음,단일로 - 기타,승용,여,47세,상해없음,보행자,남,51세,중상
2017071400100301,2017년 7월 14일 14시,금요일,충청남도 천안시 동남구 광덕면,경상사고,0,0,2,0,차대차 - 추돌,안전운전불이행,건조,맑음,단일로 - 기타,승용,남,22세,상해없음,승용,남,26세,경상
2017071400100335,2017년 7월 14일 15시,금요일,충청남도 당진시 원당리,경상사고,0,0,1,0,차대차 - 기타,안전운전불이행,건조,맑음,단일로 - 기타,자전거,남,11세,경상,승용,여,50세,상해없음
2017071400100336,2017년 7월 14일 15시,금요일,충청남도 천안시 동남구 풍세면,경상사고,0,0,2,0,차대차 - 정면충돌,직진우회전진행방해,건조,맑음,교차로 - 교차로안,승용,남,33세,상해없음,승용,남,43세,경상
2017071400100373,2017년 7월 14일 16시,금요일,충청남도 공주시 유구읍,중상사고,0,1,0,0,차량단독 - 전도전복,안전운전불이행,건조,맑음,단일로 - 기타,이륜,남,66세,중상,미분류,미분류,미분류,미분류
2017071400100374,2017년 7월 14일 16시,금요일,충청남도 천안시 동남구 다가동,경상사고,0,0,1,0,차대차 - 추돌,안전운전불이행,건조,맑음,단일로 - 기타,기타불명,기타불명,미분류,기타불명,승용,여,31세,경상
2017071400100448,2017년 7월 14일 18시,금요일,충청남도 천안시 서북구 두정동,중상사고,0,1,0,0,차대사람 - 횡단중,안전운전불이행,건조,맑음,단일로 - 기타,승용,남,34세,상해없음,보행자,남,61세,중상
2017071400100449,2017년 7월 14일 18시,금요일,충청남도 아산시 배방읍,중상사고,0,1,2,0,차대차 - 추돌,안전운전불이행,젖음/습기,흐림,단일로 - 기타,화물,남,41세,상해없음,승용,여,41세,중상
2017071400100450,2017년 7월 14일 18시,금요일,충청남도 당진시 송산면,경상사고,0,0,4,0,차대차 - 정면충돌,신호위반,건조,맑음,교차로 - 교차로안,화물,남,62세,경상,승용,남,34세,경상
2017071400100485,2017년 7월 14일 19시,금요일,충청남도 서산시 예천동,경상사고,0,0,1,0,차대차 - 측면충돌,불법유턴,건조,맑음,단일로 - 기타,승합,여,49세,상해없음,화물,남,54세,경상
2017071400100486,2017년 7월 14일 19시,금요일,충청남도 천안시 동남구 목천읍,경상사고,0,0,1,0,차대차 - 측면충돌,불법유턴,건조,맑음,기타 - 기타,승용,여,58세,기타불명,승합,남,35세,경상
2017071400100521,2017년 7월 14일 20시,금요일,충청남도 예산군 덕산면,경상사고,0,0,4,0,차대차 - 추돌,안전거리미확보,건조,맑음,단일로 - 기타,승용,남,35세,상해없음,승용,남,31세,경상
2017071400100595,2017년 7월 14일 22시,금요일,충청남도 논산시 내동,중상사고,0,1,1,0,차대사람 - 횡단중,보행자보호의무위반,젖음/습기,비,교차로 - 교차로횡단보도내,승용,남,21세,상해없음,보행자,여,39세,중상
2017071500100025,2017년 7월 15일 00시,토요일,충청남도 천안시 서북구 직산읍,중상사고,0,1,1,0,차대사람 - 횡단중,안전운전불이행,건조,맑음,단일로 - 기타,승용,남,25세,상해없음,보행자,남,28세,중상
2017071500100026,2017년 7월 15일 00시,토요일,충청남도 공주시 우성면,경상사고,0,0,1,0,차대차 - 정면충돌,신호위반,젖음/습기,비,교차로 - 교차로안,승용,남,34세,상해없음,승용,여,37세,경상
2017071500100064,2017년 7월 15일 02시,토요일,충청남도 천안시 서북구 성정동,경상사고,0,0,1,0,차대차 - 측면충돌,안전운전불이행,건조,흐림,교차로 - 교차로안,승용,남,27세,상해없음,승용,남,31세,경상
2017071500100113,2017년 7월 15일 05시,토요일,충청남도 천안시 서북구 직산읍,경상사고,0,0,1,0,차대차 - 기타,안전운전불이행,젖음/습기,비,단일로 - 기타,승용,남,34세,상해없음,승용,남,34세,상해없음
2017071500100114,2017년 7월 15일 05시,토요일,충청남도 아산시 인주면,중상사고,0,1,0,0,차대차 - 정면충돌,중앙선침범,건조,맑음,단일로 - 기타,승용,남,29세,상해없음,승용,남,45세,중상
2017071500100125,2017년 7월 15일 06시,토요일,충청남도 당진시 합덕읍,중상사고,0,1,0,0,차량단독 - 공작물충돌,안전운전불이행,젖음/습기,비,단일로 - 기타,승용,여,48세,중상,,,,
2017071500100141,2017년 7월 15일 07시,토요일,충청남도 천안시 동남구 청당동,경상사고,0,0,1,0,차대차 - 추돌,안전운전불이행,젖음/습기,맑음,기타 - 기타,승용,남,24세,상해없음,화물,남,31세,경상
2017071500100159,2017년 7월 15일 08시,토요일,충청남도 아산시 온천동,중상사고,0,1,0,0,차대사람 - 횡단중,안전운전불이행,건조,맑음,교차로 - 교차로횡단보도내,승용,여,45세,상해없음,보행자,남,71세,중상
2017071500100160,2017년 7월 15일 08시,토요일,충청남도 예산군 봉산면,경상사고,0,0,2,0,차대차 - 측면충돌,중앙선침범,건조,맑음,교차로 - 교차로부근,승용,남,49세,상해없음,승합,여,53세,경상
2017071500100198,2017년 7월 15일 10시,토요일,충청남도 논산시 취암동,경상사고,0,0,1,0,차대차 - 기타,안전운전불이행,건조,맑음,교차로 - 교차로안,자전거,남,59세,경상,승용,남,51세,상해없음
2017071500100199,2017년 7월 15일 10시,토요일,충청남도 예산군 예산읍,중상사고,0,1,0,0,차대차 - 측면충돌,직진우회전진행방해,건조,흐림,교차로 - 교차로안,승용,여,68세,상해없음,이륜,남,66세,중상
2017071500100200,2017년 7월 15일 10시,토요일,충청남도 천안시 동남구 대흥동,경상사고,0,0,1,0,차대사람 - 횡단중,보행자보호의무위반,건조,맑음,단일로 - 기타,승용,남,28세,상해없음,보행자,남,77세,경상
2017071500100359,2017년 7월 15일 15시,토요일,충청남도 예산군 예산읍,경상사고,0,0,1,0,차대차 - 기타,직진우회전진행방해,건조,흐림,교차로 - 교차로안,승용,남,69세,상해없음,원동기,남,36세,경상
2017071500100388,2017년 7월 15일 16시,토요일,충청남도 아산시 음봉면,사망사고,1,0,1,0,차대차 - 정면충돌,중앙선침범,건조,흐림,단일로 - 기타,화물,남,48세,사망,화물,남,23세,경상
2017071500100389,2017년 7월 15일 16시,토요일,충청남도 천안시 동남구 수신면,경상사고,0,0,8,0,차대차 - 추돌,안전운전불이행,건조,맑음,단일로 - 기타,승용,남,30세,경상,승용,남,52세,상해없음
2017071500100428,2017년 7월 15일 17시,토요일,충청남도 논산시 연무읍,중상사고,0,1,0,0,차대사람 - 기타,안전운전불이행,건조,맑음,단일로 - 기타,화물,남,57세,상해없음,보행자,여,89세,중상
2017071500100429,2017년 7월 15일 17시,토요일,충청남도 보령시 궁촌동,경상사고,0,0,2,0,차대차 - 측면충돌,안전운전불이행,건조,맑음,단일로 - 기타,승용,여,43세,상해없음,승용,남,46세,경상
2017071500100521,2017년 7월 15일 20시,토요일,충청남도 천안시 서북구 직산읍,경상사고,0,0,1,0,차대차 - 기타,안전운전불이행,건조,맑음,교차로 - 교차로부근,원동기,남,29세,상해없음,기타불명,여,75세,경상
2017071500100613,2017년 7월 15일 23시,토요일,충청남도 서산시 읍내동,부상신고사고,0,0,0,1,차대사람 - 횡단중,안전운전불이행,건조,맑음,단일로 - 기타,기타불명,기타불명,미분류,기타불명,보행자,남,22세,부상신고
2017071600100023,2017년 7월 16일 00시,일요일,충청남도 보령시 신흑동,경상사고,0,0,1,0,차대사람 - 횡단중,안전운전불이행,건조,맑음,단일로 - 기타,승용,남,18세,상해없음,보행자,여,23세,경상
2017071600100041,2017년 7월 16일 01시,일요일,충청남도 예산군 예산읍,중상사고,0,4,0,0,차대차 - 기타,과속,젖음/습기,비,교차로 - 교차로부근,승용,남,26세,중상,승용,남,43세,상해없음
2017071600100058,2017년 7월 16일 02시,일요일,충청남도 천안시 서북구 두정동,경상사고,0,0,2,0,차대차 - 측면충돌,안전운전불이행,젖음/습기,흐림,단일로 - 기타,승용,남,23세,상해없음,승용,여,24세,경상
2017071600100075,2017년 7월 16일 03시,일요일,충청남도 천안시 서북구 부대동,중상사고,0,1,2,0,차대차 - 기타,안전운전불이행,건조,맑음,단일로 - 기타,승용,남,55세,상해없음,농기계,남,80세,중상
2017071600100101,2017년 7월 16일 05시,일요일,충청남도 천안시 서북구 두정동,경상사고,0,0,2,0,차대차 - 측면충돌,안전운전불이행,젖음/습기,비,교차로 - 교차로안,승용,남,28세,상해없음,승용,남,23세,경상
2017071600100110,2017년 7월 16일 06시,일요일,충청남도 천안시 서북구 성정동,경상사고,0,0,4,0,차대차 - 기타,중앙선침범,젖음/습기,비,교차로 - 교차로부근,승용,남,20세,상해없음,승용,여,56세,경상
2017071600100117,2017년 7월 16일 07시,일요일,충청남도 아산시 음봉면,중상사고,0,1,0,0,차대사람 - 기타,과속,젖음/습기,비,단일로 - 기타,승용,남,48세,상해없음,보행자,남,62세,중상
2017071600100118,2017년 7월 16일 07시,일요일,충청남도 아산시 인주면,경상사고,0,0,1,0,차량단독 - 전도전복 - 전도,안전운전불이행,젖음/습기,비,단일로 - 기타,승용,남,26세,경상,,,,
2017071600100130,2017년 7월 16일 08시,일요일,충청남도 천안시 서북구 두정동,경상사고,0,0,4,0,차대차 - 기타,신호위반,젖음/습기,비,교차로 - 교차로안,승용,남,56세,상해없음,승용,여,41세,경상
2017071600100141,2017년 7월 16일 09시,일요일,충청남도 천안시 서북구 성정동,경상사고,0,0,2,0,차대차 - 추돌,안전운전불이행,젖음/습기,비,교차로 - 교차로부근,승용,남,39세,상해없음,승용,남,34세,경상
2017071600100216,2017년 7월 16일 12시,일요일,충청남도 천안시 서북구 두정동,경상사고,0,0,1,2,차대차 - 측면충돌,교차로운행방법위반,젖음/습기,비,교차로 - 교차로안,승용,남,22세,부상신고,승합,남,55세,상해없음
2017071600100217,2017년 7월 16일 12시,일요일,충청남도 청양군 정산면,경상사고,0,0,3,0,차대차 - 측면충돌,신호위반,건조,맑음,교차로 - 교차로안,승합,남,52세,상해없음,화물,남,65세,경상
2017071600100243,2017년 7월 16일 13시,일요일,충청남도 서산시 예천동,경상사고,0,0,4,0,차대차 - 정면충돌,교차로운행방법위반,젖음/습기,흐림,교차로 - 교차로안,승용,남,25세,상해없음,승용,남,38세,경상
2017071600100264,2017년 7월 16일 14시,일요일,충청남도 태안군 안면읍,경상사고,0,0,1,0,차대차 - 측면충돌,안전운전불이행,건조,맑음,단일로 - 기타,농기계,남,75세,경상,승합,남,55세,상해없음
2017071600100265,2017년 7월 16일 14시,일요일,충청남도 아산시 인주면,중상사고,0,1,2,0,차대차 - 정면충돌,중앙선침범,건조,맑음,기타 - 기타,승용,남,30세,상해없음,승용,남,47세,중상
2017071600100266,2017년 7월 16일 14시,일요일,충청남도 예산군 예산읍,중상사고,0,1,4,0,차대차 - 측면충돌,신호위반,젖음/습기,흐림,교차로 - 교차로안,승용,여,52세,상해없음,승용,남,63세,경상
2017071600100295,2017년 7월 16일 15시,일요일,충청남도 논산시 연산면,경상사고,0,0,1,0,차대차 - 측면충돌,신호위반,건조,맑음,교차로 - 교차로안,이륜,남,74세,경상,화물,남,28세,상해없음
2017071600100296,2017년 7월 16일 15시,일요일,충청남도 서천군 기산면,사망사고,1,0,3,0,차대차 - 측면충돌,중앙선침범,건조,맑음,단일로 - 기타,화물,남,76세,사망,승합,남,58세,경상
2017071600100331,2017년 7월 16일 16시,일요일,충청남도 천안시 서북구 성환읍,경상사고,0,0,4,0,차대차 - 기타,중앙선침범,건조,맑음,기타 - 기타,승용,여,47세,상해없음,승용,남,58세,경상
2017071600100332,2017년 7월 16일 16시,일요일,충청남도 천안시 서북구 불당동,경상사고,0,0,3,0,차대차 - 추돌,안전운전불이행,건조,맑음,단일로 - 기타,승용,남,31세,상해없음,승용,여,32세,경상
2017071600100333,2017년 7월 16일 16시,일요일,충청남도 당진시 읍내리,경상사고,0,0,2,0,차대차 - 추돌,안전운전불이행,건조,흐림,교차로 - 교차로부근,승용,남,45세,상해없음,승용,남,47세,경상
2017071600100358,2017년 7월 16일 17시,일요일,충청남도 아산시 음봉면,중상사고,0,1,1,0,차대차 - 정면충돌,중앙선침범,건조,맑음,단일로 - 기타,승용,남,29세,상해없음,승용,남,25세,경상
2017071600100386,2017년 7월 16일 18시,일요일,충청남도 당진시 신평면,중상사고,0,1,0,0,차대차 - 추돌,기타,건조,맑음,단일로 - 기타,이륜,남,49세,중상,승용,여,54세,상해없음
2017071600100409,2017년 7월 16일 19시,일요일,충청남도 서산시 갈산동,중상사고,0,1,0,0,차량단독 - 전도전복,안전운전불이행,건조,흐림,단일로 - 기타,화물,남,53세,중상,미분류,미분류,미분류,미분류
2017071600100410,2017년 7월 16일 19시,일요일,충청남도 서산시 해미면,부상신고사고,0,0,0,1,차대사람 - 횡단중,안전운전불이행,건조,맑음,교차로 - 교차로횡단보도내,승용,남,55세,상해없음,보행자,남,26세,부상신고
2017071600100411,2017년 7월 16일 19시,일요일,충청남도 천안시 서북구 쌍용동,경상사고,0,0,1,1,차대차 - 기타,안전운전불이행,건조,맑음,단일로 - 기타,승합,남,46세,상해없음,승용,여,46세,경상
2017071600100441,2017년 7월 16일 20시,일요일,충청남도 보령시 신흑동,중상사고,0,1,0,0,차대사람 - 횡단중,안전운전불이행,건조,흐림,단일로 - 기타,이륜,남,20세,상해없음,보행자,남,53세,중상
2017071600100471,2017년 7월 16일 21시,일요일,충청남도 아산시 음봉면,중상사고,0,1,1,0,차대차 - 측면충돌,신호위반,건조,맑음,교차로 - 교차로안,승용,남,27세,상해없음,승용,남,27세,경상
2017071600100472,2017년 7월 16일 21시,일요일,충청남도 보령시 명천동,중상사고,0,1,0,0,차대차 - 정면충돌,신호위반,건조,맑음,교차로 - 교차로안,승용,여,30세,상해없음,승용,남,37세,중상
2017071600100495,2017년 7월 16일 22시,일요일,충청남도 서산시 대산읍,경상사고,0,0,1,0,차량단독 - 공작물충돌,안전운전불이행,침수,흐림,교차로 - 교차로안,승용,남,41세,경상,,,,
2017071600100496,2017년 7월 16일 22시,일요일,충청남도 천안시 동남구 신부동,경상사고,0,0,3,0,차대차 - 측면충돌,신호위반,건조,맑음,교차로 - 교차로안,승합,남,39세,경상,승합,남,58세,경상
2017071700100037,2017년 7월 17일 01시,월요일,충청남도 보령시 대천동,중상사고,0,1,0,0,차대차 - 측면충돌,안전운전불이행,건조,맑음,교차로 - 교차로부근,승용,남,46세,상해없음,승용,남,78세,중상
2017071700100038,2017년 7월 17일 01시,월요일,충청남도 천안시 동남구 목천읍,중상사고,0,1,0,0,차대차 - 기타,안전운전불이행,젖음/습기,흐림,단일로 - 기타,승용,남,41세,상해없음,자전거,여,40세,중상
2017071700100094,2017년 7월 17일 07시,월요일,충청남도 천안시 서북구 성환읍,중상사고,0,2,0,0,차량단독 - 전도전복,안전운전불이행,건조,맑음,단일로 - 기타,이륜,남,18세,중상,미분류,미분류,미분류,미분류