사고번호,사고일시,요일,시군구,사고내용,사망자수,중상자수,경상자수,부상신고자수,사고유형,법규위반,노면상태,기상상태,도로형태,가해운전자 차종,가해운전자 성별,가해운전자 연령,가해운전자 상해정도,피해운전자 차종,피해운전자 성별,피해운전자 연령,피해운전자 상해정도
2017072200100180,2017년 7월 22일 09시,토요일,충청남도 천안시 동남구 다가동,경상사고,0,0,1,0,차대차 - 측면충돌,안전운전불이행,건조,맑음,교차로 - 교차로안,원동기,남,48세,경상,승용,남,55세,상해없음
2017072200100195,2017년 7월 22일 10시,토요일,충청남도 홍성군 홍성읍,경상사고,0,0,1,0,차대차 - 측면충돌,안전운전불이행,건조,맑음,단일로 - 기타,승용,남,25세,상해없음,자전거,남,84세,경상
2017072200100196,2017년 7월 22일 10시,토요일,충청남도 아산시 권곡동,경상사고,0,0,1,0,차대사람 - 횡단중,보행자보호의무위반,건조,맑음,단일로 - 기타,승용,여,50세,상해없음,보행자,여,26세,경상
2017072200100197,2017년 7월 22일 10시,토요일,충청남도 천안시 동남구 수신면,중상사고,0,1,0,0,차대차 - 측면충돌,안전운전불이행,건조,흐림,단일로 - 기타,승용,남,26세,상해없음,승합,남,57세,중상
2017072200100230,2017년 7월 22일 11시,토요일,충청남도 서산시 예천동,경상사고,0,0,5,0,차대차 - 추돌,안전거리미확보,건조,흐림,교차로 - 교차로안,화물,남,51세,상해없음,승용,남,72세,경상
2017072200100231,2017년 7월 22일 11시,토요일,충청남도 태안군 태안읍,경상사고,0,0,3,0,차대차 - 측면충돌,신호위반,건조,흐림,교차로 - 교차로안,승용,여,70세,상해없음,승용,여,48세,경상
2017072200100232,2017년 7월 22일 11시,토요일,충청남도 금산군 군북면,경상사고,0,0,1,0,차대차 - 측면충돌,교차로운행방법위반,건조,맑음,교차로 - 교차로안,화물,남,63세,상해없음,승용,여,52세,경상
2017072200100273,2017년 7월 22일 12시,토요일,충청남도 아산시 배방읍,경상사고,0,0,1,0,차대차 - 기타,안전운전불이행,건조,맑음,교차로 - 교차로부근,승용,여,62세,상해없음,승용,여,39세,경상
2017072200100360,2017년 7월 22일 14시,토요일,충청남도 태안군 근흥면,경상사고,0,0,2,0,차대차 - 정면충돌,중앙선침범,건조,흐림,단일로 - 기타,승용,남,53세,상해없음,승용,남,31세,경상
2017072200100399,2017년 7월 22일 15시,토요일,충청남도 논산시 취암동,경상사고,0,0,1,0,차대차 - 측면충돌,안전거리미확보,건조,맑음,단일로 - 기타,승합,남,57세,상해없음,이륜,남,26세,경상
2017072200100431,2017년 7월 22일 16시,토요일,충청남도 천안시 동남구 원성동,중상사고,0,2,5,1,차대차 - 측면충돌,안전운전불이행,건조,맑음,단일로 - 기타,승용,남,80세,중상,승용,남,59세,경상
2017072200100509,2017년 7월 22일 18시,토요일,충청남도 서산시 대산읍,경상사고,0,0,1,0,차량단독 - 기타,안전운전불이행,건조,흐림,단일로 - 기타,승용,남,58세,상해없음,,,,
2017072200100510,2017년 7월 22일 18시,토요일,충청남도 천안시 동남구 수신면,중상사고,0,1,2,0,차대차 - 추돌,안전운전불이행,건조,맑음,단일로 - 기타,승용,남,59세,상해없음,승용,남,50세,상해없음
2017072200100552,2017년 7월 22일 19시,토요일,충청남도 서산시 예천동,경상사고,0,0,3,0,차대차 - 측면충돌,신호위반,건조,흐림,교차로 - 교차로안,이륜,남,16세,경상,승용,남,35세,경상
2017072200100553,2017년 7월 22일 19시,토요일,충청남도 천안시 서북구 두정동,경상사고,0,0,2,0,차대사람 - 기타,안전운전불이행,건조,맑음,단일로 - 기타,승용,여,23세,경상,보행자,여,20세,경상
2017072200100555,2017년 7월 22일 19시,토요일,충청남도 천안시 동남구 청당동,중상사고,0,1,0,0,차대사람 - 횡단중,보행자보호의무위반,건조,맑음,교차로 - 교차로안,승용,남,27세,상해없음,보행자,남,62세,중상
2017072200100590,2017년 7월 22일 20시,토요일,충청남도 논산시 광석면,경상사고,0,0,2,0,차대차 - 측면충돌,교차로운행방법위반,건조,맑음,교차로 - 교차로안,승용,남,53세,상해없음,승용,남,49세,경상
2017072200100614,2017년 7월 22일 21시,토요일,충청남도 공주시 산성동,경상사고,0,0,1,0,차대사람 - 횡단중,신호위반,건조,맑음,교차로 - 교차로안,이륜,남,18세,상해없음,보행자,남,59세,경상
2017072300100020,2017년 7월 23일 00시,일요일,충청남도 보령시 신흑동,경상사고,0,0,2,0,차대차 - 측면충돌,신호위반,건조,맑음,교차로 - 교차로안,승용,남,28세,상해없음,승용,남,24세,경상
2017072300100021,2017년 7월 23일 00시,일요일,충청남도 예산군 삽교읍,경상사고,0,0,1,0,차량단독 - 공작물충돌,안전운전불이행,건조,맑음,단일로 - 기타,승용,남,40세,상해없음,,,,
2017072300100042,2017년 7월 23일 01시,일요일,충청남도 부여군 부여읍,중상사고,0,1,0,0,차대사람 - 횡단중,안전운전불이행,건조,맑음,교차로 - 교차로안,이륜,남,17세,상해없음,보행자,남,50세,중상
2017072300100054,2017년 7월 23일 02시,일요일,충청남도 아산시 배방읍,중상사고,0,1,1,0,차대차 - 기타,안전운전불이행,건조,맑음,단일로 - 기타,승용,남,33세,상해없음,승용,남,61세,경상
2017072300100063,2017년 7월 23일 03시,일요일,충청남도 천안시 동남구 신부동,경상사고,0,0,1,0,차대차 - 측면충돌,신호위반,건조,맑음,교차로 - 교차로안,이륜,남,18세,상해없음,승용,남,65세,상해없음
2017072300100149,2017년 7월 23일 10시,일요일,충청남도 천안시 서북구 불당동,경상사고,0,0,1,0,차대차 - 기타,안전운전불이행,건조,맑음,교차로 - 교차로부근,승합,남,49세,상해없음,화물,남,52세,경상
2017072300100150,2017년 7월 23일 10시,일요일,충청남도 홍성군 홍성읍,경상사고,0,0,3,0,차대차 - 추돌,안전운전불이행,건조,맑음,단일로 - 기타,승용,남,53세,상해없음,승용,남,34세,경상
2017072300100174,2017년 7월 23일 11시,일요일,충청남도 금산군 남일면,중상사고,0,1,0,0,차대차 - 측면충돌,중앙선침범,건조,맑음,단일로 - 기타,승용,남,81세,상해없음,승용,남,27세,중상
2017072300100196,2017년 7월 23일 12시,일요일,충청남도 서산시 예천동,경상사고,0,0,1,0,차대차 - 추돌,안전운전불이행,건조,흐림,단일로 - 기타,이륜,남,16세,경상,승용,남,42세,상해없음
2017072300100197,2017년 7월 23일 12시,일요일,충청남도 논산시 성동면,중상사고,0,1,0,0,차대차 - 후진중충돌,안전운전불이행,건조,맑음,단일로 - 기타,화물,남,48세,상해없음,이륜,남,49세,중상
2017072300100198,2017년 7월 23일 12시,일요일,충청남도 천안시 동남구 신부동,경상사고,0,0,1,0,차대차 - 후진중충돌,안전운전불이행,건조,맑음,주차장 - 주차장,승합,여,45세,상해없음,승용,남,22세,경상
2017072300100226,2017년 7월 23일 13시,일요일,충청남도 아산시 둔포면,경상사고,0,0,2,0,차대차 - 정면충돌,안전운전불이행,건조,맑음,교차로 - 교차로안,승용,남,40세,상해없음,승용,남,60세,경상
2017072300100227,2017년 7월 23일 13시,일요일,충청남도 보령시 남곡동,경상사고,0,0,2,0,차대차 - 추돌,안전운전불이행,건조,맑음,단일로 - 기타,승용,남,27세,상해없음,승용,남,63세,경상
2017072300100295,2017년 7월 23일 16시,일요일,충청남도 천안시 서북구 성정동,중상사고,0,1,0,0,차대사람 - 횡단중,보행자보호의무위반,건조,맑음,교차로 - 교차로부근,화물,남,65세,상해없음,보행자,남,51세,중상
2017072300100326,2017년 7월 23일 17시,일요일,충청남도 서산시 수석동,중상사고,0,2,2,0,차대차 - 측면충돌,신호위반,건조,맑음,교차로 - 교차로안,승용,남,48세,경상,승용,남,45세,경상
2017072300100327,2017년 7월 23일 17시,일요일,충청남도 공주시 신풍면,경상사고,0,0,1,0,차대차 - 측면충돌,안전운전불이행,건조,맑음,교차로 - 교차로안,이륜,남,79세,경상,승용,남,51세,상해없음
2017072300100328,2017년 7월 23일 17시,일요일,충청남도 공주시 의당면,경상사고,0,0,1,0,차대차 - 측면충돌,신호위반,건조,맑음,교차로 - 교차로안,승용,남,32세,상해없음,화물,남,58세,경상
2017072300100329,2017년 7월 23일 17시,일요일,충청남도 공주시 의당면,경상사고,0,0,4,2,차대차 - 추돌,안전운전불이행,젖음/습기,흐림,단일로 - 교량,승합,남,38세,상해없음,승용,남,55세,경상
2017072300100347,2017년 7월 23일 18시,일요일,충청남도 공주시 금흥동,중상사고,0,1,2,0,차대차 - 추돌,안전운전불이행,건조,맑음,단일로 - 기타,승용,여,59세,상해없음,승용,여,45세,경상
2017072300100383,2017년 7월 23일 19시,일요일,충청남도 아산시 온천동,경상사고,0,0,1,0,차대차 - 추돌,안전운전불이행,건조,맑음,교차로 - 교차로안,기타불명,기타불명,미분류,기타불명,승용,남,56세,상해없음
2017072300100384,2017년 7월 23일 19시,일요일,충청남도 보령시 웅천읍,부상신고사고,0,0,0,1,차량단독 - 전도전복,안전운전불이행,건조,맑음,단일로 - 기타,승용,남,53세,부상신고,미분류,미분류,미분류,미분류
2017072300100434,2017년 7월 23일 21시,일요일,충청남도 천안시 서북구 성정동,경상사고,0,0,1,0,차대사람 - 횡단중,안전운전불이행,건조,맑음,교차로 - 교차로안,승용,여,53세,상해없음,보행자,여,44세,경상
2017072300100435,2017년 7월 23일 21시,일요일,충청남도 보령시 천북면,사망사고,2,0,0,0,차대사람 - 길가장자리구역통행중,안전운전불이행,건조,흐림,단일로 - 기타,승용,남,61세,상해없음,보행자,여,62세,사망
2017072300100468,2017년 7월 23일 23시,일요일,충청남도 천안시 서북구 불당동,사망사고,1,0,1,0,차량단독 - 공작물충돌,안전운전불이행,건조,맑음,단일로 - 기타,승용,남,27세,사망,,,,
2017072300100469,2017년 7월 23일 23시,일요일,충청남도 홍성군 홍성읍,중상사고,0,1,0,0,차대사람 - 기타,안전운전불이행,젖음/습기,맑음,주차장 - 주차장,승용,남,67세,상해없음,보행자,남,55세,중상
2017072400100036,2017년 7월 24일 00시,월요일,충청남도 아산시 염치읍,경상사고,0,0,2,0,차대차 - 기타,안전운전불이행,건조,맑음,교차로 - 교차로안,화물,남,37세,상해없음,승용,여,39세,경상
2017072400100062,2017년 7월 24일 03시,월요일,충청남도 천안시 동남구 청수동,중상사고,0,1,0,0,차대차 - 정면충돌,안전운전불이행,건조,맑음,교차로 - 교차로안,승합,남,42세,상해없음,승용,남,39세,중상
2017072400100097,2017년 7월 24일 07시,월요일,충청남도 서산시 갈산동,경상사고,0,0,1,0,차대차 - 추돌,안전운전불이행,건조,맑음,단일로 - 기타,승용,여,26세,상해없음,승용,남,33세,경상
2017072400100121,2017년 7월 24일 08시,월요일,충청남도 천안시 동남구 봉명동,경상사고,0,0,1,0,차대차 - 측면충돌,직진우회전진행방해,젖음/습기,흐림,교차로 - 교차로안,승용,여,22세,상해없음,승용,여,29세,경상
2017072400100163,2017년 7월 24일 09시,월요일,충청남도 서천군 장항읍,경상사고,0,0,1,0,차대차 - 측면충돌,교차로운행방법위반,건조,맑음,교차로 - 교차로안,승용,남,56세,상해없음,승용,여,63세,상해없음
2017072400100164,2017년 7월 24일 09시,월요일,충청남도 보령시 명천동,경상사고,0,0,1,0,차대사람 - 차도통행중,안전운전불이행,건조,맑음,교차로 - 교차로안,화물,남,65세,상해없음,보행자,남,57세,경상
2017072400100195,2017년 7월 24일 10시,월요일,충청남도 당진시 사기소리,경상사고,0,0,2,0,차대차 - 정면충돌,과속,젖음/습기,흐림,교차로 - 교차로안,화물,남,40세,경상,승합,남,46세,상해없음
2017072400100220,2017년 7월 24일 11시,월요일,충청남도 천안시 서북구 쌍용동,중상사고,0,1,0,0,차대차 - 기타,안전운전불이행,건조,맑음,교차로 - 교차로안,승용,여,45세,상해없음,이륜,남,76세,중상
2017072400100254,2017년 7월 24일 12시,월요일,충청남도 천안시 동남구 영성동,경상사고,0,0,1,0,차대사람 - 기타,안전운전불이행,건조,맑음,단일로 - 기타,승용,여,38세,상해없음,보행자,남,55세,경상
2017072400100277,2017년 7월 24일 13시,월요일,충청남도 논산시 노성면,중상사고,0,1,0,0,차대사람 - 횡단중,안전운전불이행,건조,맑음,교차로 - 교차로안,승용,남,28세,상해없음,보행자,여,74세,중상
2017072400100278,2017년 7월 24일 13시,월요일,충청남도 홍성군 홍성읍,경상사고,0,0,4,0,차대차 - 측면충돌,안전운전불이행,건조,맑음,교차로 - 교차로안,승용,여,58세,상해없음,승용,남,33세,경상
2017072400100304,2017년 7월 24일 14시,월요일,충청남도 천안시 서북구 쌍용동,경상사고,0,0,1,0,차대차 - 기타,안전거리미확보,젖음/습기,비,단일로 - 기타,기타불명,기타불명,미분류,기타불명,승합,남,43세,상해없음
2017072400100305,2017년 7월 24일 14시,월요일,충청남도 홍성군 광천읍,중상사고,0,1,0,0,차대사람 - 횡단중,안전운전불이행,건조,맑음,단일로 - 기타,승용,여,56세,상해없음,보행자,남,54세,중상
2017072400100306,2017년 7월 24일 14시,월요일,충청남도 서천군 서천읍,경상사고,0,0,3,0,차대차 - 추돌,안전거리미확보,건조,맑음,교차로 - 교차로부근,화물,남,42세,경상,화물,남,67세,경상
2017072400100339,2017년 7월 24일 15시,월요일,충청남도 천안시 서북구 성환읍,경상사고,0,0,1,0,차대차 - 측면충돌,신호위반,젖음/습기,비,교차로 - 교차로안,승용,남,27세,상해없음,승용,여,39세,경상
2017072400100340,2017년 7월 24일 15시,월요일,충청남도 논산시 연무읍,중상사고,0,1,0,0,차대차 - 측면충돌,안전운전불이행,젖음/습기,흐림,단일로 - 기타,화물,남,46세,상해없음,이륜,남,78세,중상
2017072400100341,2017년 7월 24일 15시,월요일,충청남도 아산시 모종동,경상사고,0,0,1,0,차대차 - 측면충돌,교차로운행방법위반,건조,맑음,교차로 - 교차로안,승용,여,56세,상해없음,승용,남,31세,경상
2017072400100342,2017년 7월 24일 15시,월요일,충청남도 천안시 동남구 안서동,경상사고,0,0,1,0,차대사람 - 횡단중,안전운전불이행,젖음/습기,비,교차로 - 교차로횡단보도내,승용,남,65세,상해없음,보행자,남,25세,경상
2017072400100386,2017년 7월 24일 16시,월요일,충청남도 공주시 유구읍,경상사고,0,0,2,2,차대차 - 측면충돌,신호위반,건조,맑음,교차로 - 교차로안,승합,남,27세,상해없음,승합,남,63세,상해없음
2017072400100423,2017년 7월 24일 17시,월요일,충청남도 아산시 배방읍,경상사고,0,0,1,0,차대사람 - 횡단중,기타,건조,맑음,단일로 - 기타,화물,남,54세,기타불명,보행자,남,48세,경상
2017072400100462,2017년 7월 24일 18시,월요일,충청남도 서산시 대산읍,중상사고,0,1,0,0,차량단독 - 전도전복,안전운전불이행,젖음/습기,흐림,단일로 - 기타,화물,남,64세,중상,미분류,미분류,미분류,미분류
2017072400100482,2017년 7월 24일 19시,월요일,충청남도 아산시 배방읍,중상사고,0,1,2,0,차대차 - 정면충돌,안전운전불이행,건조,흐림,교차로 - 교차로안,화물,남,70세,경상,승용,남,25세,경상
2017072400100505,2017년 7월 24일 20시,월요일,충청남도 예산군 예산읍,경상사고,0,0,1,0,차대사람 - 기타,안전운전불이행,젖음/습기,비,교차로 - 교차로부근,승합,여,54세,상해없음,보행자,여,22세,경상
2017072400100569,2017년 7월 24일 22시,월요일,충청남도 홍성군 홍성읍,경상사고,0,0,1,0,차대차 - 측면충돌,안전운전불이행,젖음/습기,비,교차로 - 교차로안,이륜,남,68세,경상,승용,남,48세,상해없음
2017072400100593,2017년 7월 24일 23시,월요일,충청남도 아산시 배미동,경상사고,0,0,2,0,차대차 - 정면충돌,안전운전불이행,젖음/습기,비,교차로 - 교차로부근,승용,남,61세,상해없음,승용,여,50세,경상
2017072500100033,2017년 7월 25일 00시,화요일,충청남도 천안시 서북구 성성동,경상사고,0,0,2,0,차대차 - 기타,신호위반,젖음/습기,비,교차로 - 교차로부근,승용,남,28세,상해없음,승용,남,57세,경상
2017072500100034,2017년 7월 25일 00시,화요일,충청남도 공주시 정안면,경상사고,0,0,1,0,차량단독 - 공작물충돌,안전운전불이행,젖음/습기,비,단일로 - 지하차도(도로)내,승용,남,55세,상해없음,,,,
2017072500100060,2017년 7월 25일 04시,화요일,충청남도 서산시 지곡면,사망사고,1,0,0,0,차량단독 - 공작물충돌,안전운전불이행,젖음/습기,흐림,교차로 - 교차로부근,승용,남,35세,사망,,,,
2017072500100139,2017년 7월 25일 08시,화요일,충청남도 예산군 예산읍,경상사고,0,0,1,0,차대사람 - 횡단중,보행자보호의무위반,건조,흐림,교차로 - 교차로횡단보도내,승용,남,55세,상해없음,보행자,남,7세,경상
2017072500100172,2017년 7월 25일 09시,화요일,충청남도 서산시 지곡면,중상사고,0,1,2,0,차대차 - 추돌,안전운전불이행,건조,맑음,단일로 - 기타,승용,남,38세,상해없음,화물,남,70세,경상
2017072500100173,2017년 7월 25일 09시,화요일,충청남도 태안군 태안읍,중상사고,0,1,0,0,차대사람 - 횡단중,안전운전불이행,건조,맑음,주차장 - 주차장,승합,남,47세,상해없음,보행자,여,73세,중상
2017072500100174,2017년 7월 25일 09시,화요일,충청남도 아산시 탕정면,경상사고,0,0,1,0,차대차 - 추돌,안전운전불이행,건조,맑음,단일로 - 기타,승용,남,46세,상해없음,승용,남,60세,경상
2017072500100201,2017년 7월 25일 10시,화요일,충청남도 공주시 사곡면,중상사고,0,1,0,0,차대차 - 측면충돌,중앙선침범,건조,맑음,단일로 - 기타,화물,남,52세,상해없음,이륜,여,63세,중상
2017072500100229,2017년 7월 25일 11시,화요일,충청남도 천안시 서북구 성환읍,경상사고,0,0,1,0,차대차 - 정면충돌,안전운전불이행,건조,맑음,교차로 - 교차로안,화물,남,52세,상해없음,이륜,남,65세,경상
2017072500100230,2017년 7월 25일 11시,화요일,충청남도 아산시 온천동,경상사고,0,0,1,0,차대차 - 측면충돌,신호위반,건조,맑음,교차로 - 교차로안,승용,남,23세,상해없음,승용,남,41세,경상
2017072500100231,2017년 7월 25일 11시,화요일,충청남도 공주시 정안면,경상사고,0,0,1,0,차대차 - 추돌,안전운전불이행,건조,맑음,교차로 - 교차로부근,화물,남,60세,상해없음,화물,남,58세,경상
2017072500100257,2017년 7월 25일 12시,화요일,충청남도 천안시 서북구 두정동,경상사고,0,0,1,0,차대차 - 측면충돌,안전운전불이행,건조,맑음,단일로 - 기타,승용,여,40세,상해없음,이륜,남,44세,경상
2017072500100258,2017년 7월 25일 12시,화요일,충청남도 보령시 동대동,중상사고,0,1,0,0,차대차 - 측면충돌,안전운전불이행,건조,맑음,단일로 - 기타,승용,남,51세,상해없음,이륜,남,53세,중상
2017072500100259,2017년 7월 25일 12시,화요일,충청남도 예산군 예산읍,경상사고,0,0,4,0,차대차 - 추돌,차로위반,건조,맑음,단일로 - 기타,승용,남,24세,경상,화물,남,55세,경상
2017072500100327,2017년 7월 25일 14시,화요일,충청남도 천안시 서북구 백석동,경상사고,0,0,3,0,차대차 - 추돌,안전운전불이행,건조,맑음,단일로 - 기타,승용,남,41세,상해없음,승용,여,48세,경상
2017072500100328,2017년 7월 25일 14시,화요일,충청남도 홍성군 금마면,중상사고,0,1,0,0,차대차 - 측면충돌,신호위반,건조,맑음,교차로 - 교차로안,화물,남,49세,중상,화물,남,59세,상해없음
2017072500100414,2017년 7월 25일 16시,화요일,충청남도 홍성군 광천읍,중상사고,0,1,0,0,차량단독 - 전도전복,안전운전불이행,건조,맑음,단일로 - 기타,승용,여,47세,중상,미분류,미분류,미분류,미분류
2017072500100415,2017년 7월 25일 16시,화요일,충청남도 홍성군 홍북읍,경상사고,0,0,1,0,차대차 - 측면충돌,신호위반,건조,맑음,교차로 - 교차로안,승용,여,22세,상해없음,승용,남,34세,경상
2017072500100449,2017년 7월 25일 17시,화요일,충청남도 천안시 서북구 백석동,부상신고사고,0,0,0,2,차대차 - 추돌,안전운전불이행,건조,맑음,단일로 - 기타,승용,여,41세,상해없음,화물,남,44세,부상신고
2017072500100450,2017년 7월 25일 17시,화요일,충청남도 논산시 부적면,중상사고,0,1,0,0,차대차 - 후진중충돌,안전운전불이행,건조,맑음,단일로 - 기타,화물,남,51세,상해없음,승용,남,37세,중상
2017072500100451,2017년 7월 25일 17시,화요일,충청남도 아산시 둔포면,경상사고,0,0,1,0,차대차 - 추돌,안전운전불이행,건조,맑음,단일로 - 기타,승용,남,48세,상해없음,원동기,남,27세,경상
2017072500100452,2017년 7월 25일 17시,화요일,충청남도 아산시 신창면,경상사고,0,0,1,0,차대차 - 추돌,안전운전불이행,건조,맑음,미분류 - 미분류,승용,남,62세,상해없음,승용,남,25세,경상
2017072500100453,2017년 7월 25일 17시,화요일,충청남도 금산군 추부면,중상사고,0,1,0,0,차대사람 - 횡단중,보행자보호의무위반,건조,맑음,교차로 - 교차로안,승용,남,56세,상해없음,보행자,남,7세,중상
2017072500100551,2017년 7월 25일 20시,화요일,충청남도 태안군 태안읍,중상사고,0,1,0,0,차대사람 - 횡단중,보행자보호의무위반,건조,맑음,교차로 - 교차로안,승용,남,56세,상해없음,보행자,여,58세,중상
2017072500100552,2017년 7월 25일 20시,화요일,충청남도 당진시 읍내리,경상사고,0,0,1,0,차대차 - 측면충돌,교차로운행방법위반,건조,맑음,교차로 - 교차로안,승용,여,69세,상해없음,이륜,남,17세,경상
2017072500100586,2017년 7월 25일 21시,화요일,충청남도 아산시 배방읍,경상사고,0,0,1,0,차대차 - 측면충돌,신호위반,건조,맑음,교차로 - 교차로안,승용,남,62세,상해없음,자전거,남,23세,경상
2017072500100587,2017년 7월 25일 21시,화요일,충청남도 금산군 군북면,사망사고,1,0,0,0,차대차 - 기타,안전운전불이행,건조,기타,단일로 - 기타,승용,남,54세,상해없음,자전거,남,61세,사망
2017072500100613,2017년 7월 25일 22시,화요일,충청남도 당진시 송악읍,경상사고,0,0,2,0,차대차 - 측면충돌,교차로운행방법위반,건조,맑음,교차로 - 교차로안,승용,여,51세,상해없음,승용,남,55세,경상
2017072500100642,2017년 7월 25일 23시,화요일,충청남도 천안시 서북구 성정동,경상사고,0,0,1,0,차대사람 - 횡단중,안전운전불이행,건조,맑음,단일로 - 기타,승용,남,28세,상해없음,보행자,남,48세,경상
2017072600100077,2017년 7월 26일 05시,수요일,충청남도 서천군 비인면,사망사고,1,0,1,0,차대차 - 추돌,안전운전불이행,건조,맑음,단일로 - 기타,승용,남,58세,사망,화물,남,46세,경상
2017072600100110,2017년 7월 26일 07시,수요일,충청남도 천안시 동남구 신부동,중상사고,0,1,1,0,차대차 - 기타,안전운전불이행,건조,맑음,교차로 - 교차로부근,승용,여,45세,상해없음,원동기,남,64세,경상
2017072600100135,2017년 7월 26일 08시,수요일,충청남도 천안시 서북구 쌍용동,경상사고,0,0,1,0,차대사람 - 기타,안전운전불이행,건조,맑음,단일로 - 기타,승용,여,45세,상해없음,보행자,여,20세,경상
2017072600100137,2017년 7월 26일 08시,수요일,충청남도 천안시 동남구 수신면,경상사고,0,0,1,0,차대차 - 측면충돌,직진우회전진행방해,건조,맑음,교차로 - 교차로안,승용,남,27세,상해없음,이륜,남,77세,경상
2017072600100176,2017년 7월 26일 09시,수요일,충청남도 서천군 서천읍,경상사고,0,0,1,0,차대사람 - 기타,안전운전불이행,건조,맑음,단일로 - 기타,승용,남,65세,상해없음,보행자,남,28세,경상
2017072600100207,2017년 7월 26일 10시,수요일,충청남도 천안시 서북구 성정동,경상사고,0,0,1,0,차대차 - 기타,안전운전불이행,건조,맑음,교차로 - 교차로부근,승용,남,42세,상해없음,이륜,남,48세,경상
2017072600100277,2017년 7월 26일 12시,수요일,충청남도 서산시 인지면,중상사고,0,1,0,0,차대차 - 정면충돌,중앙선침범,건조,맑음,단일로 - 기타,승용,여,34세,상해없음,승용,여,35세,중상
2017072600100278,2017년 7월 26일 12시,수요일,충청남도 천안시 서북구 성정동,경상사고,0,0,1,0,차대차 - 기타,안전운전불이행,건조,맑음,단일로 - 기타,승용,여,26세,경상,승용,남,26세,상해없음
2017072600100279,2017년 7월 26일 12시,수요일,충청남도 아산시 방축동,중상사고,0,1,0,0,차대사람 - 기타,안전운전불이행,건조,맑음,단일로 - 기타,승용,여,38세,상해없음,보행자,남,70세,중상
2017072600100305,2017년 7월 26일 13시,수요일,충청남도 논산시 노성면,중상사고,0,1,0,0,차대차 - 측면충돌,교차로운행방법위반,건조,맑음,교차로 - 교차로안,승합,여,41세,상해없음,화물,남,47세,중상
2017072600100306,2017년 7월 26일 13시,수요일,충청남도 서천군 종천면,경상사고,0,0,2,0,차대차 - 추돌,안전운전불이행,건조,맑음,단일로 - 기타,승용,남,75세,상해없음,승용,여,47세,경상
2017072600100308,2017년 7월 26일 13시,수요일,충청남도 당진시 신평면,경상사고,0,0,1,0,차대차 - 정면충돌,안전거리미확보,건조,맑음,교차로 - 교차로부근,이륜,남,71세,경상,승용,여,47세,상해없음
2017072600100309,2017년 7월 26일 13시,수요일,충청남도 당진시 채운동,경상사고,0,0,1,0,차대차 - 기타,안전운전불이행,건조,맑음,단일로 - 기타,승합,남,34세,상해없음,승용,남,40세,경상
2017072600100342,2017년 7월 26일 14시,수요일,충청남도 공주시 정안면,중상사고,0,1,0,0,차대차 - 정면충돌,안전운전불이행,건조,맑음,교차로 - 교차로안,승용,남,61세,상해없음,승용,여,48세,중상
2017072600100343,2017년 7월 26일 14시,수요일,충청남도 당진시 면천면,사망사고,1,0,0,0,차량단독 - 공작물충돌,안전운전불이행,건조,맑음,단일로 - 기타,승용,남,63세,사망,,,,
2017072600100369,2017년 7월 26일 15시,수요일,충청남도 서산시 석림동,경상사고,0,0,1,0,차대차 - 추돌,안전운전불이행,건조,맑음,교차로 - 교차로부근,승용,여,57세,상해없음,승용,여,24세,경상
2017072600100370,2017년 7월 26일 15시,수요일,충청남도 천안시 서북구 성성동,경상사고,0,0,2,0,차대차 - 기타,안전운전불이행,건조,맑음,단일로 - 기타,화물,남,74세,상해없음,승용,여,39세,경상
2017072600100371,2017년 7월 26일 15시,수요일,충청남도 홍성군 홍성읍,경상사고,0,0,2,0,차대차 - 기타,중앙선침범,건조,맑음,단일로 - 기타,승용,남,47세,상해없음,승용,여,62세,경상
2017072600100372,2017년 7월 26일 15시,수요일,충청남도 공주시 우성면,경상사고,0,0,1,0,차대차 - 측면충돌,안전운전불이행,건조,맑음,단일로 - 기타,승용,남,56세,상해없음,화물,남,43세,경상
2017072600100417,2017년 7월 26일 16시,수요일,충청남도 부여군 부여읍,중상사고,0,1,0,0,차대사람 - 기타,안전운전불이행,건조,맑음,단일로 - 기타,승합,남,41세,상해없음,보행자,여,80세,중상
2017072600100418,2017년 7월 26일 16시,수요일,충청남도 천안시 동남구 성남면,경상사고,0,0,2,0,차대사람 - 기타,안전운전불이행,건조,맑음,주차장 - 주차장,승용,여,31세,상해없음,보행자,여,63세,경상
2017072600100457,2017년 7월 26일 17시,수요일,충청남도 서산시 온석동,중상사고,0,1,0,0,차대차 - 측면충돌,직진우회전진행방해,건조,맑음,교차로 - 교차로안,승용,여,46세,상해없음,이륜,남,49세,중상
2017072600100458,2017년 7월 26일 17시,수요일,충청남도 천안시 서북구 성정동,경상사고,0,0,2,0,차대차 - 기타,안전운전불이행,건조,맑음,단일로 - 기타,화물,남,45세,상해없음,승용,남,33세,경상
2017072600100459,2017년 7월 26일 17시,수요일,충청남도 공주시 신관동,경상사고,0,0,1,0,차대차 - 측면충돌,안전운전불이행,건조,맑음,교차로 - 교차로안,이륜,남,33세,경상,승용,여,58세,상해없음
2017072600100499,2017년 7월 26일 18시,수요일,충청남도 천안시 서북구 성성동,경상사고,0,0,1,0,차대차 - 측면충돌,안전운전불이행,건조,맑음,단일로 - 기타,승용,남,28세,상해없음,화물,남,37세,경상