사고번호,사고일시,요일,시군구,사고내용,사망자수,중상자수,경상자수,부상신고자수,사고유형,법규위반,노면상태,기상상태,도로형태,가해운전자 차종,가해운전자 성별,가해운전자 연령,가해운전자 상해정도,피해운전자 차종,피해운전자 성별,피해운전자 연령,피해운전자 상해정도
2017072600100500,2017년 7월 26일 18시,수요일,충청남도 보령시 주산면,경상사고,0,0,1,0,차대차 - 정면충돌,중앙선침범,건조,맑음,교차로 - 교차로안,이륜,남,60세,경상,화물,남,61세,상해없음
2017072600100501,2017년 7월 26일 18시,수요일,충청남도 예산군 봉산면,경상사고,0,0,3,0,차대차 - 정면충돌,중앙선침범,건조,맑음,교차로 - 교차로부근,승합,남,58세,상해없음,승용,남,22세,경상
2017072600100574,2017년 7월 26일 20시,수요일,충청남도 당진시 신평면,부상신고사고,0,0,0,1,차대차 - 측면충돌,차로위반,건조,맑음,교차로 - 교차로부근,승용,여,59세,상해없음,승용,여,53세,부상신고
2017072600100604,2017년 7월 26일 21시,수요일,충청남도 태안군 근흥면,중상사고,0,1,0,0,차대사람 - 횡단중,안전운전불이행,건조,맑음,단일로 - 기타,승용,남,56세,상해없음,보행자,여,23세,중상
2017072600100605,2017년 7월 26일 21시,수요일,충청남도 천안시 서북구 불당동,경상사고,0,0,1,0,차대차 - 추돌,안전운전불이행,건조,맑음,교차로 - 교차로부근,승용,남,58세,상해없음,승용,여,46세,경상
2017072600100606,2017년 7월 26일 21시,수요일,충청남도 금산군 군북면,경상사고,0,0,1,0,차대차 - 추돌,안전운전불이행,건조,맑음,교차로 - 교차로부근,화물,남,54세,상해없음,승용,남,52세,경상
2017072600100640,2017년 7월 26일 22시,수요일,충청남도 보령시 신흑동,중상사고,0,1,1,0,차량단독 - 전도전복,안전운전불이행,건조,맑음,단일로 - 기타,이륜,남,36세,상해없음,미분류,미분류,미분류,미분류
2017072600100670,2017년 7월 26일 23시,수요일,충청남도 홍성군 홍북읍,경상사고,0,0,1,0,차대차 - 측면충돌,신호위반,건조,맑음,교차로 - 교차로안,승용,남,44세,상해없음,승용,남,47세,경상
2017072600100671,2017년 7월 26일 23시,수요일,충청남도 당진시 신평면,경상사고,0,0,1,0,차대차 - 정면충돌,안전운전불이행,건조,맑음,단일로 - 기타,승용,남,37세,상해없음,승용,여,28세,경상
2017072700100081,2017년 7월 27일 05시,목요일,충청남도 천안시 서북구 성환읍,중상사고,0,1,0,0,차대차 - 측면충돌,안전운전불이행,건조,맑음,단일로 - 기타,승용,남,44세,상해없음,승용,남,51세,중상
2017072700100082,2017년 7월 27일 05시,목요일,충청남도 보령시 신흑동,중상사고,0,1,0,0,차대차 - 기타,안전운전불이행,건조,맑음,단일로 - 기타,기타불명,기타불명,미분류,기타불명,원동기,남,25세,중상
2017072700100093,2017년 7월 27일 06시,목요일,충청남도 천안시 서북구 성정동,경상사고,0,0,1,0,차대사람 - 횡단중,신호위반,건조,맑음,교차로 - 교차로횡단보도내,승용,여,28세,상해없음,보행자,남,22세,경상
2017072700100119,2017년 7월 27일 07시,목요일,충청남도 천안시 서북구 불당동,경상사고,0,0,2,0,차대차 - 측면충돌,안전운전불이행,건조,맑음,교차로 - 교차로안,승용,남,35세,경상,승용,남,63세,경상
2017072700100120,2017년 7월 27일 07시,목요일,충청남도 논산시 부적면,경상사고,0,0,2,0,차대차 - 측면충돌,교차로운행방법위반,건조,맑음,교차로 - 교차로안,승용,남,65세,경상,승용,남,55세,상해없음
2017072700100145,2017년 7월 27일 08시,목요일,충청남도 금산군 금산읍,경상사고,0,0,1,0,차대차 - 측면충돌,교차로운행방법위반,건조,맑음,교차로 - 교차로안,승용,여,61세,상해없음,이륜,남,51세,경상
2017072700100184,2017년 7월 27일 09시,목요일,충청남도 홍성군 홍북읍,경상사고,0,0,1,0,차대차 - 측면충돌,안전운전불이행,건조,맑음,단일로 - 기타,승용,여,43세,상해없음,농기계,남,88세,경상
2017072700100185,2017년 7월 27일 09시,목요일,충청남도 서천군 서천읍,중상사고,0,1,0,0,차대차 - 측면충돌,신호위반,건조,맑음,교차로 - 교차로안,이륜,남,42세,중상,승용,여,47세,상해없음
2017072700100186,2017년 7월 27일 09시,목요일,충청남도 공주시 의당면,중상사고,0,1,2,0,차대차 - 측면충돌,안전운전불이행,건조,맑음,기타 - 기타,승용,남,30세,경상,승용,남,58세,경상
2017072700100188,2017년 7월 27일 09시,목요일,충청남도 청양군 청양읍,중상사고,0,1,0,0,차대사람 - 기타,안전운전불이행,건조,맑음,단일로 - 기타,승합,남,56세,상해없음,보행자,여,78세,중상
2017072700100189,2017년 7월 27일 09시,목요일,충청남도 천안시 동남구 목천읍,중상사고,0,1,0,0,차대사람 - 횡단중,안전운전불이행,건조,맑음,단일로 - 기타,승용,남,29세,상해없음,보행자,여,69세,중상
2017072700100234,2017년 7월 27일 11시,목요일,충청남도 논산시 광석면,중상사고,0,1,1,0,차대차 - 측면충돌,직진우회전진행방해,건조,맑음,교차로 - 교차로안,이륜,남,72세,경상,이륜,남,33세,중상
2017072700100264,2017년 7월 27일 12시,목요일,충청남도 당진시 석문면,경상사고,0,0,1,0,차대사람 - 횡단중,안전운전불이행,건조,맑음,단일로 - 기타,승용,남,39세,상해없음,보행자,남,31세,경상
2017072700100266,2017년 7월 27일 12시,목요일,충청남도 보령시 주교면,경상사고,0,0,4,0,차대차 - 기타,중앙선침범,건조,맑음,단일로 - 기타,승용,남,58세,상해없음,화물,남,54세,경상
2017072700100295,2017년 7월 27일 13시,목요일,충청남도 논산시 취암동,중상사고,0,1,0,0,차대사람 - 차도통행중,안전운전불이행,건조,맑음,교차로 - 교차로횡단보도내,승용,여,35세,상해없음,보행자,여,54세,중상
2017072700100296,2017년 7월 27일 13시,목요일,충청남도 청양군 청양읍,경상사고,0,0,2,0,차대차 - 측면충돌,직진우회전진행방해,건조,맑음,교차로 - 교차로안,승용,여,41세,경상,건설기계,남,30세,경상
2017072700100330,2017년 7월 27일 14시,목요일,충청남도 아산시 배방읍,경상사고,0,0,1,0,차대사람 - 횡단중,안전운전불이행,건조,맑음,교차로 - 교차로부근,승합,남,52세,상해없음,보행자,여,26세,경상
2017072700100369,2017년 7월 27일 15시,목요일,충청남도 아산시 실옥동,경상사고,0,0,1,0,차대차 - 측면충돌,안전운전불이행,건조,맑음,교차로 - 교차로안,화물,남,44세,상해없음,승용,남,33세,경상
2017072700100370,2017년 7월 27일 15시,목요일,충청남도 공주시 웅진동,경상사고,0,0,2,0,차대차 - 추돌,안전운전불이행,건조,맑음,교차로 - 교차로부근,화물,남,60세,경상,승용,여,31세,경상
2017072700100411,2017년 7월 27일 16시,목요일,충청남도 공주시 정안면,중상사고,0,1,1,0,차대차 - 추돌,안전운전불이행,건조,맑음,교차로 - 교차로부근,화물,남,34세,경상,화물,남,39세,중상
2017072700100453,2017년 7월 27일 17시,목요일,충청남도 천안시 서북구 불당동,경상사고,0,0,1,0,차대차 - 기타,교차로운행방법위반,건조,맑음,교차로 - 교차로부근,승합,남,58세,상해없음,승용,남,55세,경상
2017072700100454,2017년 7월 27일 17시,목요일,충청남도 홍성군 은하면,중상사고,0,1,0,0,차대차 - 측면충돌,중앙선침범,건조,맑음,단일로 - 기타,이륜,남,67세,중상,승용,남,67세,상해없음
2017072700100455,2017년 7월 27일 17시,목요일,충청남도 공주시 금흥동,부상신고사고,0,0,0,1,차대차 - 정면충돌,안전운전불이행,건조,맑음,교차로 - 교차로안,자전거,남,15세,부상신고,승용,남,28세,상해없음
2017072700100456,2017년 7월 27일 17시,목요일,충청남도 금산군 금산읍,경상사고,0,0,1,0,차대사람 - 횡단중,안전운전불이행,건조,맑음,교차로 - 교차로안,승용,남,65세,상해없음,보행자,여,76세,경상
2017072700100501,2017년 7월 27일 18시,목요일,충청남도 천안시 서북구 불당동,중상사고,0,1,4,0,차대차 - 추돌,안전운전불이행,건조,맑음,단일로 - 기타,승용,여,24세,상해없음,승용,남,43세,상해없음
2017072700100502,2017년 7월 27일 18시,목요일,충청남도 논산시 광석면,중상사고,0,2,0,0,차대차 - 추돌,안전운전불이행,건조,맑음,교차로 - 교차로부근,화물,남,68세,상해없음,승용,남,24세,중상
2017072700100503,2017년 7월 27일 18시,목요일,충청남도 계룡시 금암동,경상사고,0,0,1,0,차대차 - 추돌,안전운전불이행,건조,맑음,단일로 - 기타,승용,여,25세,상해없음,승용,여,60세,경상
2017072700100537,2017년 7월 27일 19시,목요일,충청남도 태안군 태안읍,중상사고,0,1,0,0,차대차 - 측면충돌,직진우회전진행방해,건조,맑음,교차로 - 교차로안,승용,남,58세,상해없음,자전거,남,38세,중상
2017072700100558,2017년 7월 27일 20시,목요일,충청남도 공주시 정안면,경상사고,0,0,1,0,차대차 - 측면충돌,안전운전불이행,건조,맑음,기타 - 기타,기타불명,기타불명,미분류,기타불명,승용,남,44세,경상
2017072700100584,2017년 7월 27일 21시,목요일,충청남도 천안시 서북구 입장면,경상사고,0,0,1,0,차대차 - 추돌,안전운전불이행,건조,맑음,단일로 - 기타,화물,남,58세,상해없음,승용,여,34세,경상
2017072700100585,2017년 7월 27일 21시,목요일,충청남도 아산시 탕정면,경상사고,0,0,2,0,차대차 - 추돌,안전운전불이행,건조,맑음,단일로 - 기타,승용,여,64세,경상,승용,남,32세,경상
2017072700100648,2017년 7월 27일 23시,목요일,충청남도 태안군 근흥면,경상사고,0,0,1,0,차대차 - 추돌,안전운전불이행,건조,맑음,단일로 - 교량,승용,남,50세,경상,화물,남,57세,상해없음
2017072700100649,2017년 7월 27일 23시,목요일,충청남도 아산시 온천동,경상사고,0,0,1,0,차대차 - 측면충돌,안전운전불이행,건조,맑음,교차로 - 교차로안,승용,남,24세,상해없음,승용,남,71세,경상
2017072800100058,2017년 7월 28일 01시,금요일,충청남도 천안시 서북구 쌍용동,중상사고,0,2,1,0,차대차 - 정면충돌,안전운전불이행,건조,맑음,교차로 - 교차로안,승용,남,22세,상해없음,승용,남,46세,중상
2017072800100059,2017년 7월 28일 01시,금요일,충청남도 논산시 취암동,중상사고,0,1,1,0,차대차 - 측면충돌,안전운전불이행,건조,맑음,교차로 - 교차로안,승용,남,55세,중상,승용,남,44세,경상
2017072800100077,2017년 7월 28일 03시,금요일,충청남도 공주시 우성면,중상사고,0,1,0,0,차대차 - 측면충돌,안전운전불이행,건조,맑음,단일로 - 기타,승용,남,33세,상해없음,화물,남,49세,중상
2017072800100085,2017년 7월 28일 04시,금요일,충청남도 보령시 내항동,경상사고,0,0,1,0,차대차 - 추돌,안전운전불이행,건조,맑음,단일로 - 기타,특수,남,51세,상해없음,특수,남,56세,경상
2017072800100112,2017년 7월 28일 06시,금요일,충청남도 천안시 서북구 직산읍,중상사고,0,1,0,0,차대차 - 기타,안전운전불이행,건조,맑음,단일로 - 기타,이륜,남,78세,중상,승용,여,43세,상해없음
2017072800100165,2017년 7월 28일 08시,금요일,충청남도 천안시 동남구 안서동,경상사고,0,0,1,0,차대사람 - 길가장자리구역통행중,안전운전불이행,건조,맑음,단일로 - 기타,승합,남,65세,기타불명,보행자,여,19세,경상
2017072800100192,2017년 7월 28일 09시,금요일,충청남도 아산시 온천동,중상사고,0,1,0,0,차대차 - 측면충돌,안전운전불이행,건조,맑음,교차로 - 교차로안,화물,남,69세,상해없음,자전거,여,72세,중상
2017072800100193,2017년 7월 28일 09시,금요일,충청남도 당진시 면천면,중상사고,0,2,1,0,차대차 - 측면충돌,신호위반,젖음/습기,비,교차로 - 교차로안,화물,남,58세,경상,화물,남,54세,중상
2017072800100220,2017년 7월 28일 10시,금요일,충청남도 보령시 대천동,중상사고,0,1,0,0,차대사람 - 횡단중,안전운전불이행,건조,맑음,단일로 - 기타,화물,남,46세,상해없음,보행자,남,70세,중상
2017072800100221,2017년 7월 28일 10시,금요일,충청남도 당진시 읍내리,중상사고,0,1,0,0,차대사람 - 횡단중,보행자보호의무위반,건조,흐림,교차로 - 교차로안,화물,남,59세,상해없음,보행자,여,61세,중상
2017072800100222,2017년 7월 28일 10시,금요일,충청남도 금산군 남일면,경상사고,0,0,3,0,차대차 - 측면충돌,직진우회전진행방해,건조,맑음,교차로 - 교차로안,승용,여,50세,상해없음,화물,여,46세,경상
2017072800100244,2017년 7월 28일 11시,금요일,충청남도 서천군 서천읍,중상사고,0,1,0,0,차대사람 - 횡단중,보행자보호의무위반,건조,맑음,교차로 - 교차로횡단보도내,승용,여,57세,상해없음,보행자,남,80세,중상
2017072800100245,2017년 7월 28일 11시,금요일,충청남도 천안시 동남구 구성동,경상사고,0,0,2,0,차대차 - 정면충돌,안전운전불이행,건조,맑음,단일로 - 기타,승용,여,45세,상해없음,승합,남,44세,경상
2017072800100275,2017년 7월 28일 12시,금요일,충청남도 부여군 세도면,경상사고,0,0,1,0,차대차 - 측면충돌,교차로운행방법위반,건조,맑음,교차로 - 교차로안,승용,남,47세,상해없음,승용,남,56세,경상
2017072800100305,2017년 7월 28일 13시,금요일,충청남도 보령시 주교면,중상사고,0,1,0,0,차대차 - 정면충돌,안전운전불이행,건조,맑음,단일로 - 기타,이륜,남,71세,중상,승용,남,54세,상해없음
2017072800100306,2017년 7월 28일 13시,금요일,충청남도 공주시 봉정동,경상사고,0,0,1,0,차대차 - 추돌,직진우회전진행방해,건조,맑음,교차로 - 교차로부근,자전거,여,71세,경상,화물,남,67세,상해없음
2017072800100341,2017년 7월 28일 14시,금요일,충청남도 금산군 금산읍,경상사고,0,0,2,0,차대차 - 측면충돌,직진우회전진행방해,건조,맑음,교차로 - 교차로안,승용,남,67세,상해없음,이륜,남,50세,경상
2017072800100373,2017년 7월 28일 15시,금요일,충청남도 논산시 연산면,경상사고,0,0,1,0,차대차 - 추돌,기타,건조,맑음,교차로 - 교차로안,승용,여,53세,상해없음,승용,여,39세,경상
2017072800100405,2017년 7월 28일 16시,금요일,충청남도 천안시 동남구 쌍용동,경상사고,0,0,1,0,차대차 - 기타,안전운전불이행,건조,맑음,교차로 - 교차로부근,화물,남,62세,상해없음,승용,남,33세,경상
2017072800100447,2017년 7월 28일 17시,금요일,충청남도 태안군 태안읍,경상사고,0,0,1,0,차대차 - 측면충돌,안전운전불이행,건조,맑음,교차로 - 교차로안,승용,남,56세,상해없음,승용,남,62세,경상
2017072800100448,2017년 7월 28일 17시,금요일,충청남도 서천군 비인면,중상사고,0,1,0,0,차대차 - 기타,안전운전불이행,건조,맑음,단일로 - 기타,승합,남,60세,상해없음,이륜,남,43세,중상
2017072800100486,2017년 7월 28일 18시,금요일,충청남도 금산군 제원면,중상사고,0,1,0,0,차대차 - 기타,안전운전불이행,젖음/습기,비,단일로 - 기타,기타불명,기타불명,미분류,기타불명,이륜,남,57세,중상
2017072800100523,2017년 7월 28일 19시,금요일,충청남도 천안시 서북구 두정동,중상사고,0,1,4,0,차대차 - 기타,교차로운행방법위반,건조,맑음,교차로 - 교차로안,승용,여,36세,중상,승용,남,23세,경상
2017072800100552,2017년 7월 28일 20시,금요일,충청남도 서산시 동문동,중상사고,0,1,0,0,차대사람 - 횡단중,보행자보호의무위반,건조,맑음,단일로 - 기타,승용,남,57세,상해없음,보행자,여,57세,중상
2017072800100553,2017년 7월 28일 20시,금요일,충청남도 당진시 읍내리,중상사고,0,1,0,0,차대사람 - 횡단중,안전운전불이행,건조,맑음,교차로 - 교차로횡단보도내,화물,여,45세,상해없음,보행자,남,40세,중상
2017072800100607,2017년 7월 28일 21시,금요일,충청남도 아산시 배방읍,경상사고,0,0,1,0,차대차 - 추돌,안전운전불이행,건조,흐림,단일로 - 기타,승용,남,48세,기타불명,승용,여,28세,경상
2017072800100639,2017년 7월 28일 22시,금요일,충청남도 공주시 정안면,경상사고,0,0,1,0,차대차 - 추돌,안전운전불이행,젖음/습기,비,단일로 - 기타,승용,여,33세,상해없음,승용,남,48세,경상
2017072800100671,2017년 7월 28일 23시,금요일,충청남도 천안시 동남구 신부동,경상사고,0,0,7,0,차대차 - 추돌,안전운전불이행,건조,맑음,교차로 - 교차로부근,승용,남,32세,상해없음,승용,여,40세,경상
2017072900100027,2017년 7월 29일 00시,토요일,충청남도 태안군 안면읍,부상신고사고,0,0,0,1,차량단독 - 전도전복,안전운전불이행,건조,맑음,단일로 - 기타,이륜,여,64세,부상신고,미분류,미분류,미분류,미분류
2017072900100028,2017년 7월 29일 00시,토요일,충청남도 예산군 삽교읍,중상사고,0,1,1,0,차대차 - 측면충돌,직진우회전진행방해,젖음/습기,흐림,교차로 - 교차로안,승용,남,41세,상해없음,화물,남,37세,경상
2017072900100066,2017년 7월 29일 02시,토요일,충청남도 천안시 서북구 성정동,경상사고,0,0,1,0,차대차 - 측면충돌,교차로운행방법위반,건조,맑음,교차로 - 교차로안,승용,남,26세,상해없음,승용,남,52세,상해없음
2017072900100086,2017년 7월 29일 03시,토요일,충청남도 태안군 태안읍,경상사고,0,0,2,0,차대차 - 정면충돌,신호위반,건조,맑음,교차로 - 교차로안,화물,남,70세,경상,승용,남,34세,상해없음
2017072900100121,2017년 7월 29일 05시,토요일,충청남도 당진시 읍내리,중상사고,0,1,0,0,차대차 - 측면충돌,안전거리미확보,젖음/습기,안개,교차로 - 교차로부근,승용,남,32세,상해없음,승용,여,45세,중상
2017072900100147,2017년 7월 29일 07시,토요일,충청남도 예산군 덕산면,경상사고,0,0,1,0,차대차 - 기타,안전운전불이행,건조,맑음,단일로 - 기타,승용,여,72세,상해없음,승용,남,40세,경상
2017072900100166,2017년 7월 29일 08시,토요일,충청남도 아산시 염치읍,경상사고,0,0,2,0,차대차 - 추돌,과속,건조,맑음,단일로 - 기타,승용,남,38세,상해없음,화물,남,59세,경상
2017072900100167,2017년 7월 29일 08시,토요일,충청남도 당진시 합덕읍,중상사고,0,1,0,0,차대사람 - 횡단중,보행자보호의무위반,건조,맑음,교차로 - 교차로부근,승용,남,60세,상해없음,보행자,여,76세,중상
2017072900100193,2017년 7월 29일 09시,토요일,충청남도 천안시 서북구 불당동,경상사고,0,0,1,0,차대차 - 추돌,안전운전불이행,건조,맑음,교차로 - 교차로부근,승용,남,32세,기타불명,승용,남,79세,경상
2017072900100215,2017년 7월 29일 10시,토요일,충청남도 서천군 서천읍,경상사고,0,0,1,0,차대사람 - 횡단중,보행자보호의무위반,건조,맑음,교차로 - 교차로횡단보도내,승용,남,33세,상해없음,보행자,여,79세,경상
2017072900100241,2017년 7월 29일 11시,토요일,충청남도 당진시 원당리,중상사고,0,1,0,0,차대차 - 기타,안전거리미확보,건조,맑음,단일로 - 기타,원동기,여,58세,중상,승용,남,47세,상해없음
2017072900100313,2017년 7월 29일 13시,토요일,충청남도 천안시 서북구 쌍용동,경상사고,0,0,1,0,차대차 - 기타,중앙선침범,건조,맑음,단일로 - 기타,화물,남,49세,상해없음,승용,여,25세,경상
2017072900100314,2017년 7월 29일 13시,토요일,충청남도 서천군 서천읍,경상사고,0,0,1,0,차대차 - 측면충돌,기타,건조,맑음,교차로 - 교차로안,승용,남,70세,상해없음,자전거,남,16세,경상
2017072900100347,2017년 7월 29일 14시,토요일,충청남도 논산시 덕지동,경상사고,0,0,1,0,차대차 - 측면충돌,신호위반,건조,맑음,교차로 - 교차로안,이륜,남,64세,경상,화물,남,32세,상해없음
2017072900100348,2017년 7월 29일 14시,토요일,충청남도 홍성군 갈산면,경상사고,0,0,1,0,차대차 - 추돌,안전운전불이행,건조,맑음,단일로 - 기타,승용,여,52세,상해없음,이륜,남,73세,경상
2017072900100455,2017년 7월 29일 17시,토요일,충청남도 태안군 안면읍,중상사고,0,1,0,0,차대사람 - 횡단중,안전운전불이행,건조,맑음,단일로 - 기타,특수,남,23세,상해없음,보행자,여,77세,중상
2017072900100456,2017년 7월 29일 17시,토요일,충청남도 홍성군 금마면,중상사고,0,1,0,0,차대차 - 정면충돌,중앙선침범,건조,맑음,교차로 - 교차로부근,승용,남,37세,상해없음,이륜,남,32세,중상
2017072900100490,2017년 7월 29일 18시,토요일,충청남도 천안시 서북구 불당동,경상사고,0,0,1,0,차대사람 - 횡단중,신호위반,건조,맑음,교차로 - 교차로횡단보도내,승용,남,32세,상해없음,보행자,남,6세,경상
2017072900100491,2017년 7월 29일 18시,토요일,충청남도 당진시 송산면,경상사고,0,0,1,0,차대차 - 정면충돌,교차로운행방법위반,건조,맑음,교차로 - 교차로안,화물,남,64세,상해없음,승용,남,37세,경상
2017072900100492,2017년 7월 29일 18시,토요일,충청남도 당진시 신평면,중상사고,0,1,0,0,차대차 - 정면충돌,교차로운행방법위반,건조,맑음,교차로 - 교차로안,화물,남,59세,상해없음,화물,남,68세,중상
2017072900100530,2017년 7월 29일 19시,토요일,충청남도 당진시 합덕읍,경상사고,0,0,1,0,차대차 - 정면충돌,중앙선침범,건조,맑음,단일로 - 기타,승용,남,55세,상해없음,승용,남,47세,경상
2017072900100557,2017년 7월 29일 20시,토요일,충청남도 청양군 비봉면,중상사고,0,1,0,0,차량단독 - 도로외이탈 - 추락,안전운전불이행,건조,맑음,단일로 - 기타,승용,남,50세,중상,,,,
2017072900100575,2017년 7월 29일 21시,토요일,충청남도 아산시 염치읍,부상신고사고,0,0,0,1,차대차 - 기타,신호위반,건조,맑음,교차로 - 교차로안,이륜,남,19세,부상신고,승용,남,58세,상해없음
2017072900100576,2017년 7월 29일 21시,토요일,충청남도 천안시 동남구 성남면,경상사고,0,0,3,0,차대차 - 정면충돌,안전운전불이행,건조,맑음,교차로 - 교차로안,승용,남,59세,상해없음,승용,남,46세,경상
2017072900100617,2017년 7월 29일 23시,토요일,충청남도 보령시 동대동,경상사고,0,0,3,0,차대차 - 측면충돌,직진우회전진행방해,건조,맑음,교차로 - 교차로안,승용,남,39세,상해없음,승용,남,28세,경상
2017073000100027,2017년 7월 30일 00시,일요일,충청남도 천안시 서북구 직산읍,중상사고,0,1,0,0,차대사람 - 횡단중,안전운전불이행,건조,맑음,단일로 - 기타,승용,남,31세,상해없음,보행자,여,52세,중상
2017073000100028,2017년 7월 30일 00시,일요일,충청남도 논산시 취암동,경상사고,0,0,1,0,차대차 - 기타,안전운전불이행,건조,맑음,단일로 - 기타,승용,남,33세,상해없음,승용,여,23세,경상
2017073000100045,2017년 7월 30일 01시,일요일,충청남도 공주시 이인면,사망사고,1,0,1,0,차대차 - 기타,안전운전불이행,건조,흐림,단일로 - 기타,화물,남,37세,상해없음,승용,여,43세,사망
2017073000100059,2017년 7월 30일 02시,일요일,충청남도 금산군 추부면,중상사고,0,1,0,0,차량단독 - 전도전복,안전거리미확보,건조,맑음,단일로 - 기타,승용,남,38세,중상,미분류,미분류,미분류,미분류
2017073000100118,2017년 7월 30일 08시,일요일,충청남도 아산시 염치읍,중상사고,0,2,0,0,차대차 - 정면충돌,중앙선침범,건조,맑음,단일로 - 기타,승용,남,57세,상해없음,이륜,남,62세,중상
2017073000100136,2017년 7월 30일 09시,일요일,충청남도 당진시 읍내리,경상사고,0,0,1,0,차대사람 - 횡단중,안전운전불이행,건조,맑음,단일로 - 기타,승용,남,57세,상해없음,보행자,여,83세,경상
2017073000100137,2017년 7월 30일 09시,일요일,충청남도 공주시 우성면,중상사고,0,1,1,0,차대차 - 기타,안전운전불이행,건조,맑음,단일로 - 기타,승용,여,46세,상해없음,승용,남,66세,경상
2017073000100191,2017년 7월 30일 12시,일요일,충청남도 부여군 부여읍,중상사고,0,1,0,0,차대차 - 추돌,안전운전불이행,건조,맑음,단일로 - 기타,승용,여,61세,상해없음,승용,남,51세,중상
2017073000100209,2017년 7월 30일 13시,일요일,충청남도 공주시 반포면,경상사고,0,0,1,0,차대차 - 추돌,안전운전불이행,건조,맑음,단일로 - 기타,승용,남,53세,상해없음,승용,남,62세,경상
2017073000100233,2017년 7월 30일 14시,일요일,충청남도 아산시 배방읍,중상사고,0,1,0,0,차대차 - 측면충돌,신호위반,건조,맑음,교차로 - 교차로안,승용,남,30세,상해없음,승용,남,52세,중상
2017073000100234,2017년 7월 30일 14시,일요일,충청남도 아산시 방축동,경상사고,0,0,2,0,차대차 - 정면충돌,안전운전불이행,건조,맑음,교차로 - 교차로안,승용,남,73세,경상,승용,남,33세,경상
2017073000100235,2017년 7월 30일 14시,일요일,충청남도 아산시 인주면,경상사고,0,0,3,0,차대차 - 추돌,안전운전불이행,건조,맑음,단일로 - 기타,화물,남,58세,상해없음,승용,남,51세,경상
2017073000100259,2017년 7월 30일 15시,일요일,충청남도 천안시 서북구 불당동,경상사고,0,0,2,0,차대차 - 측면충돌,신호위반,건조,맑음,교차로 - 교차로안,화물,남,56세,상해없음,승용,여,39세,경상
2017073000100260,2017년 7월 30일 15시,일요일,충청남도 서천군 장항읍,경상사고,0,0,1,0,차대차 - 추돌,안전거리미확보,건조,맑음,단일로 - 기타,자전거,여,67세,경상,승용,남,60세,상해없음
2017073000100310,2017년 7월 30일 17시,일요일,충청남도 예산군 대술면,경상사고,0,0,2,0,차대차 - 추돌,안전거리미확보,건조,흐림,단일로 - 기타,승용,여,41세,상해없음,승용,남,41세,경상
2017073000100332,2017년 7월 30일 18시,일요일,충청남도 태안군 소원면,경상사고,0,0,1,0,차대사람 - 횡단중,안전운전불이행,건조,맑음,단일로 - 기타,화물,남,38세,상해없음,보행자,남,57세,경상
2017073000100333,2017년 7월 30일 18시,일요일,충청남도 천안시 서북구 쌍용동,경상사고,0,0,2,0,차대차 - 기타,안전운전불이행,건조,맑음,교차로 - 교차로부근,승용,여,57세,상해없음,승용,남,19세,경상
2017073000100335,2017년 7월 30일 18시,일요일,충청남도 청양군 목면,중상사고,0,2,2,0,차량단독 - 전도전복,안전운전불이행,건조,맑음,단일로 - 기타,화물,여,52세,상해없음,미분류,미분류,미분류,미분류
2017073000100364,2017년 7월 30일 19시,일요일,충청남도 아산시 탕정면,중상사고,0,1,0,0,차대차 - 추돌,안전운전불이행,건조,맑음,단일로 - 기타,화물,남,55세,기타불명,농기계,남,58세,중상
2017073000100365,2017년 7월 30일 19시,일요일,충청남도 예산군 예산읍,경상사고,0,0,1,0,차대차 - 기타,신호위반,건조,맑음,교차로 - 교차로안,승용,여,45세,상해없음,승용,남,47세,경상
2017073100100031,2017년 7월 31일 01시,월요일,충청남도 당진시 행정리,경상사고,0,0,1,0,차대차 - 측면충돌,안전거리미확보,건조,맑음,단일로 - 기타,승용,남,38세,상해없음,승용,여,37세,경상
2017073100100046,2017년 7월 31일 03시,월요일,충청남도 천안시 서북구 성정동,경상사고,0,0,1,0,차대차 - 정면충돌,신호위반,건조,맑음,교차로 - 교차로안,승용,남,22세,상해없음,승용,남,63세,경상
2017073100100055,2017년 7월 31일 05시,월요일,충청남도 서산시 성연면,중상사고,0,1,0,0,차대차 - 측면충돌,신호위반,건조,맑음,교차로 - 교차로안,화물,남,48세,상해없음,승용,남,47세,중상
2017073100100084,2017년 7월 31일 07시,월요일,충청남도 청양군 정산면,경상사고,0,0,1,0,차량단독 - 전도전복,안전운전불이행,젖음/습기,맑음,단일로 - 터널,승용,남,28세,상해없음,미분류,미분류,미분류,미분류
2017073100100134,2017년 7월 31일 09시,월요일,충청남도 보령시 동대동,경상사고,0,0,2,0,차대차 - 측면충돌,안전운전불이행,젖음/습기,비,단일로 - 기타,승용,남,64세,상해없음,승용,여,36세,경상
2017073100100135,2017년 7월 31일 09시,월요일,충청남도 당진시 시곡리,경상사고,0,0,1,0,차대사람 - 차도통행중,안전운전불이행,젖음/습기,비,단일로 - 기타,승용,여,60세,상해없음,보행자,여,85세,경상