사고번호,사고일시,요일,시군구,사고내용,사망자수,중상자수,경상자수,부상신고자수,사고유형,법규위반,노면상태,기상상태,도로형태,가해운전자 차종,가해운전자 성별,가해운전자 연령,가해운전자 상해정도,피해운전자 차종,피해운전자 성별,피해운전자 연령,피해운전자 상해정도
2017073100100152,2017년 7월 31일 10시,월요일,충청남도 부여군 은산면,중상사고,0,2,0,0,차대사람 - 길가장자리구역통행중,안전운전불이행,젖음/습기,비,단일로 - 기타,화물,여,57세,중상,보행자,여,76세,중상
2017073100100153,2017년 7월 31일 10시,월요일,충청남도 천안시 동남구 광덕면,경상사고,0,0,4,0,차대차 - 추돌,안전운전불이행,건조,맑음,단일로 - 터널,승용,남,35세,상해없음,승용,남,27세,경상
2017073100100239,2017년 7월 31일 12시,월요일,충청남도 공주시 정안면,경상사고,0,0,1,0,차대차 - 측면충돌,안전운전불이행,젖음/습기,비,단일로 - 기타,화물,남,35세,상해없음,승용,여,51세,경상
2017073100100265,2017년 7월 31일 13시,월요일,충청남도 천안시 동남구 영성동,경상사고,0,0,1,0,차대차 - 추돌,안전운전불이행,젖음/습기,비,교차로 - 교차로부근,승용,여,77세,상해없음,승용,여,52세,경상
2017073100100328,2017년 7월 31일 15시,월요일,충청남도 홍성군 광천읍,경상사고,0,0,1,0,차대차 - 측면충돌,교차로운행방법위반,젖음/습기,비,교차로 - 교차로안,승용,남,75세,상해없음,승용,남,72세,경상
2017073100100329,2017년 7월 31일 15시,월요일,충청남도 부여군 부여읍,경상사고,0,0,2,0,차대차 - 측면충돌,중앙선침범,젖음/습기,비,단일로 - 기타,승용,남,80세,상해없음,화물,남,60세,경상
2017073100100330,2017년 7월 31일 15시,월요일,충청남도 논산시 광석면,경상사고,0,0,2,0,차대차 - 추돌,안전운전불이행,젖음/습기,비,단일로 - 기타,승용,남,23세,상해없음,승용,남,73세,경상
2017073100100368,2017년 7월 31일 16시,월요일,충청남도 아산시 탕정면,경상사고,0,0,1,0,차대사람 - 횡단중,보행자보호의무위반,건조,맑음,교차로 - 교차로횡단보도내,승용,남,53세,상해없음,보행자,여,24세,경상
2017073100100369,2017년 7월 31일 16시,월요일,충청남도 공주시 반포면,경상사고,0,0,2,0,차대차 - 추돌,안전운전불이행,젖음/습기,비,교차로 - 교차로부근,승용,남,51세,상해없음,승용,여,40세,경상
2017073100100402,2017년 7월 31일 17시,월요일,충청남도 천안시 동남구 봉명동,경상사고,0,0,4,0,차대차 - 정면충돌,안전운전불이행,젖음/습기,비,단일로 - 기타,승용,남,49세,상해없음,승용,남,59세,경상
2017073100100437,2017년 7월 31일 18시,월요일,충청남도 천안시 서북구 직산읍,경상사고,0,0,1,0,차대차 - 측면충돌,안전운전불이행,젖음/습기,비,단일로 - 기타,화물,남,41세,상해없음,승용,여,49세,경상
2017073100100438,2017년 7월 31일 18시,월요일,충청남도 논산시 취암동,중상사고,0,1,1,0,차대차 - 추돌,안전운전불이행,젖음/습기,비,교차로 - 교차로부근,승용,남,43세,상해없음,승용,여,41세,중상
2017073100100507,2017년 7월 31일 20시,월요일,충청남도 계룡시 엄사면,중상사고,0,1,0,0,차대사람 - 횡단중,안전운전불이행,젖음/습기,비,교차로 - 교차로부근,승용,여,53세,상해없음,보행자,남,77세,중상
2017073100100508,2017년 7월 31일 20시,월요일,충청남도 천안시 동남구 목천읍,경상사고,0,0,1,0,차량단독 - 전도전복 - 전도,안전운전불이행,젖음/습기,비,단일로 - 기타,원동기,남,21세,경상,,,,
2017073100100535,2017년 7월 31일 21시,월요일,충청남도 아산시 도고면,경상사고,0,0,1,0,차대차 - 정면충돌,안전운전불이행,젖음/습기,흐림,교차로 - 교차로안,승용,남,59세,상해없음,승용,남,48세,경상
2017073100100568,2017년 7월 31일 22시,월요일,충청남도 공주시 옥룡동,경상사고,0,0,2,0,차대차 - 후진중충돌,안전운전불이행,젖음/습기,흐림,주차장 - 주차장,화물,남,59세,상해없음,승용,여,50세,경상
2017073100100596,2017년 7월 31일 23시,월요일,충청남도 천안시 동남구 용곡동,사망사고,1,3,1,0,차대차 - 추돌,과속,젖음/습기,비,단일로 - 고가도로위,승합,남,35세,상해없음,승용,남,54세,사망
2017073100100597,2017년 7월 31일 23시,월요일,충청남도 천안시 동남구 다가동,경상사고,0,0,1,0,차대차 - 후진중충돌,안전운전불이행,건조,맑음,단일로 - 기타,화물,남,68세,상해없음,승용,남,52세,경상
2017080100100028,2017년 8월 1일 00시,화요일,충청남도 서산시 예천동,중상사고,0,2,1,0,차대차 - 측면충돌,안전운전불이행,젖음/습기,흐림,교차로 - 교차로안,승용,남,33세,상해없음,승용,남,57세,경상
2017080100100044,2017년 8월 1일 01시,화요일,충청남도 천안시 서북구 불당동,경상사고,0,0,1,0,차대차 - 추돌,안전운전불이행,젖음/습기,비,단일로 - 기타,화물,남,52세,상해없음,승용,남,33세,경상
2017080100100055,2017년 8월 1일 02시,화요일,충청남도 논산시 내동,경상사고,0,0,3,0,차대차 - 측면충돌,교차로운행방법위반,젖음/습기,흐림,교차로 - 교차로안,이륜,남,27세,경상,승용,남,23세,경상
2017080100100077,2017년 8월 1일 04시,화요일,충청남도 당진시 송악읍,경상사고,0,0,1,0,차량단독 - 전도전복,안전운전불이행,젖음/습기,비,단일로 - 기타,승용,여,35세,경상,미분류,미분류,미분류,미분류
2017080100100111,2017년 8월 1일 07시,화요일,충청남도 청양군 정산면,사망사고,1,0,0,0,차량단독 - 전도전복,안전운전불이행,젖음/습기,비,단일로 - 기타,농기계,남,80세,사망,미분류,미분류,미분류,미분류
2017080100100158,2017년 8월 1일 09시,화요일,충청남도 청양군 정산면,경상사고,0,0,1,0,차대차 - 정면충돌,중앙선침범,건조,맑음,교차로 - 교차로부근,이륜,남,84세,경상,승용,남,24세,상해없음
2017080100100186,2017년 8월 1일 10시,화요일,충청남도 태안군 태안읍,중상사고,0,1,0,0,차대차 - 측면충돌,차로위반,건조,맑음,단일로 - 기타,승용,남,68세,상해없음,승용,남,31세,중상
2017080100100208,2017년 8월 1일 11시,화요일,충청남도 공주시 계룡면,경상사고,0,0,1,0,차대차 - 추돌,안전운전불이행,건조,맑음,단일로 - 기타,화물,남,62세,상해없음,농기계,남,70세,경상
2017080100100209,2017년 8월 1일 11시,화요일,충청남도 청양군 대치면,경상사고,0,0,4,0,차대차 - 추돌,안전운전불이행,건조,맑음,교차로 - 교차로부근,승용,남,19세,상해없음,승합,남,49세,경상
2017080100100245,2017년 8월 1일 12시,화요일,충청남도 태안군 태안읍,중상사고,0,2,1,0,차대차 - 정면충돌,안전거리미확보,건조,맑음,교차로 - 교차로부근,승용,남,38세,상해없음,승용,여,63세,중상
2017080100100246,2017년 8월 1일 12시,화요일,충청남도 천안시 동남구 다가동,경상사고,0,0,1,0,차대차 - 측면충돌,안전거리미확보,건조,맑음,단일로 - 기타,화물,남,65세,상해없음,화물,남,18세,경상
2017080100100336,2017년 8월 1일 15시,화요일,충청남도 홍성군 홍성읍,중상사고,0,1,1,0,차대차 - 측면충돌,신호위반,건조,맑음,교차로 - 교차로안,승용,남,62세,상해없음,화물,남,49세,경상
2017080100100367,2017년 8월 1일 16시,화요일,충청남도 아산시 염치읍,경상사고,0,0,1,0,차대차 - 측면충돌,안전운전불이행,건조,맑음,기타 - 기타,화물,남,62세,상해없음,승용,남,26세,경상
2017080100100368,2017년 8월 1일 16시,화요일,충청남도 보령시 명천동,경상사고,0,0,1,0,차대차 - 측면충돌,차로위반,건조,맑음,교차로 - 교차로안,이륜,남,69세,경상,승용,남,48세,상해없음
2017080100100369,2017년 8월 1일 16시,화요일,충청남도 당진시 수청리,경상사고,0,0,3,0,차대차 - 추돌,안전운전불이행,건조,맑음,교차로 - 교차로부근,승용,여,45세,경상,승용,여,35세,경상
2017080100100409,2017년 8월 1일 17시,화요일,충청남도 당진시 면천면,중상사고,0,1,0,0,차대차 - 측면충돌,안전운전불이행,건조,맑음,단일로 - 기타,승용,여,56세,상해없음,이륜,남,79세,중상
2017080100100453,2017년 8월 1일 18시,화요일,충청남도 서산시 예천동,경상사고,0,0,1,0,차대차 - 정면충돌,교차로운행방법위반,건조,맑음,교차로 - 교차로안,승용,여,52세,상해없음,이륜,남,25세,경상
2017080100100454,2017년 8월 1일 18시,화요일,충청남도 공주시 탄천면,중상사고,0,1,0,0,차대차 - 측면충돌,교차로운행방법위반,건조,맑음,교차로 - 교차로안,승용,남,28세,상해없음,이륜,남,73세,중상
2017080100100484,2017년 8월 1일 19시,화요일,충청남도 보령시 신흑동,경상사고,0,0,3,0,차대차 - 측면충돌,안전운전불이행,건조,맑음,주차장 - 주차장,화물,남,23세,상해없음,화물,남,34세,경상
2017080100100518,2017년 8월 1일 20시,화요일,충청남도 천안시 서북구 성정동,중상사고,0,1,0,0,차대차 - 측면충돌,신호위반,건조,맑음,교차로 - 교차로부근,이륜,남,21세,중상,승용,남,36세,상해없음
2017080100100519,2017년 8월 1일 20시,화요일,충청남도 부여군 구룡면,중상사고,0,1,0,0,차량단독 - 전도전복,안전운전불이행,건조,맑음,단일로 - 기타,이륜,남,29세,중상,미분류,미분류,미분류,미분류
2017080100100520,2017년 8월 1일 20시,화요일,충청남도 청양군 비봉면,경상사고,0,0,1,0,차대차 - 기타,안전운전불이행,건조,맑음,단일로 - 기타,승용,남,45세,상해없음,원동기,남,39세,경상
2017080100100544,2017년 8월 1일 21시,화요일,충청남도 천안시 동남구 수신면,경상사고,0,0,1,0,차대사람 - 차도통행중,중앙선침범,건조,맑음,단일로 - 기타,승용,남,21세,상해없음,보행자,남,19세,경상
2017080200100041,2017년 8월 2일 01시,수요일,충청남도 천안시 서북구 불당동,경상사고,0,0,1,0,차대차 - 측면충돌,과속,건조,맑음,교차로 - 교차로안,승용,남,24세,상해없음,승용,남,46세,경상
2017080200100050,2017년 8월 2일 03시,수요일,충청남도 태안군 안면읍,중상사고,0,1,0,0,차량단독 - 공작물충돌,안전운전불이행,건조,맑음,단일로 - 기타,승용,남,40세,중상,,,,
2017080200100061,2017년 8월 2일 04시,수요일,충청남도 천안시 서북구 두정동,경상사고,0,0,1,0,차대차 - 기타,안전운전불이행,건조,맑음,교차로 - 교차로안,승용,남,27세,상해없음,승용,남,53세,경상
2017080200100088,2017년 8월 2일 07시,수요일,충청남도 논산시 취암동,중상사고,0,2,0,0,차대차 - 측면충돌,안전운전불이행,건조,맑음,교차로 - 교차로안,건설기계,남,58세,상해없음,이륜,남,64세,중상
2017080200100089,2017년 8월 2일 07시,수요일,충청남도 당진시 송산면,중상사고,0,1,0,0,차대차 - 측면충돌,직진우회전진행방해,건조,맑음,교차로 - 교차로안,이륜,여,66세,중상,승용,남,65세,상해없음
2017080200100149,2017년 8월 2일 10시,수요일,충청남도 천안시 서북구 불당동,경상사고,0,0,1,0,차대차 - 측면충돌,안전운전불이행,건조,맑음,교차로 - 교차로횡단보도내,승용,남,46세,상해없음,자전거,남,28세,경상
2017080200100150,2017년 8월 2일 10시,수요일,충청남도 부여군 부여읍,중상사고,0,1,0,0,차대사람 - 횡단중,안전운전불이행,건조,맑음,교차로 - 교차로안,승용,여,43세,상해없음,보행자,남,39세,중상
2017080200100151,2017년 8월 2일 10시,수요일,충청남도 천안시 동남구 신부동,중상사고,0,3,0,0,차대차 - 측면충돌,안전운전불이행,건조,맑음,단일로 - 기타,승용,남,57세,상해없음,승용,여,48세,중상
2017080200100217,2017년 8월 2일 12시,수요일,충청남도 논산시 부적면,중상사고,0,1,0,0,차대차 - 추돌,안전운전불이행,건조,맑음,단일로 - 기타,화물,남,35세,상해없음,화물,남,41세,중상
2017080200100247,2017년 8월 2일 13시,수요일,충청남도 논산시 연무읍,중상사고,0,1,0,0,차대사람 - 횡단중,보행자보호의무위반,건조,맑음,교차로 - 교차로횡단보도내,승용,남,33세,상해없음,보행자,여,48세,중상
2017080200100323,2017년 8월 2일 15시,수요일,충청남도 보령시 대천동,중상사고,0,1,0,0,차대차 - 측면충돌,안전운전불이행,건조,맑음,교차로 - 교차로안,화물,남,39세,상해없음,자전거,남,83세,중상
2017080200100357,2017년 8월 2일 16시,수요일,충청남도 천안시 서북구 성정동,중상사고,0,1,0,0,차대차 - 기타,안전운전불이행,건조,맑음,단일로 - 기타,승용,여,28세,상해없음,자전거,남,69세,중상
2017080200100358,2017년 8월 2일 16시,수요일,충청남도 아산시 송악면,중상사고,0,1,1,0,차대차 - 정면충돌,중앙선침범,건조,맑음,단일로 - 기타,화물,남,61세,상해없음,승용,남,60세,경상
2017080200100404,2017년 8월 2일 17시,수요일,충청남도 천안시 서북구 성정동,부상신고사고,0,0,0,1,차대차 - 측면충돌,안전운전불이행,건조,맑음,교차로 - 교차로횡단보도내,기타불명,기타불명,미분류,기타불명,자전거,남,19세,부상신고
2017080200100405,2017년 8월 2일 17시,수요일,충청남도 아산시 탕정면,중상사고,0,1,0,0,차대차 - 측면충돌,기타,건조,맑음,단일로 - 기타,승용,남,54세,상해없음,자전거,남,55세,중상
2017080200100467,2017년 8월 2일 19시,수요일,충청남도 서산시 대산읍,중상사고,0,1,0,0,차량단독 - 공작물충돌,안전운전불이행,건조,맑음,단일로 - 기타,승용,여,29세,상해없음,,,,
2017080200100502,2017년 8월 2일 20시,수요일,충청남도 천안시 서북구 직산읍,경상사고,0,0,1,0,차대차 - 기타,안전운전불이행,건조,맑음,단일로 - 기타,화물,남,42세,상해없음,승용,여,45세,경상
2017080200100503,2017년 8월 2일 20시,수요일,충청남도 논산시 취암동,경상사고,0,0,1,0,차대차 - 추돌,안전운전불이행,건조,맑음,교차로 - 교차로안,승용,남,34세,상해없음,승용,여,49세,경상
2017080200100560,2017년 8월 2일 23시,수요일,충청남도 서산시 동문동,중상사고,0,1,0,0,차대차 - 측면충돌,신호위반,건조,맑음,교차로 - 교차로안,승용,남,63세,상해없음,승용,여,24세,중상
2017080200100561,2017년 8월 2일 23시,수요일,충청남도 천안시 서북구 성정동,중상사고,0,1,1,0,차대차 - 측면충돌,신호위반,건조,맑음,교차로 - 교차로안,이륜,남,39세,중상,승용,남,45세,경상
2017080200100562,2017년 8월 2일 23시,수요일,충청남도 홍성군 홍북읍,경상사고,0,0,3,0,차대차 - 측면충돌,신호위반,건조,맑음,교차로 - 교차로안,승용,남,34세,경상,승용,여,55세,경상
2017080200100563,2017년 8월 2일 23시,수요일,충청남도 보령시 신흑동,중상사고,0,1,1,0,차대차 - 정면충돌,중앙선침범,건조,맑음,단일로 - 기타,원동기,남,16세,경상,이륜,남,19세,중상
2017080300100066,2017년 8월 3일 05시,목요일,충청남도 아산시 배미동,중상사고,0,1,0,0,차량단독 - 전도전복 - 전도,안전운전불이행,건조,맑음,단일로 - 고가도로위,이륜,남,15세,상해없음,,,,
2017080300100092,2017년 8월 3일 07시,목요일,충청남도 공주시 옥룡동,경상사고,0,0,1,0,차대차 - 측면충돌,안전운전불이행,건조,맑음,교차로 - 교차로안,승용,남,50세,기타불명,자전거,남,12세,경상
2017080300100093,2017년 8월 3일 07시,목요일,충청남도 예산군 예산읍,사망사고,1,0,0,0,차대사람 - 기타,과속,건조,맑음,단일로 - 터널,승용,남,32세,상해없음,보행자,남,75세,사망
2017080300100127,2017년 8월 3일 08시,목요일,충청남도 금산군 금산읍,중상사고,0,1,0,0,차대사람 - 횡단중,보행자보호의무위반,건조,맑음,교차로 - 교차로횡단보도내,화물,남,47세,상해없음,보행자,남,83세,중상
2017080300100157,2017년 8월 3일 09시,목요일,충청남도 서산시 팔봉면,중상사고,0,2,2,0,차대차 - 정면충돌,안전운전불이행,건조,맑음,단일로 - 기타,승용,여,55세,중상,승용,여,33세,중상
2017080300100282,2017년 8월 3일 12시,목요일,충청남도 천안시 서북구 성거읍,부상신고사고,0,0,0,1,차대차 - 측면충돌,안전운전불이행,건조,맑음,단일로 - 기타,이륜,남,18세,부상신고,승용,남,37세,상해없음
2017080300100283,2017년 8월 3일 12시,목요일,충청남도 공주시 우성면,중상사고,0,1,0,0,차대차 - 기타,중앙선침범,건조,맑음,교차로 - 교차로부근,기타불명,기타불명,미분류,기타불명,이륜,남,58세,중상
2017080300100352,2017년 8월 3일 14시,목요일,충청남도 서산시 성연면,중상사고,0,2,2,0,차대차 - 측면충돌,신호위반,건조,맑음,교차로 - 교차로안,승용,남,56세,중상,승용,남,59세,경상
2017080300100353,2017년 8월 3일 14시,목요일,충청남도 천안시 서북구 쌍용동,경상사고,0,0,2,0,차대차 - 후진중충돌,안전운전불이행,건조,맑음,교차로 - 교차로안,승용,여,46세,상해없음,승용,남,28세,경상
2017080300100354,2017년 8월 3일 14시,목요일,충청남도 보령시 동대동,경상사고,0,0,1,0,차대사람 - 횡단중,안전운전불이행,건조,맑음,교차로 - 교차로부근,승용,남,51세,상해없음,보행자,남,68세,경상
2017080300100355,2017년 8월 3일 14시,목요일,충청남도 청양군 비봉면,경상사고,0,0,2,0,차량단독 - 전도전복,안전운전불이행,건조,맑음,단일로 - 기타,승용,남,71세,경상,미분류,미분류,미분류,미분류
2017080300100356,2017년 8월 3일 14시,목요일,충청남도 계룡시 두마면,경상사고,0,0,2,0,차대차 - 측면충돌,안전거리미확보,건조,맑음,단일로 - 기타,승합,남,70세,상해없음,승용,남,69세,경상
2017080300100420,2017년 8월 3일 16시,목요일,충청남도 논산시 내동,중상사고,0,1,1,0,차대차 - 측면충돌,교차로운행방법위반,건조,맑음,교차로 - 교차로안,승용,남,29세,경상,승합,남,75세,중상
2017080300100421,2017년 8월 3일 16시,목요일,충청남도 논산시 취암동,중상사고,0,1,0,0,차대사람 - 횡단중,안전운전불이행,건조,맑음,교차로 - 교차로안,승용,남,67세,상해없음,보행자,남,84세,중상
2017080300100422,2017년 8월 3일 16시,목요일,충청남도 홍성군 홍동면,중상사고,0,1,1,0,차대차 - 측면충돌,신호위반,건조,맑음,교차로 - 교차로안,승용,남,75세,상해없음,승용,남,52세,경상
2017080300100452,2017년 8월 3일 17시,목요일,충청남도 태안군 태안읍,부상신고사고,0,0,0,1,차대차 - 정면충돌,신호위반,건조,맑음,교차로 - 교차로안,이륜,남,77세,부상신고,승용,남,38세,상해없음
2017080300100453,2017년 8월 3일 17시,목요일,충청남도 논산시 부창동,중상사고,0,1,0,0,차대차 - 기타,중앙선침범,건조,맑음,단일로 - 기타,화물,남,61세,상해없음,승합,남,43세,상해없음
2017080300100454,2017년 8월 3일 17시,목요일,충청남도 아산시 배방읍,부상신고사고,0,0,0,2,차대차 - 추돌,안전운전불이행,건조,맑음,교차로 - 교차로부근,승합,남,59세,상해없음,승용,여,48세,부상신고
2017080300100491,2017년 8월 3일 18시,목요일,충청남도 서천군 종천면,경상사고,0,0,1,0,차대차 - 추돌,안전운전불이행,건조,맑음,단일로 - 기타,승용,남,64세,상해없음,승용,남,30세,경상
2017080300100492,2017년 8월 3일 18시,목요일,충청남도 부여군 규암면,중상사고,0,1,0,0,차대차 - 정면충돌,안전운전불이행,건조,맑음,교차로 - 교차로안,승용,여,28세,상해없음,화물,남,64세,중상
2017080300100557,2017년 8월 3일 20시,목요일,충청남도 보령시 신흑동,경상사고,0,0,1,0,차대차 - 측면충돌,안전운전불이행,건조,맑음,교차로 - 교차로안,승용,남,46세,상해없음,개인형이동수단(PM),남,19세,경상
2017080300100610,2017년 8월 3일 22시,목요일,충청남도 태안군 소원면,부상신고사고,0,0,0,1,차대차 - 측면충돌,안전거리미확보,건조,맑음,단일로 - 기타,사륜오토바이(ATV),남,40세,부상신고,승용,여,58세,상해없음
2017080300100611,2017년 8월 3일 22시,목요일,충청남도 천안시 서북구 성정동,경상사고,0,0,1,0,차대차 - 추돌,안전운전불이행,건조,맑음,교차로 - 교차로안,승용,여,40세,상해없음,승용,남,26세,경상
2017080300100612,2017년 8월 3일 22시,목요일,충청남도 천안시 서북구 두정동,경상사고,0,0,1,0,차대차 - 측면충돌,신호위반,건조,맑음,교차로 - 교차로안,승용,여,42세,상해없음,승용,남,22세,경상
2017080300100637,2017년 8월 3일 23시,목요일,충청남도 서산시 수석동,중상사고,0,1,0,1,차대차 - 측면충돌,신호위반,건조,맑음,교차로 - 교차로안,승용,남,26세,부상신고,승용,남,42세,중상
2017080300100638,2017년 8월 3일 23시,목요일,충청남도 아산시 음봉면,중상사고,0,3,3,0,차대차 - 측면충돌,신호위반,건조,맑음,교차로 - 교차로안,승용,남,30세,상해없음,화물,여,46세,중상
2017080400100033,2017년 8월 4일 00시,금요일,충청남도 태안군 안면읍,중상사고,0,1,0,0,차대사람 - 횡단중,중앙선침범,건조,맑음,단일로 - 기타,승용,여,33세,상해없음,보행자,남,53세,중상
2017080400100046,2017년 8월 4일 01시,금요일,충청남도 아산시 배방읍,부상신고사고,0,0,0,2,차대차 - 측면충돌,신호위반,건조,맑음,교차로 - 교차로안,승용,남,51세,상해없음,승용,남,33세,부상신고
2017080400100068,2017년 8월 4일 03시,금요일,충청남도 천안시 서북구 쌍용동,경상사고,0,0,2,0,차대차 - 기타,안전운전불이행,건조,맑음,단일로 - 기타,승용,남,33세,상해없음,승용,남,22세,경상
2017080400100069,2017년 8월 4일 03시,금요일,충청남도 보령시 신흑동,중상사고,0,2,2,0,차대차 - 기타,신호위반,건조,맑음,교차로 - 교차로안,승용,남,33세,경상,승용,남,24세,중상
2017080400100090,2017년 8월 4일 06시,금요일,충청남도 당진시 신평면,경상사고,0,0,2,0,차대차 - 측면충돌,안전운전불이행,건조,맑음,교차로 - 교차로안,승용,여,33세,경상,승용,남,40세,경상
2017080400100109,2017년 8월 4일 07시,금요일,충청남도 예산군 고덕면,중상사고,0,1,0,0,차대차 - 측면충돌,직진우회전진행방해,건조,맑음,교차로 - 교차로안,이륜,남,84세,중상,승용,남,63세,상해없음
2017080400100139,2017년 8월 4일 08시,금요일,충청남도 천안시 서북구 쌍용동,중상사고,0,1,1,2,차대차 - 기타,신호위반,건조,맑음,교차로 - 교차로안,승용,남,48세,상해없음,승용,여,50세,경상
2017080400100140,2017년 8월 4일 08시,금요일,충청남도 논산시 부창동,중상사고,0,1,0,0,차대차 - 측면충돌,안전운전불이행,건조,맑음,교차로 - 교차로부근,화물,남,55세,상해없음,화물,남,62세,중상
2017080400100165,2017년 8월 4일 09시,금요일,충청남도 아산시 배방읍,경상사고,0,0,3,0,차대차 - 측면충돌,안전운전불이행,건조,맑음,단일로 - 기타,승용,남,22세,상해없음,승용,여,40세,경상
2017080400100166,2017년 8월 4일 09시,금요일,충청남도 보령시 대천동,중상사고,0,1,0,0,차대사람 - 횡단중,안전운전불이행,건조,맑음,교차로 - 교차로안,승용,여,48세,상해없음,보행자,여,72세,중상
2017080400100168,2017년 8월 4일 09시,금요일,충청남도 당진시 석문면,경상사고,0,0,1,0,차대차 - 측면충돌,직진우회전진행방해,건조,맑음,교차로 - 교차로안,건설기계,남,49세,상해없음,건설기계,남,70세,경상
2017080400100204,2017년 8월 4일 10시,금요일,충청남도 예산군 예산읍,경상사고,0,0,1,0,차대차 - 측면충돌,신호위반,건조,맑음,교차로 - 교차로안,승합,남,59세,상해없음,승용,남,52세,경상
2017080400100246,2017년 8월 4일 11시,금요일,충청남도 홍성군 광천읍,중상사고,0,1,0,0,차대차 - 추돌,기타,건조,맑음,단일로 - 기타,화물,남,67세,상해없음,이륜,남,72세,중상
2017080400100247,2017년 8월 4일 11시,금요일,충청남도 보령시 남곡동,사망사고,1,0,0,0,차량단독 - 기타,안전운전불이행,건조,맑음,단일로 - 기타,이륜,남,62세,사망,,,,
2017080400100248,2017년 8월 4일 11시,금요일,충청남도 보령시 대천동,경상사고,0,0,1,0,차대차 - 측면충돌,안전운전불이행,건조,맑음,단일로 - 기타,승용,남,54세,상해없음,승용,남,56세,경상
2017080400100249,2017년 8월 4일 11시,금요일,충청남도 천안시 동남구 영성동,경상사고,0,0,1,0,차대차 - 측면충돌,안전운전불이행,건조,맑음,단일로 - 고가도로위,승용,여,50세,상해없음,승용,남,26세,경상
2017080400100251,2017년 8월 4일 11시,금요일,충청남도 보령시 남포면,중상사고,0,2,3,0,차대차 - 기타,안전운전불이행,건조,맑음,단일로 - 교량,화물,남,54세,상해없음,승용,여,38세,중상
2017080400100288,2017년 8월 4일 12시,금요일,충청남도 천안시 동남구 원성동,경상사고,0,0,2,0,차대차 - 추돌,안전운전불이행,건조,맑음,기타 - 기타,승용,남,49세,기타불명,승용,여,50세,경상
2017080400100289,2017년 8월 4일 12시,금요일,충청남도 천안시 동남구 청수동,경상사고,0,0,5,0,차대차 - 기타,기타,건조,맑음,기타 - 기타,승용,여,47세,경상,승용,남,50세,경상
2017080400100349,2017년 8월 4일 14시,금요일,충청남도 논산시 광석면,경상사고,0,0,1,0,차대차 - 추돌,안전운전불이행,건조,맑음,교차로 - 교차로부근,승용,여,51세,상해없음,이륜,남,24세,경상
2017080400100350,2017년 8월 4일 14시,금요일,충청남도 청양군 정산면,중상사고,0,2,2,0,차대차 - 추돌,안전운전불이행,건조,맑음,단일로 - 기타,승용,여,31세,경상,승용,남,58세,경상
2017080400100392,2017년 8월 4일 15시,금요일,충청남도 논산시 강경읍,중상사고,0,1,0,0,차대차 - 정면충돌,안전운전불이행,건조,맑음,교차로 - 교차로부근,승용,남,67세,상해없음,이륜,남,56세,중상
2017080400100393,2017년 8월 4일 15시,금요일,충청남도 서천군 비인면,경상사고,0,0,1,0,차대차 - 측면충돌,기타,건조,맑음,교차로 - 교차로안,원동기,여,55세,경상,화물,남,58세,상해없음
2017080400100394,2017년 8월 4일 15시,금요일,충청남도 금산군 금산읍,경상사고,0,0,1,0,차대차 - 후진중충돌,안전운전불이행,건조,맑음,단일로 - 기타,승합,남,37세,상해없음,이륜,여,80세,경상
2017080400100431,2017년 8월 4일 16시,금요일,충청남도 예산군 예산읍,경상사고,0,0,1,0,차대차 - 측면충돌,안전운전불이행,건조,맑음,주차장 - 주차장,승용,남,50세,상해없음,승용,여,42세,경상
2017080400100432,2017년 8월 4일 16시,금요일,충청남도 부여군 홍산면,경상사고,0,0,1,0,차대차 - 정면충돌,중앙선침범,건조,맑음,단일로 - 기타,승용,여,47세,상해없음,승용,여,56세,경상
2017080400100478,2017년 8월 4일 17시,금요일,충청남도 홍성군 홍성읍,경상사고,0,0,1,0,차대차 - 측면충돌,교차로운행방법위반,건조,맑음,교차로 - 교차로안,승용,여,46세,상해없음,승용,남,56세,상해없음
2017080400100647,2017년 8월 4일 22시,금요일,충청남도 아산시 음봉면,중상사고,0,1,0,0,차대사람 - 기타,안전운전불이행,건조,맑음,단일로 - 기타,승용,남,47세,상해없음,보행자,남,48세,중상
2017080400100648,2017년 8월 4일 22시,금요일,충청남도 부여군 부여읍,경상사고,0,0,3,0,차대차 - 추돌,안전운전불이행,건조,맑음,단일로 - 기타,승용,여,36세,상해없음,승용,남,32세,경상
2017080400100649,2017년 8월 4일 22시,금요일,충청남도 천안시 동남구 신방동,경상사고,0,0,4,0,차대차 - 추돌,안전운전불이행,건조,맑음,교차로 - 교차로부근,승용,남,49세,상해없음,승용,여,35세,경상
2017080400100669,2017년 8월 4일 23시,금요일,충청남도 서산시 부석면,중상사고,0,1,0,0,차량단독 - 공작물충돌,안전운전불이행,건조,맑음,단일로 - 기타,이륜,남,38세,중상,,,,
2017080500100019,2017년 8월 5일 00시,토요일,충청남도 아산시 둔포면,사망사고,1,1,0,0,차대차 - 추돌,안전운전불이행,건조,맑음,단일로 - 기타,승용,남,23세,상해없음,승용,여,39세,사망
2017080500100078,2017년 8월 5일 05시,토요일,충청남도 천안시 동남구 성황동,경상사고,0,0,1,0,차대차 - 추돌,안전거리미확보,건조,맑음,교차로 - 교차로부근,승용,남,55세,상해없음,승용,남,57세,경상
2017080500100149,2017년 8월 5일 09시,토요일,충청남도 서천군 서천읍,경상사고,0,0,6,0,차대차 - 측면충돌,안전운전불이행,건조,맑음,단일로 - 기타,승용,남,34세,경상,승용,남,37세,경상