사고번호,사고일시,요일,시군구,사고내용,사망자수,중상자수,경상자수,부상신고자수,사고유형,법규위반,노면상태,기상상태,도로형태,가해운전자 차종,가해운전자 성별,가해운전자 연령,가해운전자 상해정도,피해운전자 차종,피해운전자 성별,피해운전자 연령,피해운전자 상해정도
2017081400100230,2017년 8월 14일 11시,월요일,충청남도 계룡시 두마면,경상사고,0,0,1,0,차대차 - 측면충돌,안전거리미확보,젖음/습기,비,단일로 - 기타,승용,남,46세,상해없음,승용,남,56세,경상
2017081400100231,2017년 8월 14일 11시,월요일,충청남도 논산시 연산면,중상사고,0,1,7,0,차대차 - 측면충돌,중앙선침범,건조,맑음,단일로 - 기타,승용,남,79세,상해없음,승용,여,40세,경상
2017081400100318,2017년 8월 14일 13시,월요일,충청남도 천안시 서북구 쌍용동,경상사고,0,0,1,0,차대차 - 기타,안전거리미확보,젖음/습기,비,단일로 - 기타,건설기계,남,59세,상해없음,승용,여,44세,경상
2017081400100319,2017년 8월 14일 13시,월요일,충청남도 서천군 장항읍,경상사고,0,0,1,0,차대사람 - 기타,안전운전불이행,건조,맑음,단일로 - 기타,자전거,남,14세,상해없음,보행자,여,74세,경상
2017081400100361,2017년 8월 14일 14시,월요일,충청남도 천안시 서북구 신당동,중상사고,0,1,0,0,차대차 - 측면충돌,차로위반,젖음/습기,비,교차로 - 교차로안,승용,여,56세,상해없음,승합,남,67세,상해없음
2017081400100362,2017년 8월 14일 14시,월요일,충청남도 홍성군 홍성읍,경상사고,0,0,1,0,차대사람 - 횡단중,안전운전불이행,젖음/습기,흐림,단일로 - 기타,승용,남,49세,상해없음,보행자,남,35세,경상
2017081400100363,2017년 8월 14일 14시,월요일,충청남도 홍성군 홍성읍,경상사고,0,0,1,0,차대사람 - 횡단중,안전운전불이행,젖음/습기,흐림,단일로 - 기타,화물,여,41세,상해없음,보행자,남,46세,경상
2017081400100435,2017년 8월 14일 16시,월요일,충청남도 태안군 안면읍,중상사고,0,1,0,0,차대사람 - 횡단중,안전운전불이행,건조,맑음,기타 - 기타,승용,남,56세,상해없음,보행자,여,75세,중상
2017081400100479,2017년 8월 14일 17시,월요일,충청남도 아산시 온천동,중상사고,0,1,0,0,차대차 - 추돌,안전운전불이행,건조,맑음,교차로 - 교차로부근,승용,여,49세,기타불명,이륜,남,17세,중상
2017081400100481,2017년 8월 14일 17시,월요일,충청남도 당진시 송악읍,중상사고,0,1,0,0,차대사람 - 기타,안전운전불이행,건조,맑음,교차로 - 교차로부근,승용,여,37세,상해없음,보행자,남,75세,중상
2017081400100482,2017년 8월 14일 17시,월요일,충청남도 당진시 읍내리,중상사고,0,1,0,0,차대차 - 측면충돌,안전거리미확보,건조,맑음,단일로 - 기타,화물,남,72세,상해없음,이륜,남,76세,중상
2017081400100564,2017년 8월 14일 19시,월요일,충청남도 당진시 읍내리,경상사고,0,0,2,0,차대차 - 추돌,안전거리미확보,젖음/습기,맑음,단일로 - 기타,화물,남,48세,상해없음,승용,여,53세,경상
2017081400100607,2017년 8월 14일 20시,월요일,충청남도 홍성군 홍성읍,경상사고,0,0,1,0,차대사람 - 횡단중,안전운전불이행,젖음/습기,흐림,단일로 - 기타,승용,여,48세,상해없음,보행자,남,41세,경상
2017081400100648,2017년 8월 14일 21시,월요일,충청남도 천안시 서북구 백석동,경상사고,0,0,1,0,차대차 - 기타,안전운전불이행,젖음/습기,비,단일로 - 기타,승용,여,29세,상해없음,원동기,남,23세,경상
2017081400100649,2017년 8월 14일 21시,월요일,충청남도 천안시 서북구 백석동,경상사고,0,0,1,0,차대사람 - 보도통행중,기타,젖음/습기,비,단일로 - 기타,원동기,남,32세,상해없음,보행자,남,20세,경상
2017081500100023,2017년 8월 15일 00시,화요일,충청남도 천안시 서북구 백석동,중상사고,0,1,0,0,차대차 - 추돌,안전운전불이행,젖음/습기,비,단일로 - 기타,승용,여,41세,상해없음,승용,남,38세,중상
2017081500100024,2017년 8월 15일 00시,화요일,충청남도 아산시 권곡동,중상사고,0,1,2,0,차대차 - 측면충돌,직진우회전진행방해,젖음/습기,흐림,교차로 - 교차로안,승용,남,55세,상해없음,승용,남,56세,상해없음
2017081500100076,2017년 8월 15일 03시,화요일,충청남도 천안시 서북구 불당동,중상사고,0,1,0,0,차대차 - 추돌,안전운전불이행,젖음/습기,비,교차로 - 교차로부근,승용,남,42세,상해없음,승용,남,27세,중상
2017081500100164,2017년 8월 15일 09시,화요일,충청남도 공주시 중동,부상신고사고,0,0,0,1,차량단독 - 전도전복,안전운전불이행,젖음/습기,비,단일로 - 기타,사륜오토바이(ATV),남,68세,부상신고,미분류,미분류,미분류,미분류
2017081500100203,2017년 8월 15일 12시,화요일,충청남도 태안군 남면,경상사고,0,0,2,0,차대차 - 측면충돌,차로위반,건조,맑음,단일로 - 기타,승용,남,51세,상해없음,승용,여,46세,경상
2017081500100252,2017년 8월 15일 14시,화요일,충청남도 논산시 강산동,경상사고,0,0,4,0,차대차 - 추돌,안전운전불이행,젖음/습기,비,교차로 - 교차로부근,화물,남,39세,상해없음,승용,남,48세,상해없음
2017081500100282,2017년 8월 15일 15시,화요일,충청남도 논산시 노성면,중상사고,0,1,1,0,차대차 - 측면충돌,중앙선침범,젖음/습기,비,단일로 - 기타,승용,남,63세,상해없음,화물,남,51세,경상
2017081500100307,2017년 8월 15일 16시,화요일,충청남도 아산시 배방읍,중상사고,0,1,1,0,차대차 - 측면충돌,교차로운행방법위반,건조,맑음,교차로 - 교차로안,승용,남,32세,상해없음,승용,여,29세,경상
2017081500100308,2017년 8월 15일 16시,화요일,충청남도 서천군 서천읍,경상사고,0,0,1,1,차대차 - 측면충돌,직진우회전진행방해,젖음/습기,비,교차로 - 교차로안,승용,남,55세,부상신고,승용,남,31세,경상
2017081500100312,2017년 8월 15일 16시,화요일,충청남도 당진시 신평면,경상사고,0,0,1,0,차대차 - 기타,안전운전불이행,젖음/습기,비,기타 - 기타,승용,남,35세,상해없음,승용,남,53세,상해없음
2017081500100329,2017년 8월 15일 17시,화요일,충청남도 천안시 동남구 쌍용동,경상사고,0,0,2,0,차대차 - 추돌,안전운전불이행,건조,맑음,교차로 - 교차로부근,승용,남,27세,경상,화물,남,52세,경상
2017081500100330,2017년 8월 15일 17시,화요일,충청남도 논산시 가야곡면,경상사고,0,0,1,0,차량단독 - 전도전복 - 전도,안전운전불이행,젖음/습기,흐림,단일로 - 기타,이륜,남,71세,경상,,,,
2017081500100361,2017년 8월 15일 18시,화요일,충청남도 태안군 태안읍,중상사고,0,1,0,0,차대사람 - 기타,안전거리미확보,젖음/습기,비,단일로 - 기타,승용,여,58세,상해없음,보행자,여,48세,중상
2017081500100362,2017년 8월 15일 18시,화요일,충청남도 홍성군 홍성읍,중상사고,0,1,0,0,차대사람 - 횡단중,보행자보호의무위반,젖음/습기,비,단일로 - 기타,이륜,남,16세,상해없음,보행자,여,65세,중상
2017081500100363,2017년 8월 15일 18시,화요일,충청남도 아산시 온천동,경상사고,0,0,1,0,차대사람 - 기타,안전운전불이행,건조,맑음,단일로 - 기타,승용,여,49세,상해없음,보행자,남,68세,경상
2017081500100364,2017년 8월 15일 18시,화요일,충청남도 예산군 오가면,경상사고,0,0,1,0,차대차 - 측면충돌,신호위반,젖음/습기,흐림,교차로 - 교차로안,승용,여,65세,상해없음,승용,남,32세,경상
2017081500100365,2017년 8월 15일 18시,화요일,충청남도 당진시 신평면,중상사고,0,1,0,0,차대차 - 기타,중앙선침범,젖음/습기,비,단일로 - 기타,화물,남,51세,중상,화물,남,54세,상해없음
2017081500100396,2017년 8월 15일 19시,화요일,충청남도 천안시 서북구 성정동,경상사고,0,0,1,0,차대차 - 측면충돌,안전운전불이행,젖음/습기,비,교차로 - 교차로안,승용,남,25세,상해없음,이륜,남,41세,경상
2017081500100397,2017년 8월 15일 19시,화요일,충청남도 공주시 신관동,경상사고,0,0,1,0,차대차 - 추돌,안전운전불이행,건조,맑음,교차로 - 교차로부근,승용,남,48세,상해없음,승용,여,41세,경상
2017081500100434,2017년 8월 15일 20시,화요일,충청남도 아산시 영인면,경상사고,0,0,2,0,차대차 - 추돌,안전운전불이행,건조,맑음,단일로 - 기타,승용,남,48세,상해없음,승용,여,50세,경상
2017081500100435,2017년 8월 15일 20시,화요일,충청남도 아산시 선장면,경상사고,0,0,2,0,차대차 - 추돌,안전운전불이행,건조,맑음,교차로 - 교차로부근,승용,여,58세,상해없음,승용,남,54세,경상
2017081500100469,2017년 8월 15일 21시,화요일,충청남도 아산시 탕정면,중상사고,0,1,0,0,차대차 - 추돌,안전운전불이행,젖음/습기,비,단일로 - 기타,승용,남,42세,상해없음,자전거,남,72세,중상
2017081500100470,2017년 8월 15일 21시,화요일,충청남도 당진시 읍내리,경상사고,0,0,2,0,차대차 - 측면충돌,신호위반,젖음/습기,비,교차로 - 교차로안,승용,남,27세,상해없음,승용,남,21세,경상
2017081500100496,2017년 8월 15일 22시,화요일,충청남도 천안시 서북구 두정동,중상사고,0,1,0,0,차대차 - 측면충돌,안전운전불이행,젖음/습기,비,단일로 - 기타,승용,남,31세,상해없음,이륜,남,41세,중상
2017081500100497,2017년 8월 15일 22시,화요일,충청남도 아산시 용화동,경상사고,0,0,1,0,차대차 - 정면충돌,안전운전불이행,건조,맑음,단일로 - 기타,승용,남,35세,상해없음,원동기,남,16세,경상
2017081500100498,2017년 8월 15일 22시,화요일,충청남도 천안시 동남구 다가동,중상사고,0,1,0,0,차대사람 - 길가장자리구역통행중,안전운전불이행,건조,맑음,단일로 - 기타,승용,남,38세,기타불명,보행자,여,66세,중상
2017081500100522,2017년 8월 15일 23시,화요일,충청남도 서산시 성연면,중상사고,0,1,0,0,차대차 - 측면충돌,안전거리미확보,젖음/습기,흐림,단일로 - 기타,승용,여,47세,상해없음,승용,여,58세,중상
2017081500100523,2017년 8월 15일 23시,화요일,충청남도 보령시 명천동,경상사고,0,0,2,0,차대차 - 측면충돌,직진우회전진행방해,건조,맑음,교차로 - 교차로안,승용,남,22세,경상,승용,여,35세,경상
2017081600100030,2017년 8월 16일 00시,수요일,충청남도 아산시 인주면,경상사고,0,0,2,0,차대차 - 추돌,안전운전불이행,건조,맑음,단일로 - 기타,기타불명,기타불명,미분류,기타불명,승용,남,43세,경상
2017081600100031,2017년 8월 16일 00시,수요일,충청남도 공주시 신관동,경상사고,0,0,2,0,차대차 - 측면충돌,교차로운행방법위반,젖음/습기,비,교차로 - 교차로안,승용,남,41세,상해없음,승용,남,37세,경상
2017081600100049,2017년 8월 16일 01시,수요일,충청남도 천안시 동남구 목천읍,중상사고,0,1,3,0,차대차 - 추돌,교차로운행방법위반,건조,맑음,교차로 - 교차로안,승용,남,33세,상해없음,승용,남,18세,중상
2017081600100067,2017년 8월 16일 03시,수요일,충청남도 천안시 서북구 쌍용동,경상사고,0,0,1,0,차대차 - 추돌,안전운전불이행,젖음/습기,비,단일로 - 기타,승용,남,30세,상해없음,승용,남,47세,경상
2017081600100078,2017년 8월 16일 04시,수요일,충청남도 천안시 동남구 신방동,경상사고,0,0,2,0,차대차 - 측면충돌,안전운전불이행,젖음/습기,흐림,교차로 - 교차로부근,승용,남,19세,상해없음,화물,남,58세,경상
2017081600100096,2017년 8월 16일 06시,수요일,충청남도 천안시 서북구 백석동,경상사고,0,0,2,0,차대차 - 추돌,안전운전불이행,건조,맑음,단일로 - 기타,화물,남,48세,상해없음,승용,남,46세,경상
2017081600100108,2017년 8월 16일 07시,수요일,충청남도 천안시 동남구 원성동,경상사고,0,0,1,0,차대차 - 측면충돌,신호위반,건조,맑음,교차로 - 교차로부근,승용,남,47세,기타불명,승용,남,42세,경상
2017081600100134,2017년 8월 16일 08시,수요일,충청남도 천안시 서북구 두정동,경상사고,0,0,1,0,차대차 - 기타,교차로운행방법위반,건조,맑음,교차로 - 교차로안,승용,남,25세,상해없음,승용,남,48세,경상
2017081600100135,2017년 8월 16일 08시,수요일,충청남도 천안시 서북구 성환읍,부상신고사고,0,0,0,1,차대차 - 기타,신호위반,건조,맑음,교차로 - 교차로안,승용,남,59세,상해없음,승용,여,52세,부상신고
2017081600100171,2017년 8월 16일 09시,수요일,충청남도 서산시 동문동,중상사고,0,1,0,0,차대차 - 기타,안전운전불이행,건조,흐림,교차로 - 교차로부근,이륜,남,81세,중상,승용,남,30세,상해없음
2017081600100172,2017년 8월 16일 09시,수요일,충청남도 천안시 동남구 동면,중상사고,0,1,0,0,차대차 - 측면충돌,직진우회전진행방해,건조,맑음,교차로 - 교차로안,사륜오토바이(ATV),여,70세,중상,화물,여,56세,상해없음
2017081600100195,2017년 8월 16일 10시,수요일,충청남도 아산시 모종동,부상신고사고,0,0,0,1,차대차 - 기타,안전운전불이행,건조,맑음,단일로 - 기타,기타불명,기타불명,미분류,기타불명,이륜,남,52세,부상신고
2017081600100222,2017년 8월 16일 11시,수요일,충청남도 논산시 광석면,중상사고,0,1,0,0,차대차 - 정면충돌,중앙선침범,건조,맑음,단일로 - 기타,승용,남,54세,상해없음,이륜,남,61세,중상
2017081600100223,2017년 8월 16일 11시,수요일,충청남도 천안시 동남구 병천면,경상사고,0,0,1,0,차대사람 - 횡단중,안전운전불이행,건조,맑음,교차로 - 교차로안,승용,여,53세,상해없음,보행자,남,21세,경상
2017081600100252,2017년 8월 16일 12시,수요일,충청남도 천안시 서북구 쌍용동,경상사고,0,0,1,0,차대차 - 추돌,안전운전불이행,건조,맑음,단일로 - 기타,승용,남,48세,상해없음,승용,남,63세,상해없음
2017081600100275,2017년 8월 16일 13시,수요일,충청남도 천안시 서북구 두정동,중상사고,0,1,0,0,차대차 - 기타,직진우회전진행방해,건조,맑음,교차로 - 교차로안,승용,여,43세,상해없음,승용,남,43세,중상
2017081600100299,2017년 8월 16일 14시,수요일,충청남도 논산시 취암동,부상신고사고,0,0,0,1,차대차 - 측면충돌,직진우회전진행방해,건조,맑음,교차로 - 교차로안,이륜,여,52세,부상신고,승용,여,60세,상해없음
2017081600100300,2017년 8월 16일 14시,수요일,충청남도 공주시 신관동,경상사고,0,0,2,0,차대차 - 측면충돌,안전운전불이행,건조,맑음,단일로 - 기타,승용,여,68세,상해없음,승용,여,47세,경상
2017081600100301,2017년 8월 16일 14시,수요일,충청남도 천안시 동남구 목천읍,경상사고,0,0,3,0,차대차 - 기타,안전운전불이행,건조,맑음,교차로 - 교차로안,승용,여,60세,상해없음,승용,여,54세,경상
2017081600100335,2017년 8월 16일 15시,수요일,충청남도 공주시 의당면,중상사고,0,1,0,0,차량단독 - 전도전복,안전운전불이행,젖음/습기,흐림,단일로 - 기타,이륜,남,69세,중상,미분류,미분류,미분류,미분류
2017081600100336,2017년 8월 16일 15시,수요일,충청남도 금산군 금산읍,사망사고,1,0,0,0,차대차 - 추돌,안전운전불이행,건조,맑음,단일로 - 기타,승합,남,46세,상해없음,이륜,남,75세,사망
2017081600100337,2017년 8월 16일 15시,수요일,충청남도 천안시 동남구 신부동,경상사고,0,0,1,0,차대차 - 측면충돌,안전거리미확보,건조,맑음,단일로 - 기타,건설기계,남,49세,상해없음,승용,남,36세,경상
2017081600100446,2017년 8월 16일 18시,수요일,충청남도 천안시 서북구 불당동,중상사고,0,1,0,0,차대사람 - 기타,안전운전불이행,건조,맑음,교차로 - 교차로안,승용,남,37세,상해없음,보행자,남,9세,중상
2017081600100447,2017년 8월 16일 18시,수요일,충청남도 천안시 서북구 성거읍,중상사고,0,1,2,0,차대차 - 측면충돌,안전운전불이행,건조,맑음,단일로 - 기타,화물,남,41세,상해없음,승용,남,33세,경상
2017081600100487,2017년 8월 16일 19시,수요일,충청남도 공주시 신관동,중상사고,0,1,0,0,차대차 - 측면충돌,안전운전불이행,건조,흐림,교차로 - 교차로안,자전거,여,63세,중상,승용,남,56세,상해없음
2017081600100488,2017년 8월 16일 19시,수요일,충청남도 예산군 신양면,중상사고,0,1,0,0,차대차 - 추돌,안전거리미확보,젖음/습기,흐림,단일로 - 기타,승용,남,44세,상해없음,농기계,남,78세,중상
2017081600100489,2017년 8월 16일 19시,수요일,충청남도 천안시 동남구 봉명동,부상신고사고,0,0,0,1,차대사람 - 길가장자리구역통행중,안전운전불이행,건조,맑음,단일로 - 기타,승용,남,56세,상해없음,보행자,남,50세,부상신고
2017081600100510,2017년 8월 16일 20시,수요일,충청남도 예산군 봉산면,중상사고,0,1,0,0,차대차 - 추돌,안전운전불이행,건조,흐림,단일로 - 기타,승용,남,65세,상해없음,농기계,남,65세,중상
2017081600100511,2017년 8월 16일 20시,수요일,충청남도 천안시 동남구 성남면,경상사고,0,0,1,0,차대차 - 측면충돌,안전운전불이행,건조,맑음,단일로 - 기타,승용,남,62세,상해없음,화물,남,47세,경상
2017081600100549,2017년 8월 16일 21시,수요일,충청남도 천안시 서북구 두정동,경상사고,0,0,2,0,차대차 - 측면충돌,교차로운행방법위반,건조,맑음,교차로 - 교차로안,승용,남,26세,상해없음,승용,여,22세,경상
2017081600100550,2017년 8월 16일 21시,수요일,충청남도 당진시 석문면,사망사고,1,0,0,0,차량단독 - 공작물충돌,안전운전불이행,건조,맑음,교차로 - 교차로부근,승용,남,29세,사망,,,,
2017081600100551,2017년 8월 16일 21시,수요일,충청남도 청양군 화성면,중상사고,0,1,0,0,차량단독 - 전도전복,안전운전불이행,건조,맑음,단일로 - 기타,화물,남,50세,중상,미분류,미분류,미분류,미분류
2017081600100575,2017년 8월 16일 22시,수요일,충청남도 천안시 서북구 불당동,경상사고,0,0,1,0,차대차 - 기타,차로위반,건조,맑음,단일로 - 기타,승용,남,62세,상해없음,승합,남,52세,경상
2017081700100031,2017년 8월 17일 00시,목요일,충청남도 천안시 서북구 성정동,경상사고,0,0,1,0,차대차 - 정면충돌,안전운전불이행,건조,맑음,교차로 - 교차로부근,승용,남,20세,기타불명,승용,남,29세,경상
2017081700100058,2017년 8월 17일 02시,목요일,충청남도 태안군 안면읍,경상사고,0,0,3,0,차대차 - 측면충돌,차로위반,건조,맑음,단일로 - 기타,승합,남,43세,상해없음,승용,남,20세,경상
2017081700100112,2017년 8월 17일 07시,목요일,충청남도 서산시 갈산동,경상사고,0,0,1,0,차대차 - 추돌,안전운전불이행,건조,맑음,단일로 - 기타,승용,남,30세,상해없음,화물,남,71세,경상
2017081700100142,2017년 8월 17일 08시,목요일,충청남도 태안군 태안읍,중상사고,0,1,0,0,차대차 - 측면충돌,안전운전불이행,젖음/습기,비,교차로 - 교차로안,승용,남,68세,상해없음,원동기,여,62세,중상
2017081700100143,2017년 8월 17일 08시,목요일,충청남도 공주시 신관동,경상사고,0,0,1,0,차대차 - 측면충돌,신호위반,건조,맑음,교차로 - 교차로안,승용,남,71세,기타불명,승용,남,58세,경상
2017081700100144,2017년 8월 17일 08시,목요일,충청남도 금산군 추부면,중상사고,0,1,1,0,차대차 - 추돌,안전운전불이행,젖음/습기,흐림,단일로 - 기타,화물,남,42세,경상,승용,여,70세,중상
2017081700100172,2017년 8월 17일 09시,목요일,충청남도 서산시 동문동,중상사고,0,1,0,0,차대차 - 측면충돌,교차로운행방법위반,건조,맑음,교차로 - 교차로안,승용,여,58세,상해없음,자전거,여,18세,중상
2017081700100173,2017년 8월 17일 09시,목요일,충청남도 천안시 서북구 성환읍,중상사고,0,1,0,0,차대차 - 기타,안전운전불이행,건조,맑음,교차로 - 교차로부근,화물,남,33세,상해없음,이륜,남,74세,중상
2017081700100174,2017년 8월 17일 09시,목요일,충청남도 서천군 장항읍,중상사고,0,1,0,0,차대차 - 측면충돌,직진우회전진행방해,건조,맑음,교차로 - 교차로안,이륜,남,67세,중상,화물,남,52세,상해없음
2017081700100175,2017년 8월 17일 09시,목요일,충청남도 공주시 신관동,경상사고,0,0,3,1,차대차 - 측면충돌,안전운전불이행,건조,맑음,교차로 - 교차로부근,승용,여,50세,경상,승용,여,33세,경상
2017081700100217,2017년 8월 17일 11시,목요일,충청남도 서천군 서천읍,경상사고,0,0,1,0,차대차 - 측면충돌,직진우회전진행방해,건조,맑음,교차로 - 교차로안,승용,여,62세,상해없음,이륜,남,81세,경상
2017081700100218,2017년 8월 17일 11시,목요일,충청남도 천안시 동남구 대흥동,경상사고,0,0,1,0,차대사람 - 기타,안전운전불이행,건조,맑음,단일로 - 기타,승용,남,70세,상해없음,보행자,여,63세,경상
2017081700100308,2017년 8월 17일 14시,목요일,충청남도 천안시 서북구 쌍용동,경상사고,0,0,1,0,차대차 - 기타,안전운전불이행,건조,맑음,단일로 - 기타,승용,남,76세,상해없음,승용,남,34세,경상
2017081700100309,2017년 8월 17일 14시,목요일,충청남도 천안시 동남구 병천면,중상사고,0,1,0,0,차대사람 - 기타,안전운전불이행,건조,맑음,단일로 - 기타,승합,남,62세,상해없음,보행자,남,88세,중상
2017081700100337,2017년 8월 17일 15시,목요일,충청남도 홍성군 홍성읍,중상사고,0,1,0,0,차대차 - 측면충돌,안전운전불이행,건조,맑음,단일로 - 기타,화물,남,57세,상해없음,화물,남,49세,상해없음
2017081700100338,2017년 8월 17일 15시,목요일,충청남도 당진시 합덕읍,중상사고,0,1,2,0,차대차 - 측면충돌,직진우회전진행방해,건조,흐림,교차로 - 교차로안,승용,남,65세,경상,화물,남,55세,중상
2017081700100375,2017년 8월 17일 16시,목요일,충청남도 서산시 석림동,중상사고,0,1,1,0,차대차 - 측면충돌,교차로운행방법위반,건조,맑음,교차로 - 교차로안,승용,여,66세,상해없음,승용,여,29세,경상
2017081700100414,2017년 8월 17일 17시,목요일,충청남도 보령시 명천동,중상사고,0,1,0,0,차대사람 - 횡단중,보행자보호의무위반,건조,맑음,교차로 - 교차로횡단보도내,화물,남,34세,상해없음,보행자,남,74세,중상
2017081700100416,2017년 8월 17일 17시,목요일,충청남도 예산군 덕산면,중상사고,0,1,0,0,차대사람 - 횡단중,안전운전불이행,건조,맑음,교차로 - 교차로안,승합,남,52세,상해없음,보행자,여,78세,중상
2017081700100459,2017년 8월 17일 18시,목요일,충청남도 공주시 유구읍,중상사고,0,1,0,0,차대차 - 측면충돌,직진우회전진행방해,건조,맑음,교차로 - 교차로안,이륜,남,71세,상해없음,이륜,여,57세,중상
2017081700100460,2017년 8월 17일 18시,목요일,충청남도 천안시 동남구 수신면,사망사고,1,1,0,0,차대사람 - 횡단중,안전운전불이행,건조,흐림,단일로 - 기타,화물,남,27세,상해없음,보행자,여,16세,사망
2017081700100519,2017년 8월 17일 20시,목요일,충청남도 천안시 서북구 두정동,경상사고,0,0,1,0,차대차 - 추돌,안전운전불이행,건조,맑음,단일로 - 지하차도(도로)내,승용,남,40세,상해없음,승용,남,39세,경상
2017081700100520,2017년 8월 17일 20시,목요일,충청남도 논산시 은진면,중상사고,0,1,0,0,차대차 - 기타,안전운전불이행,건조,맑음,단일로 - 기타,승용,여,27세,상해없음,이륜,남,78세,중상
2017081700100521,2017년 8월 17일 20시,목요일,충청남도 아산시 둔포면,경상사고,0,0,1,0,차대차 - 정면충돌,신호위반,건조,맑음,교차로 - 교차로안,승용,남,61세,상해없음,승용,남,44세,경상
2017081700100547,2017년 8월 17일 21시,목요일,충청남도 서천군 마서면,중상사고,0,1,0,0,차대차 - 추돌,안전거리미확보,건조,맑음,교차로 - 교차로부근,화물,여,63세,상해없음,승용,남,55세,중상
2017081700100548,2017년 8월 17일 21시,목요일,충청남도 서천군 서면,중상사고,0,1,0,0,차량단독 - 도로외이탈 - 추락,안전운전불이행,건조,맑음,단일로 - 기타,승용,남,75세,중상,,,,
2017081700100549,2017년 8월 17일 21시,목요일,충청남도 공주시 웅진동,중상사고,0,1,0,0,차대사람 - 횡단중,안전운전불이행,건조,맑음,교차로 - 교차로부근,승용,여,33세,상해없음,보행자,남,69세,중상
2017081700100575,2017년 8월 17일 22시,목요일,충청남도 태안군 근흥면,중상사고,0,1,0,0,차대사람 - 차도통행중,안전운전불이행,건조,맑음,단일로 - 기타,승합,남,49세,상해없음,보행자,남,49세,중상
2017081700100576,2017년 8월 17일 22시,목요일,충청남도 홍성군 홍성읍,중상사고,0,1,1,0,차대사람 - 기타,안전운전불이행,건조,맑음,단일로 - 기타,화물,남,39세,상해없음,보행자,남,43세,중상
2017081700100577,2017년 8월 17일 22시,목요일,충청남도 당진시 읍내리,중상사고,0,1,0,0,차대사람 - 기타,안전운전불이행,건조,흐림,교차로 - 교차로부근,승용,남,25세,상해없음,보행자,남,48세,중상
2017081700100604,2017년 8월 17일 23시,목요일,충청남도 아산시 탕정면,경상사고,0,0,1,0,차대차 - 추돌,안전운전불이행,건조,맑음,단일로 - 기타,승용,남,39세,상해없음,승용,남,66세,경상
2017081700100605,2017년 8월 17일 23시,목요일,충청남도 아산시 배방읍,경상사고,0,0,1,0,차대차 - 추돌,안전운전불이행,건조,맑음,단일로 - 기타,승용,남,41세,상해없음,화물,남,44세,경상
2017081800100028,2017년 8월 18일 01시,금요일,충청남도 천안시 서북구 두정동,경상사고,0,0,1,0,차대차 - 기타,안전거리미확보,건조,맑음,교차로 - 교차로부근,승용,남,58세,상해없음,승용,남,21세,경상
2017081800100037,2017년 8월 18일 02시,금요일,충청남도 아산시 둔포면,중상사고,0,1,0,0,차대차 - 추돌,안전운전불이행,건조,맑음,단일로 - 기타,승용,남,35세,기타불명,승합,남,57세,상해없음
2017081800100047,2017년 8월 18일 03시,금요일,충청남도 천안시 서북구 두정동,경상사고,0,0,1,0,차대사람 - 기타,안전운전불이행,건조,맑음,교차로 - 교차로안,승용,남,22세,상해없음,보행자,남,22세,경상
2017081800100070,2017년 8월 18일 06시,금요일,충청남도 예산군 응봉면,경상사고,0,0,1,0,차대차 - 측면충돌,신호위반,건조,맑음,교차로 - 교차로안,화물,남,55세,상해없음,승용,남,42세,경상
2017081800100120,2017년 8월 18일 08시,금요일,충청남도 천안시 서북구 쌍용동,중상사고,0,1,0,0,차대사람 - 기타,보행자보호의무위반,건조,맑음,교차로 - 교차로횡단보도내,승합,남,46세,상해없음,보행자,남,81세,중상
2017081800100122,2017년 8월 18일 08시,금요일,충청남도 천안시 동남구 영성동,경상사고,0,0,1,0,차대차 - 측면충돌,교차로운행방법위반,건조,맑음,교차로 - 교차로안,승합,남,62세,상해없음,승용,남,63세,경상
2017081800100181,2017년 8월 18일 10시,금요일,충청남도 계룡시 두마면,경상사고,0,0,1,0,차대차 - 추돌,안전운전불이행,건조,맑음,교차로 - 교차로부근,화물,남,41세,상해없음,승용,여,40세,경상
2017081800100183,2017년 8월 18일 10시,금요일,충청남도 금산군 추부면,경상사고,0,0,2,0,차대차 - 측면충돌,중앙선침범,건조,맑음,교차로 - 교차로안,승용,여,49세,상해없음,승용,여,43세,경상
2017081800100207,2017년 8월 18일 11시,금요일,충청남도 부여군 부여읍,중상사고,0,1,0,0,차대차 - 측면충돌,중앙선침범,젖음/습기,비,단일로 - 기타,승용,여,48세,상해없음,이륜,남,54세,중상
2017081800100247,2017년 8월 18일 12시,금요일,충청남도 태안군 안면읍,중상사고,0,1,0,0,차대사람 - 횡단중,안전운전불이행,건조,맑음,단일로 - 기타,승용,남,81세,상해없음,보행자,여,73세,중상
2017081800100248,2017년 8월 18일 12시,금요일,충청남도 부여군 임천면,중상사고,0,1,0,0,차대차 - 후진중충돌,안전운전불이행,건조,맑음,단일로 - 기타,승합,남,55세,상해없음,이륜,남,76세,중상
2017081800100277,2017년 8월 18일 13시,금요일,충청남도 금산군 금산읍,중상사고,0,2,0,0,차대차 - 측면충돌,교차로운행방법위반,젖음/습기,비,교차로 - 교차로안,승용,여,40세,상해없음,이륜,남,68세,중상