사고번호,사고일시,요일,시군구,사고내용,사망자수,중상자수,경상자수,부상신고자수,사고유형,법규위반,노면상태,기상상태,도로형태,가해운전자 차종,가해운전자 성별,가해운전자 연령,가해운전자 상해정도,피해운전자 차종,피해운전자 성별,피해운전자 연령,피해운전자 상해정도
2017082300100238,2017년 8월 23일 11시,수요일,충청남도 서산시 동문동,중상사고,0,1,0,0,차대사람 - 길가장자리구역통행중,안전운전불이행,건조,맑음,단일로 - 기타,승용,여,42세,상해없음,보행자,남,57세,중상
2017082300100239,2017년 8월 23일 11시,수요일,충청남도 천안시 동남구 청수동,부상신고사고,0,0,0,1,차대차 - 측면충돌,중앙선침범,건조,맑음,단일로 - 기타,자전거,남,27세,부상신고,승용,남,61세,상해없음
2017082300100272,2017년 8월 23일 12시,수요일,충청남도 공주시 산성동,중상사고,0,1,0,0,차대사람 - 보도통행중,보행자보호의무위반,젖음/습기,흐림,교차로 - 교차로횡단보도내,승용,여,52세,상해없음,보행자,남,81세,중상
2017082300100273,2017년 8월 23일 12시,수요일,충청남도 당진시 읍내리,경상사고,0,0,1,0,차대차 - 측면충돌,중앙선침범,건조,맑음,단일로 - 기타,승용,여,48세,상해없음,승용,남,26세,경상
2017082300100274,2017년 8월 23일 12시,수요일,충청남도 당진시 송악읍,중상사고,0,1,0,0,차대차 - 추돌,안전운전불이행,젖음/습기,맑음,교차로 - 교차로부근,화물,남,50세,상해없음,승용,여,51세,중상
2017082300100308,2017년 8월 23일 13시,수요일,충청남도 당진시 대덕리,경상사고,0,0,3,0,차대차 - 측면충돌,안전운전불이행,건조,맑음,교차로 - 교차로안,승용,남,24세,경상,승용,여,60세,경상
2017082300100337,2017년 8월 23일 14시,수요일,충청남도 태안군 근흥면,경상사고,0,0,2,0,차대차 - 측면충돌,교차로운행방법위반,건조,맑음,교차로 - 교차로안,승용,남,31세,경상,승용,여,59세,경상
2017082300100338,2017년 8월 23일 14시,수요일,충청남도 천안시 동남구 풍세면,경상사고,0,0,1,0,차대차 - 측면충돌,안전운전불이행,건조,맑음,교차로 - 교차로안,화물,남,54세,상해없음,화물,남,28세,경상
2017082300100445,2017년 8월 23일 17시,수요일,충청남도 예산군 예산읍,경상사고,0,0,1,0,차대사람 - 횡단중,안전운전불이행,건조,맑음,단일로 - 기타,승용,남,82세,상해없음,보행자,여,64세,경상
2017082300100478,2017년 8월 23일 18시,수요일,충청남도 태안군 태안읍,중상사고,0,1,0,0,차대차 - 측면충돌,안전운전불이행,건조,맑음,단일로 - 기타,화물,남,23세,중상,승용,남,41세,상해없음
2017082300100479,2017년 8월 23일 18시,수요일,충청남도 천안시 서북구 성정동,중상사고,0,1,0,0,차대사람 - 기타,안전운전불이행,건조,맑음,교차로 - 교차로부근,화물,남,61세,상해없음,보행자,남,66세,중상
2017082300100518,2017년 8월 23일 19시,수요일,충청남도 천안시 서북구 두정동,경상사고,0,0,1,0,차대차 - 정면충돌,교차로운행방법위반,건조,맑음,교차로 - 교차로안,승용,여,26세,상해없음,승용,남,36세,경상
2017082300100519,2017년 8월 23일 19시,수요일,충청남도 예산군 삽교읍,중상사고,0,1,0,0,차량단독 - 공작물충돌,안전운전불이행,건조,맑음,단일로 - 기타,화물,남,69세,상해없음,,,,
2017082300100553,2017년 8월 23일 20시,수요일,충청남도 서산시 예천동,경상사고,0,0,1,0,차대차 - 측면충돌,교차로운행방법위반,건조,맑음,교차로 - 교차로안,승용,여,47세,상해없음,이륜,남,41세,경상
2017082300100554,2017년 8월 23일 20시,수요일,충청남도 천안시 동남구 병천면,중상사고,0,1,2,0,차대차 - 추돌,안전운전불이행,건조,맑음,단일로 - 기타,화물,남,61세,경상,승용,남,31세,중상
2017082300100590,2017년 8월 23일 21시,수요일,충청남도 아산시 용화동,부상신고사고,0,0,0,1,차대차 - 정면충돌,중앙선침범,건조,맑음,단일로 - 기타,승용,남,43세,상해없음,이륜,남,18세,부상신고
2017082300100620,2017년 8월 23일 22시,수요일,충청남도 서산시 대산읍,경상사고,0,0,2,0,차대차 - 측면충돌,안전운전불이행,건조,맑음,교차로 - 교차로안,승용,남,52세,상해없음,승용,여,44세,경상
2017082300100634,2017년 8월 23일 23시,수요일,충청남도 천안시 동남구 신부동,경상사고,0,0,1,0,차대차 - 추돌,안전운전불이행,건조,맑음,기타 - 기타,승용,남,35세,기타불명,승용,남,67세,경상
2017082400100037,2017년 8월 24일 01시,목요일,충청남도 아산시 둔포면,중상사고,0,1,1,0,차대차 - 추돌,안전운전불이행,건조,맑음,단일로 - 기타,승용,남,27세,중상,화물,남,54세,경상
2017082400100050,2017년 8월 24일 02시,목요일,충청남도 당진시 읍내리,경상사고,0,0,2,0,차대차 - 측면충돌,안전운전불이행,건조,맑음,교차로 - 교차로안,승용,남,20세,경상,화물,여,54세,경상
2017082400100057,2017년 8월 24일 03시,목요일,충청남도 홍성군 구항면,경상사고,0,0,1,0,차대차 - 측면충돌,차로위반,건조,맑음,단일로 - 기타,승용,남,41세,상해없음,승용,남,28세,경상
2017082400100091,2017년 8월 24일 06시,목요일,충청남도 청양군 정산면,경상사고,0,0,1,0,차량단독 - 공작물충돌,안전운전불이행,젖음/습기,비,단일로 - 기타,승용,남,37세,경상,,,,
2017082400100106,2017년 8월 24일 07시,목요일,충청남도 당진시 송산면,경상사고,0,0,1,0,차대차 - 추돌,교차로운행방법위반,건조,맑음,교차로 - 교차로안,승합,남,62세,상해없음,승용,남,38세,경상
2017082400100136,2017년 8월 24일 08시,목요일,충청남도 서천군 서천읍,경상사고,0,0,1,0,차대차 - 측면충돌,직진우회전진행방해,건조,맑음,교차로 - 교차로안,승용,남,62세,상해없음,승용,여,28세,경상
2017082400100169,2017년 8월 24일 09시,목요일,충청남도 아산시 권곡동,중상사고,0,1,0,0,차대사람 - 기타,기타,건조,맑음,교차로 - 교차로부근,승용,여,58세,상해없음,보행자,여,80세,중상
2017082400100223,2017년 8월 24일 11시,목요일,충청남도 논산시 덕지동,중상사고,0,1,0,0,차대사람 - 횡단중,보행자보호의무위반,건조,맑음,단일로 - 기타,승용,남,70세,상해없음,보행자,남,83세,중상
2017082400100224,2017년 8월 24일 11시,목요일,충청남도 서천군 서천읍,경상사고,0,0,1,0,차대차 - 측면충돌,안전운전불이행,건조,흐림,단일로 - 기타,승용,남,46세,상해없음,이륜,남,57세,경상
2017082400100276,2017년 8월 24일 13시,목요일,충청남도 서산시 수석동,중상사고,0,1,0,0,차대차 - 측면충돌,신호위반,건조,맑음,교차로 - 교차로안,사륜오토바이(ATV),남,74세,중상,승용,여,45세,상해없음
2017082400100277,2017년 8월 24일 13시,목요일,충청남도 논산시 양촌면,중상사고,0,1,0,0,차대차 - 측면충돌,안전운전불이행,건조,맑음,단일로 - 기타,화물,남,62세,상해없음,이륜,남,81세,중상
2017082400100351,2017년 8월 24일 15시,목요일,충청남도 보령시 궁촌동,중상사고,0,1,0,0,차대사람 - 횡단중,안전운전불이행,건조,맑음,교차로 - 교차로안,승합,남,54세,상해없음,보행자,여,59세,중상
2017082400100352,2017년 8월 24일 15시,목요일,충청남도 당진시 읍내리,경상사고,0,0,1,0,차대차 - 측면충돌,안전운전불이행,젖음/습기,비,단일로 - 기타,승용,여,43세,상해없음,승용,여,41세,경상
2017082400100377,2017년 8월 24일 16시,목요일,충청남도 아산시 인주면,경상사고,0,0,1,0,차대차 - 추돌,안전운전불이행,건조,맑음,단일로 - 기타,승용,남,48세,상해없음,승용,여,35세,경상
2017082400100378,2017년 8월 24일 16시,목요일,충청남도 천안시 동남구 원성동,경상사고,0,0,1,0,차대차 - 측면충돌,기타,젖음/습기,비,단일로 - 기타,화물,남,59세,상해없음,승용,남,36세,경상
2017082400100420,2017년 8월 24일 17시,목요일,충청남도 당진시 송산면,경상사고,0,0,2,0,차대차 - 추돌,안전거리미확보,젖음/습기,맑음,교차로 - 교차로부근,승용,남,25세,상해없음,승용,남,56세,경상
2017082400100421,2017년 8월 24일 17시,목요일,충청남도 천안시 동남구 신방동,경상사고,0,0,1,0,차대차 - 측면충돌,안전운전불이행,침수,비,단일로 - 기타,승용,남,21세,상해없음,승용,남,25세,경상
2017082400100457,2017년 8월 24일 18시,목요일,충청남도 서산시 부석면,중상사고,0,1,0,0,차량단독 - 공작물충돌,안전운전불이행,젖음/습기,비,단일로 - 기타,화물,남,51세,중상,,,,
2017082400100546,2017년 8월 24일 20시,목요일,충청남도 홍성군 광천읍,중상사고,0,1,1,0,차대차 - 측면충돌,신호위반,젖음/습기,비,교차로 - 교차로안,화물,남,58세,중상,승용,남,38세,경상
2017082500100046,2017년 8월 25일 01시,금요일,충청남도 천안시 서북구 성정동,경상사고,0,0,2,0,차대차 - 측면충돌,안전운전불이행,건조,맑음,교차로 - 교차로안,승용,남,25세,상해없음,이륜,남,50세,경상
2017082500100070,2017년 8월 25일 04시,금요일,충청남도 천안시 서북구 두정동,부상신고사고,0,0,0,1,차대사람 - 길가장자리구역통행중,안전운전불이행,건조,맑음,단일로 - 기타,승용,남,57세,상해없음,보행자,남,24세,부상신고
2017082500100077,2017년 8월 25일 05시,금요일,충청남도 서천군 장항읍,경상사고,0,0,1,0,차대사람 - 기타,안전운전불이행,건조,맑음,교차로 - 교차로안,승용,여,52세,상해없음,보행자,남,82세,경상
2017082500100084,2017년 8월 25일 06시,금요일,충청남도 논산시 강경읍,경상사고,0,0,1,0,차대차 - 기타,안전운전불이행,건조,맑음,교차로 - 교차로안,이륜,여,67세,경상,승용,여,57세,상해없음
2017082500100105,2017년 8월 25일 07시,금요일,충청남도 천안시 동남구 봉명동,경상사고,0,0,1,0,차대사람 - 기타,안전운전불이행,건조,맑음,단일로 - 기타,기타불명,기타불명,미분류,기타불명,보행자,여,65세,경상
2017082500100134,2017년 8월 25일 08시,금요일,충청남도 천안시 서북구 쌍용동,경상사고,0,0,1,0,차대차 - 추돌,안전운전불이행,건조,맑음,교차로 - 교차로부근,승용,남,28세,상해없음,승용,남,37세,경상
2017082500100136,2017년 8월 25일 08시,금요일,충청남도 금산군 금산읍,경상사고,0,0,1,0,차대차 - 측면충돌,직진우회전진행방해,건조,맑음,교차로 - 교차로안,승합,여,45세,상해없음,승용,여,27세,경상
2017082500100229,2017년 8월 25일 11시,금요일,충청남도 당진시 채운동,경상사고,0,0,1,0,차대차 - 측면충돌,안전운전불이행,건조,맑음,단일로 - 기타,승용,여,30세,경상,화물,남,42세,상해없음
2017082500100230,2017년 8월 25일 11시,금요일,충청남도 천안시 동남구 신부동,경상사고,0,0,1,0,차대사람 - 횡단중,보행자보호의무위반,건조,맑음,교차로 - 교차로안,승용,남,56세,상해없음,보행자,여,48세,경상
2017082500100266,2017년 8월 25일 12시,금요일,충청남도 태안군 안면읍,사망사고,1,0,0,0,차량단독 - 도로외이탈 - 추락,안전운전불이행,건조,맑음,단일로 - 기타,승용,여,54세,사망,,,,
2017082500100291,2017년 8월 25일 13시,금요일,충청남도 보령시 신흑동,중상사고,0,1,0,0,차대사람 - 차도통행중,안전운전불이행,건조,맑음,단일로 - 기타,승용,여,56세,상해없음,보행자,여,76세,중상
2017082500100292,2017년 8월 25일 13시,금요일,충청남도 보령시 신흑동,경상사고,0,0,2,0,차대차 - 후진중충돌,안전운전불이행,건조,맑음,단일로 - 기타,승용,여,49세,상해없음,승용,남,40세,경상
2017082500100405,2017년 8월 25일 16시,금요일,충청남도 태안군 남면,중상사고,0,1,0,0,차대차 - 정면충돌,중앙선침범,건조,맑음,교차로 - 교차로안,화물,남,70세,상해없음,승용,남,33세,중상
2017082500100406,2017년 8월 25일 16시,금요일,충청남도 보령시 궁촌동,중상사고,0,1,0,0,차대차 - 측면충돌,안전운전불이행,건조,맑음,교차로 - 교차로안,승용,여,42세,상해없음,승용,남,48세,중상
2017082500100407,2017년 8월 25일 16시,금요일,충청남도 당진시 읍내리,부상신고사고,0,0,0,1,차대차 - 측면충돌,안전운전불이행,건조,맑음,교차로 - 교차로부근,승용,남,26세,부상신고,원동기,여,57세,상해없음
2017082500100447,2017년 8월 25일 17시,금요일,충청남도 태안군 태안읍,중상사고,0,1,2,0,차대차 - 측면충돌,교차로운행방법위반,건조,맑음,교차로 - 교차로안,승용,남,42세,경상,화물,남,60세,중상
2017082500100448,2017년 8월 25일 17시,금요일,충청남도 태안군 태안읍,경상사고,0,0,1,0,차대차 - 측면충돌,안전운전불이행,건조,맑음,단일로 - 기타,자전거,남,12세,경상,화물,남,54세,상해없음
2017082500100501,2017년 8월 25일 18시,금요일,충청남도 천안시 동남구 목천읍,사망사고,1,1,0,0,차대차 - 정면충돌,중앙선침범,건조,맑음,교차로 - 교차로부근,화물,남,62세,사망,화물,남,38세,중상
2017082500100557,2017년 8월 25일 19시,금요일,충청남도 천안시 서북구 불당동,경상사고,0,0,2,0,차대차 - 측면충돌,안전운전불이행,건조,맑음,단일로 - 기타,승용,남,47세,상해없음,승용,여,47세,경상
2017082500100558,2017년 8월 25일 19시,금요일,충청남도 논산시 채운면,사망사고,1,0,1,0,차대차 - 추돌,과속,건조,맑음,단일로 - 고가도로위,화물,남,51세,상해없음,이륜,여,25세,경상
2017082500100559,2017년 8월 25일 19시,금요일,충청남도 공주시 정안면,중상사고,0,1,1,0,차대차 - 정면충돌,중앙선침범,건조,맑음,단일로 - 기타,화물,남,66세,경상,승용,여,50세,중상
2017082500100560,2017년 8월 25일 19시,금요일,충청남도 예산군 오가면,경상사고,0,0,1,0,차대차 - 측면충돌,안전운전불이행,건조,맑음,교차로 - 교차로안,승용,남,60세,상해없음,승용,남,35세,경상
2017082500100593,2017년 8월 25일 20시,금요일,충청남도 서산시 석림동,경상사고,0,0,1,0,차대차 - 정면충돌,신호위반,건조,맑음,교차로 - 교차로안,승용,남,29세,상해없음,승용,남,30세,경상
2017082500100594,2017년 8월 25일 20시,금요일,충청남도 서천군 한산면,중상사고,0,1,0,0,차대차 - 추돌,안전운전불이행,건조,맑음,단일로 - 기타,승용,남,58세,상해없음,이륜,남,54세,중상
2017082500100595,2017년 8월 25일 20시,금요일,충청남도 보령시 주산면,중상사고,0,1,0,0,차대차 - 정면충돌,직진우회전진행방해,건조,맑음,교차로 - 교차로안,이륜,남,56세,중상,승용,남,31세,상해없음
2017082500100638,2017년 8월 25일 21시,금요일,충청남도 천안시 서북구 성환읍,경상사고,0,0,1,0,차대차 - 기타,안전운전불이행,건조,맑음,단일로 - 기타,승용,남,34세,상해없음,승용,여,23세,경상
2017082500100639,2017년 8월 25일 21시,금요일,충청남도 천안시 서북구 직산읍,중상사고,0,1,0,0,차대차 - 측면충돌,교차로운행방법위반,건조,맑음,교차로 - 교차로안,승용,남,45세,상해없음,이륜,남,19세,중상
2017082500100669,2017년 8월 25일 22시,금요일,충청남도 천안시 서북구 불당동,중상사고,0,2,4,0,차대차 - 추돌,안전거리미확보,건조,맑음,교차로 - 교차로부근,승용,남,40세,경상,승용,남,33세,경상
2017082500100698,2017년 8월 25일 23시,금요일,충청남도 천안시 서북구 성정동,중상사고,0,1,0,0,차대사람 - 차도통행중,안전운전불이행,건조,맑음,단일로 - 기타,승용,남,46세,상해없음,보행자,남,56세,중상
2017082500100699,2017년 8월 25일 23시,금요일,충청남도 천안시 서북구 쌍용동,경상사고,0,0,1,0,차대차 - 기타,안전운전불이행,건조,맑음,교차로 - 교차로부근,승용,남,26세,상해없음,승용,남,33세,경상
2017082600100035,2017년 8월 26일 00시,토요일,충청남도 논산시 취암동,경상사고,0,0,1,0,차대차 - 측면충돌,중앙선침범,건조,맑음,교차로 - 교차로부근,승용,남,54세,상해없음,승용,여,25세,경상
2017082600100036,2017년 8월 26일 00시,토요일,충청남도 천안시 동남구 삼룡동,경상사고,0,0,1,0,차대차 - 측면충돌,안전운전불이행,건조,맑음,단일로 - 기타,승용,남,40세,상해없음,승용,남,37세,경상
2017082600100090,2017년 8월 26일 03시,토요일,충청남도 공주시 신관동,경상사고,0,0,1,0,차대사람 - 차도통행중,안전운전불이행,건조,맑음,단일로 - 기타,기타불명,기타불명,미분류,기타불명,보행자,남,20세,경상
2017082600100138,2017년 8월 26일 06시,토요일,충청남도 논산시 상월면,사망사고,1,0,0,0,차대사람 - 차도통행중,안전운전불이행,건조,맑음,단일로 - 기타,승용,남,48세,상해없음,보행자,남,56세,사망
2017082600100154,2017년 8월 26일 07시,토요일,충청남도 천안시 서북구 성환읍,경상사고,0,0,1,0,차대차 - 기타,중앙선침범,건조,맑음,단일로 - 기타,승용,남,73세,상해없음,화물,남,28세,경상
2017082600100191,2017년 8월 26일 09시,토요일,충청남도 당진시 읍내리,중상사고,0,1,0,0,차대차 - 정면충돌,교차로운행방법위반,건조,맑음,교차로 - 교차로안,승용,남,60세,상해없음,이륜,남,83세,중상
2017082600100192,2017년 8월 26일 09시,토요일,충청남도 천안시 동남구 원성동,경상사고,0,0,2,0,차대차 - 기타,신호위반,건조,맑음,교차로 - 교차로안,승용,남,38세,상해없음,승용,남,61세,경상
2017082600100222,2017년 8월 26일 10시,토요일,충청남도 공주시 신관동,경상사고,0,0,1,0,차대차 - 측면충돌,기타,건조,맑음,단일로 - 기타,승용,남,32세,상해없음,자전거,남,13세,경상
2017082600100251,2017년 8월 26일 11시,토요일,충청남도 보령시 신흑동,중상사고,0,2,0,0,차대차 - 정면충돌,안전운전불이행,건조,맑음,교차로 - 교차로부근,승용,남,55세,상해없음,승용,남,68세,중상
2017082600100297,2017년 8월 26일 12시,토요일,충청남도 아산시 온천동,경상사고,0,0,1,0,차대차 - 측면충돌,안전운전불이행,건조,맑음,단일로 - 기타,승용,남,28세,상해없음,기타불명,기타불명,미분류,기타불명
2017082600100336,2017년 8월 26일 13시,토요일,충청남도 서천군 마서면,중상사고,0,1,1,0,차대차 - 측면충돌,신호위반,건조,맑음,교차로 - 교차로안,승용,남,27세,상해없음,승용,여,37세,경상
2017082600100375,2017년 8월 26일 14시,토요일,충청남도 아산시 용화동,경상사고,0,0,1,0,차대사람 - 횡단중,안전운전불이행,건조,맑음,단일로 - 기타,승용,남,66세,상해없음,보행자,여,52세,경상
2017082600100376,2017년 8월 26일 14시,토요일,충청남도 아산시 온천동,경상사고,0,0,3,0,차대차 - 추돌,안전운전불이행,건조,맑음,교차로 - 교차로부근,승용,여,55세,상해없음,승용,남,32세,경상
2017082600100377,2017년 8월 26일 14시,토요일,충청남도 서천군 서면,중상사고,0,2,0,0,차대차 - 측면충돌,안전운전불이행,건조,맑음,교차로 - 교차로안,이륜,여,70세,중상,이륜,남,83세,중상
2017082600100459,2017년 8월 26일 16시,토요일,충청남도 천안시 서북구 성정동,중상사고,0,1,0,0,차대사람 - 보도통행중,기타,건조,맑음,기타 - 기타,화물,남,45세,상해없음,보행자,남,40세,중상
2017082600100460,2017년 8월 26일 16시,토요일,충청남도 부여군 규암면,중상사고,0,1,0,0,차대사람 - 보도통행중,안전운전불이행,건조,맑음,교차로 - 교차로안,승용,남,55세,상해없음,보행자,남,79세,중상
2017082600100499,2017년 8월 26일 17시,토요일,충청남도 천안시 서북구 두정동,중상사고,0,1,0,0,차대차 - 기타,직진우회전진행방해,건조,맑음,교차로 - 교차로안,자전거,남,49세,중상,승용,남,27세,상해없음
2017082600100500,2017년 8월 26일 17시,토요일,충청남도 서천군 마서면,중상사고,0,1,0,0,차대차 - 측면충돌,직진우회전진행방해,건조,맑음,교차로 - 교차로안,이륜,남,64세,중상,화물,남,50세,상해없음
2017082600100546,2017년 8월 26일 18시,토요일,충청남도 천안시 서북구 성정동,경상사고,0,0,1,0,차대사람 - 차도통행중,안전운전불이행,건조,맑음,단일로 - 기타,승용,남,77세,상해없음,보행자,남,58세,경상
2017082600100547,2017년 8월 26일 18시,토요일,충청남도 보령시 대천동,중상사고,0,1,0,0,차대차 - 정면충돌,안전운전불이행,건조,맑음,교차로 - 교차로안,승용,여,43세,상해없음,승용,여,45세,중상
2017082600100548,2017년 8월 26일 18시,토요일,충청남도 부여군 외산면,중상사고,0,1,0,0,차대사람 - 길가장자리구역통행중,안전운전불이행,건조,맑음,교차로 - 교차로부근,승용,여,65세,상해없음,보행자,여,53세,중상
2017082600100669,2017년 8월 26일 22시,토요일,충청남도 아산시 득산동,중상사고,0,1,0,0,차대차 - 추돌,안전운전불이행,건조,맑음,교차로 - 교차로부근,승용,남,61세,상해없음,승용,여,55세,중상
2017082600100670,2017년 8월 26일 22시,토요일,충청남도 보령시 오천면,경상사고,0,0,1,0,차대사람 - 길가장자리구역통행중,안전운전불이행,건조,맑음,단일로 - 기타,화물,남,52세,상해없음,보행자,여,30세,경상
2017082600100700,2017년 8월 26일 23시,토요일,충청남도 당진시 석문면,경상사고,0,0,1,0,차대사람 - 길가장자리구역통행중,안전운전불이행,건조,맑음,단일로 - 기타,기타불명,기타불명,미분류,기타불명,보행자,남,47세,경상
2017082700100035,2017년 8월 27일 01시,일요일,충청남도 논산시 내동,중상사고,0,2,0,0,차대차 - 측면충돌,신호위반,건조,맑음,교차로 - 교차로안,승용,남,50세,상해없음,이륜,남,38세,중상
2017082700100036,2017년 8월 27일 01시,일요일,충청남도 공주시 유구읍,중상사고,0,1,0,0,차대차 - 측면충돌,신호위반,건조,흐림,교차로 - 교차로안,승용,여,50세,기타불명,승용,여,51세,중상
2017082700100071,2017년 8월 27일 03시,일요일,충청남도 아산시 음봉면,부상신고사고,0,0,0,3,차대차 - 기타,신호위반,건조,맑음,교차로 - 교차로안,기타불명,기타불명,미분류,기타불명,승용,남,24세,부상신고
2017082700100078,2017년 8월 27일 04시,일요일,충청남도 아산시 염치읍,사망사고,1,0,0,0,차대차 - 추돌,안전운전불이행,건조,맑음,기타 - 기타,승용,남,59세,사망,화물,남,41세,기타불명
2017082700100090,2017년 8월 27일 06시,일요일,충청남도 아산시 탕정면,중상사고,0,1,0,0,차대차 - 정면충돌,안전운전불이행,건조,맑음,단일로 - 기타,승용,여,23세,상해없음,자전거,남,70세,중상
2017082700100104,2017년 8월 27일 07시,일요일,충청남도 천안시 동남구 대흥동,중상사고,0,2,1,0,차대차 - 측면충돌,신호위반,건조,맑음,교차로 - 교차로안,화물,남,84세,상해없음,승용,남,55세,경상
2017082700100117,2017년 8월 27일 08시,일요일,충청남도 천안시 동남구 삼룡동,경상사고,0,0,4,0,차대차 - 추돌,안전운전불이행,건조,맑음,단일로 - 터널,승용,남,29세,상해없음,승용,남,55세,경상
2017082700100145,2017년 8월 27일 10시,일요일,충청남도 아산시 탕정면,경상사고,0,0,1,0,차대차 - 추돌,안전운전불이행,건조,맑음,단일로 - 기타,승용,남,35세,상해없음,승용,남,48세,경상
2017082700100172,2017년 8월 27일 11시,일요일,충청남도 계룡시 엄사면,중상사고,0,1,0,1,차대차 - 정면충돌,직진우회전진행방해,건조,맑음,교차로 - 교차로안,승용,여,52세,부상신고,승용,여,38세,중상
2017082700100173,2017년 8월 27일 11시,일요일,충청남도 천안시 동남구 북면,경상사고,0,0,1,0,차대차 - 후진중충돌,안전운전불이행,건조,맑음,단일로 - 기타,화물,남,39세,상해없음,승용,남,46세,상해없음
2017082700100194,2017년 8월 27일 12시,일요일,충청남도 천안시 서북구 직산읍,경상사고,0,0,2,0,차대차 - 측면충돌,교차로운행방법위반,건조,맑음,교차로 - 교차로안,승용,여,54세,경상,승합,남,53세,경상
2017082700100195,2017년 8월 27일 12시,일요일,충청남도 청양군 청양읍,경상사고,0,0,1,0,차대차 - 측면충돌,직진우회전진행방해,건조,맑음,교차로 - 교차로안,화물,남,59세,상해없음,이륜,여,68세,경상
2017082700100196,2017년 8월 27일 12시,일요일,충청남도 천안시 동남구 목천읍,경상사고,0,0,2,0,차대차 - 측면충돌,안전운전불이행,건조,맑음,단일로 - 기타,화물,남,50세,상해없음,승용,남,30세,경상
2017082700100272,2017년 8월 27일 15시,일요일,충청남도 공주시 정안면,경상사고,0,0,2,0,차대차 - 추돌,안전운전불이행,건조,맑음,단일로 - 기타,승용,남,52세,상해없음,승용,남,35세,경상
2017082700100302,2017년 8월 27일 16시,일요일,충청남도 예산군 예산읍,중상사고,0,2,3,0,차대차 - 추돌,안전거리미확보,건조,맑음,단일로 - 교량,화물,남,71세,중상,화물,남,46세,상해없음
2017082700100303,2017년 8월 27일 16시,일요일,충청남도 예산군 예산읍,경상사고,0,0,3,0,차대차 - 추돌,안전거리미확보,건조,맑음,단일로 - 교량,승용,여,44세,경상,승용,남,48세,상해없음
2017082700100364,2017년 8월 27일 18시,일요일,충청남도 아산시 배방읍,경상사고,0,0,1,0,차대차 - 추돌,안전운전불이행,건조,맑음,단일로 - 기타,승용,남,60세,상해없음,승용,여,28세,경상
2017082700100365,2017년 8월 27일 18시,일요일,충청남도 천안시 동남구 다가동,경상사고,0,0,2,0,차대차 - 측면충돌,안전운전불이행,건조,맑음,교차로 - 교차로부근,승용,남,58세,상해없음,승합,여,42세,경상
2017082700100386,2017년 8월 27일 19시,일요일,충청남도 아산시 둔포면,중상사고,0,2,0,0,차대차 - 추돌,안전운전불이행,건조,맑음,단일로 - 기타,승용,남,58세,상해없음,승용,남,64세,중상
2017082700100412,2017년 8월 27일 20시,일요일,충청남도 천안시 동남구 목천읍,중상사고,0,1,0,0,차대차 - 측면충돌,안전운전불이행,건조,맑음,교차로 - 교차로안,승용,남,26세,상해없음,이륜,남,17세,중상
2017082700100433,2017년 8월 27일 21시,일요일,충청남도 공주시 신관동,부상신고사고,0,0,0,1,차량단독 - 전도전복 - 전도,안전운전불이행,건조,맑음,단일로 - 기타,이륜,남,19세,부상신고,,,,
2017082700100434,2017년 8월 27일 21시,일요일,충청남도 천안시 서북구 성거읍,경상사고,0,0,2,0,차대차 - 측면충돌,안전운전불이행,건조,맑음,단일로 - 기타,승용,여,51세,상해없음,승용,여,34세,경상
2017082700100458,2017년 8월 27일 22시,일요일,충청남도 천안시 서북구 직산읍,경상사고,0,0,1,0,차대차 - 측면충돌,안전운전불이행,건조,맑음,단일로 - 기타,승용,남,32세,상해없음,승용,남,26세,경상
2017082700100459,2017년 8월 27일 22시,일요일,충청남도 홍성군 홍성읍,중상사고,0,1,0,0,차대차 - 정면충돌,안전운전불이행,건조,맑음,교차로 - 교차로안,승용,여,26세,상해없음,이륜,남,25세,중상
2017082700100474,2017년 8월 27일 23시,일요일,충청남도 태안군 안면읍,중상사고,0,1,1,0,차대차 - 추돌,안전운전불이행,건조,맑음,주차장 - 주차장,승용,여,24세,상해없음,화물,남,55세,기타불명
2017082800100023,2017년 8월 28일 00시,월요일,충청남도 당진시 원당리,중상사고,0,1,0,0,차량단독 - 공작물충돌,안전운전불이행,건조,흐림,단일로 - 기타,승용,남,51세,중상,,,,
2017082800100031,2017년 8월 28일 01시,월요일,충청남도 아산시 온천동,경상사고,0,0,1,0,차대차 - 정면충돌,중앙선침범,건조,맑음,단일로 - 기타,승용,남,58세,상해없음,승용,남,47세,경상
2017082800100048,2017년 8월 28일 04시,월요일,충청남도 논산시 부적면,중상사고,0,1,0,0,차대차 - 측면충돌,불법유턴,건조,맑음,단일로 - 기타,자전거,남,85세,중상,화물,남,75세,상해없음
2017082800100052,2017년 8월 28일 05시,월요일,충청남도 천안시 동남구 다가동,부상신고사고,0,0,0,1,차대사람 - 기타,안전운전불이행,건조,맑음,주차장 - 주차장,승용,남,65세,상해없음,보행자,여,89세,부상신고
2017082800100129,2017년 8월 28일 08시,월요일,충청남도 논산시 은진면,중상사고,0,1,0,0,차대차 - 측면충돌,불법유턴,건조,맑음,교차로 - 교차로안,자전거,여,57세,중상,승용,여,41세,상해없음
2017082800100164,2017년 8월 28일 09시,월요일,충청남도 서산시 예천동,중상사고,0,1,1,0,차량단독 - 공작물충돌,안전운전불이행,건조,맑음,주차장 - 주차장,승용,여,52세,중상,,,,