사고번호,사고일시,요일,시군구,사고내용,사망자수,중상자수,경상자수,부상신고자수,사고유형,법규위반,노면상태,기상상태,도로형태,가해운전자 차종,가해운전자 성별,가해운전자 연령,가해운전자 상해정도,피해운전자 차종,피해운전자 성별,피해운전자 연령,피해운전자 상해정도
2017090200100030,2017년 9월 2일 00시,토요일,충청남도 천안시 동남구 목천읍,경상사고,0,0,1,0,차량단독 - 전도전복 - 전도,안전운전불이행,건조,맑음,단일로 - 기타,화물,남,21세,상해없음,,,,
2017090200100050,2017년 9월 2일 01시,토요일,충청남도 아산시 음봉면,중상사고,0,1,0,0,차대차 - 추돌,안전운전불이행,건조,맑음,단일로 - 기타,승용,남,42세,상해없음,원동기,남,32세,중상
2017090200100068,2017년 9월 2일 02시,토요일,충청남도 서산시 음암면,경상사고,0,0,1,0,차대차 - 추돌,안전운전불이행,건조,맑음,단일로 - 기타,승용,남,53세,상해없음,승용,남,52세,경상
2017090200100079,2017년 9월 2일 03시,토요일,충청남도 아산시 염치읍,경상사고,0,0,1,0,차대차 - 추돌,안전운전불이행,건조,맑음,단일로 - 기타,화물,남,26세,기타불명,승용,남,24세,경상
2017090200100105,2017년 9월 2일 05시,토요일,충청남도 서산시 음암면,중상사고,0,1,0,0,차대차 - 추돌,안전운전불이행,건조,맑음,단일로 - 기타,화물,남,55세,상해없음,농기계,남,58세,중상
2017090200100123,2017년 9월 2일 06시,토요일,충청남도 천안시 서북구 성정동,경상사고,0,0,1,0,차대차 - 추돌,안전거리미확보,건조,맑음,교차로 - 교차로부근,승용,남,18세,상해없음,승용,남,39세,경상
2017090200100161,2017년 9월 2일 08시,토요일,충청남도 청양군 정산면,경상사고,0,0,5,0,차대차 - 측면충돌,중앙선침범,건조,맑음,단일로 - 기타,승용,남,57세,상해없음,승용,여,37세,경상
2017090200100186,2017년 9월 2일 09시,토요일,충청남도 예산군 삽교읍,경상사고,0,0,1,0,차대차 - 기타,불법유턴,건조,맑음,단일로 - 기타,화물,남,59세,상해없음,원동기,남,82세,경상
2017090200100187,2017년 9월 2일 09시,토요일,충청남도 천안시 동남구 청당동,중상사고,0,1,0,0,차대사람 - 횡단중,안전운전불이행,건조,맑음,단일로 - 기타,화물,남,45세,상해없음,보행자,여,73세,중상
2017090200100210,2017년 9월 2일 10시,토요일,충청남도 천안시 서북구 신당동,경상사고,0,0,2,0,차대차 - 추돌,안전운전불이행,건조,맑음,단일로 - 기타,승용,여,24세,상해없음,화물,남,37세,경상
2017090200100211,2017년 9월 2일 10시,토요일,충청남도 공주시 교동,경상사고,0,0,1,0,차대차 - 측면충돌,안전운전불이행,건조,맑음,단일로 - 기타,승용,여,62세,상해없음,이륜,여,69세,경상
2017090200100238,2017년 9월 2일 11시,토요일,충청남도 천안시 서북구 쌍용동,중상사고,0,1,0,0,차대차 - 측면충돌,신호위반,건조,맑음,교차로 - 교차로안,승용,남,41세,상해없음,화물,남,43세,중상
2017090200100239,2017년 9월 2일 11시,토요일,충청남도 천안시 동남구 신방동,경상사고,0,0,1,0,차대차 - 측면충돌,안전운전불이행,건조,맑음,단일로 - 기타,승용,남,22세,상해없음,승용,여,59세,경상
2017090200100281,2017년 9월 2일 12시,토요일,충청남도 서천군 서천읍,경상사고,0,0,1,0,차대차 - 후진중충돌,안전운전불이행,건조,맑음,주차장 - 주차장,화물,남,35세,상해없음,승용,남,65세,경상
2017090200100313,2017년 9월 2일 13시,토요일,충청남도 당진시 우두리,경상사고,0,0,1,0,차대차 - 측면충돌,신호위반,건조,맑음,교차로 - 교차로안,승용,남,29세,상해없음,이륜,남,53세,경상
2017090200100314,2017년 9월 2일 13시,토요일,충청남도 금산군 추부면,중상사고,0,1,1,0,차대차 - 정면충돌,중앙선침범,건조,맑음,교차로 - 교차로부근,화물,남,23세,경상,화물,남,51세,중상
2017090200100354,2017년 9월 2일 14시,토요일,충청남도 천안시 서북구 쌍용동,부상신고사고,0,0,0,1,차대사람 - 횡단중,기타,건조,맑음,교차로 - 교차로부근,승용,남,57세,상해없음,보행자,여,14세,부상신고
2017090200100355,2017년 9월 2일 14시,토요일,충청남도 아산시 배방읍,경상사고,0,0,1,0,차대차 - 추돌,안전운전불이행,건조,맑음,교차로 - 교차로부근,승용,남,50세,상해없음,승용,남,48세,경상
2017090200100356,2017년 9월 2일 14시,토요일,충청남도 청양군 청남면,중상사고,0,1,0,0,차대차 - 측면충돌,중앙선침범,건조,맑음,단일로 - 기타,승용,남,44세,상해없음,승용,남,76세,중상
2017090200100357,2017년 9월 2일 14시,토요일,충청남도 천안시 동남구 신부동,부상신고사고,0,0,0,1,차대사람 - 기타,안전운전불이행,건조,맑음,기타 - 기타,기타불명,기타불명,미분류,기타불명,보행자,여,61세,부상신고
2017090200100397,2017년 9월 2일 15시,토요일,충청남도 보령시 동대동,중상사고,0,1,0,0,차대사람 - 횡단중,안전운전불이행,건조,맑음,단일로 - 기타,승용,남,47세,상해없음,보행자,여,11세,중상
2017090200100398,2017년 9월 2일 15시,토요일,충청남도 청양군 청양읍,경상사고,0,0,8,0,차대차 - 추돌,안전운전불이행,건조,맑음,단일로 - 기타,승용,남,45세,경상,승용,남,37세,경상
2017090200100399,2017년 9월 2일 15시,토요일,충청남도 천안시 동남구 광덕면,사망사고,2,8,10,0,차대차 - 추돌,안전운전불이행,건조,맑음,단일로 - 기타,승합,남,57세,경상,승용,남,48세,사망
2017090200100426,2017년 9월 2일 16시,토요일,충청남도 논산시 부적면,중상사고,0,1,3,0,차대차 - 측면충돌,중앙선침범,건조,맑음,교차로 - 교차로부근,승용,여,59세,상해없음,승용,남,55세,경상
2017090200100427,2017년 9월 2일 16시,토요일,충청남도 홍성군 홍성읍,경상사고,0,0,1,0,차대사람 - 기타,안전운전불이행,건조,맑음,기타 - 기타,승용,여,51세,상해없음,보행자,남,46세,경상
2017090200100428,2017년 9월 2일 16시,토요일,충청남도 보령시 웅천읍,중상사고,0,2,0,0,차량단독 - 도로외이탈 - 추락,안전운전불이행,건조,맑음,교차로 - 교차로안,승용,남,52세,중상,,,,
2017090200100429,2017년 9월 2일 16시,토요일,충청남도 당진시 수청리,경상사고,0,0,2,0,차대차 - 추돌,안전운전불이행,건조,맑음,단일로 - 기타,승용,여,36세,상해없음,승용,여,40세,경상
2017090200100432,2017년 9월 2일 16시,토요일,충청남도 당진시 송악읍,중상사고,0,3,6,0,차대차 - 기타,안전운전불이행,건조,맑음,단일로 - 교량,화물,남,69세,상해없음,승합,남,50세,경상
2017090200100478,2017년 9월 2일 17시,토요일,충청남도 아산시 온천동,경상사고,0,0,1,0,차대사람 - 기타,안전운전불이행,건조,맑음,단일로 - 기타,기타불명,기타불명,미분류,기타불명,보행자,여,62세,경상
2017090200100521,2017년 9월 2일 18시,토요일,충청남도 태안군 태안읍,경상사고,0,0,3,0,차대차 - 측면충돌,안전운전불이행,건조,맑음,교차로 - 교차로부근,승용,남,68세,경상,화물,남,65세,경상
2017090200100522,2017년 9월 2일 18시,토요일,충청남도 보령시 주교면,사망사고,1,0,0,0,차량단독 - 전도전복,안전운전불이행,건조,맑음,단일로 - 기타,이륜,남,35세,사망,미분류,미분류,미분류,미분류
2017090200100523,2017년 9월 2일 18시,토요일,충청남도 공주시 금성동,경상사고,0,0,2,0,차대차 - 측면충돌,신호위반,건조,맑음,교차로 - 교차로안,이륜,남,78세,경상,승용,남,67세,경상
2017090200100555,2017년 9월 2일 19시,토요일,충청남도 천안시 서북구 입장면,경상사고,0,0,1,0,차대사람 - 길가장자리구역통행중,안전운전불이행,건조,맑음,단일로 - 기타,승용,남,72세,상해없음,보행자,남,48세,경상
2017090200100556,2017년 9월 2일 19시,토요일,충청남도 아산시 방축동,경상사고,0,0,2,0,차대차 - 추돌,안전운전불이행,건조,맑음,단일로 - 기타,화물,남,57세,상해없음,승용,여,37세,경상
2017090200100618,2017년 9월 2일 21시,토요일,충청남도 아산시 배방읍,경상사고,0,0,3,0,차대차 - 추돌,안전운전불이행,건조,맑음,교차로 - 교차로부근,승용,남,29세,상해없음,승용,여,48세,경상
2017090200100619,2017년 9월 2일 21시,토요일,충청남도 아산시 배방읍,경상사고,0,0,1,0,차대차 - 측면충돌,중앙선침범,건조,맑음,단일로 - 기타,승용,남,32세,상해없음,원동기,남,47세,경상
2017090200100620,2017년 9월 2일 21시,토요일,충청남도 당진시 신평면,경상사고,0,0,3,0,차대차 - 추돌,신호위반,건조,맑음,교차로 - 교차로안,승용,남,61세,상해없음,승용,남,58세,경상
2017090200100648,2017년 9월 2일 22시,토요일,충청남도 천안시 서북구 두정동,중상사고,0,1,0,0,차대차 - 측면충돌,안전운전불이행,건조,맑음,단일로 - 기타,승용,남,27세,상해없음,이륜,남,19세,중상
2017090200100650,2017년 9월 2일 22시,토요일,충청남도 천안시 동남구 원성동,경상사고,0,0,1,0,차대차 - 측면충돌,중앙선침범,건조,맑음,단일로 - 기타,승용,남,49세,상해없음,이륜,남,46세,경상
2017090300100024,2017년 9월 3일 00시,일요일,충청남도 천안시 서북구 직산읍,경상사고,0,0,1,0,차대차 - 기타,교차로운행방법위반,건조,맑음,교차로 - 교차로안,승용,남,39세,상해없음,승용,남,51세,경상
2017090300100078,2017년 9월 3일 05시,일요일,충청남도 서산시 잠홍동,경상사고,0,0,2,0,차대차 - 정면충돌,중앙선침범,건조,맑음,단일로 - 기타,승용,여,23세,상해없음,승용,남,54세,경상
2017090300100098,2017년 9월 3일 07시,일요일,충청남도 천안시 서북구 입장면,경상사고,0,0,1,0,차대차 - 정면충돌,안전운전불이행,건조,맑음,교차로 - 교차로안,화물,남,62세,상해없음,승용,남,59세,경상
2017090300100140,2017년 9월 3일 10시,일요일,충청남도 서천군 종천면,중상사고,0,2,0,0,차대차 - 추돌,안전거리미확보,건조,맑음,교차로 - 교차로부근,화물,남,64세,상해없음,승용,남,33세,중상
2017090300100176,2017년 9월 3일 11시,일요일,충청남도 보령시 남곡동,중상사고,0,2,0,0,차대차 - 측면충돌,안전운전불이행,건조,맑음,단일로 - 기타,승용,여,49세,상해없음,특수,남,51세,중상
2017090300100200,2017년 9월 3일 12시,일요일,충청남도 당진시 읍내리,경상사고,0,0,1,0,차대사람 - 차도통행중,안전운전불이행,건조,맑음,교차로 - 교차로안,승용,여,36세,상해없음,보행자,여,73세,경상
2017090300100228,2017년 9월 3일 13시,일요일,충청남도 천안시 동남구 목천읍,중상사고,0,1,2,0,차대차 - 정면충돌,신호위반,건조,맑음,교차로 - 교차로안,승용,남,60세,상해없음,승용,남,47세,경상
2017090300100285,2017년 9월 3일 15시,일요일,충청남도 계룡시 금암동,중상사고,0,1,0,0,차대차 - 정면충돌,안전운전불이행,건조,맑음,주차장 - 주차장,승용,남,27세,상해없음,승용,남,51세,중상
2017090300100286,2017년 9월 3일 15시,일요일,충청남도 예산군 삽교읍,경상사고,0,0,1,0,차량단독 - 도로외이탈 - 추락,안전운전불이행,건조,맑음,단일로 - 기타,이륜,남,33세,경상,,,,
2017090300100287,2017년 9월 3일 15시,일요일,충청남도 당진시 정미면,중상사고,0,2,0,0,차대차 - 측면충돌,차로위반,건조,맑음,단일로 - 기타,승용,남,33세,중상,승용,남,50세,중상
2017090300100348,2017년 9월 3일 17시,일요일,충청남도 태안군 남면,경상사고,0,0,3,0,차대차 - 정면충돌,중앙선침범,건조,맑음,단일로 - 기타,화물,남,55세,상해없음,승용,여,55세,경상
2017090300100349,2017년 9월 3일 17시,일요일,충청남도 천안시 서북구 성정동,경상사고,0,0,2,0,차대차 - 측면충돌,안전운전불이행,건조,맑음,단일로 - 기타,승용,여,27세,상해없음,승용,남,45세,경상
2017090300100383,2017년 9월 3일 18시,일요일,충청남도 홍성군 갈산면,경상사고,0,0,1,0,차대차 - 후진중충돌,안전운전불이행,건조,맑음,교차로 - 교차로안,승용,남,38세,상해없음,승용,남,28세,경상
2017090300100384,2017년 9월 3일 18시,일요일,충청남도 천안시 동남구 광덕면,경상사고,0,0,2,0,차대차 - 추돌,안전운전불이행,건조,흐림,단일로 - 기타,승용,남,54세,상해없음,승용,남,54세,경상
2017090300100386,2017년 9월 3일 18시,일요일,충청남도 당진시 송악읍,경상사고,0,0,9,1,차대차 - 기타,안전운전불이행,건조,맑음,단일로 - 기타,화물,남,26세,상해없음,승용,남,51세,경상
2017090300100411,2017년 9월 3일 19시,일요일,충청남도 논산시 연무읍,경상사고,0,0,1,0,차대차 - 측면충돌,안전거리미확보,건조,맑음,단일로 - 기타,승용,남,51세,상해없음,화물,남,58세,경상
2017090300100412,2017년 9월 3일 19시,일요일,충청남도 아산시 배방읍,경상사고,0,0,2,0,차대차 - 측면충돌,안전운전불이행,건조,맑음,단일로 - 기타,승용,남,49세,상해없음,승용,남,49세,경상
2017090300100470,2017년 9월 3일 21시,일요일,충청남도 서산시 동문동,경상사고,0,0,1,0,차대차 - 측면충돌,안전운전불이행,건조,맑음,단일로 - 기타,승용,남,53세,상해없음,승용,남,32세,상해없음
2017090300100471,2017년 9월 3일 21시,일요일,충청남도 당진시 신평면,사망사고,1,0,0,0,차대사람 - 차도통행중,안전운전불이행,건조,맑음,단일로 - 기타,승용,남,32세,상해없음,보행자,여,56세,사망
2017090300100505,2017년 9월 3일 23시,일요일,충청남도 보령시 요암동,경상사고,0,0,3,0,차대차 - 측면충돌,안전운전불이행,건조,맑음,교차로 - 교차로안,승용,남,53세,경상,승용,남,39세,경상
2017090300100506,2017년 9월 3일 23시,일요일,충청남도 천안시 동남구 신부동,경상사고,0,0,1,0,차대차 - 추돌,안전운전불이행,건조,맑음,단일로 - 기타,이륜,남,57세,상해없음,승용,남,25세,경상
2017090400100024,2017년 9월 4일 00시,월요일,충청남도 천안시 동남구 신부동,경상사고,0,0,2,0,차대차 - 정면충돌,안전운전불이행,건조,맑음,단일로 - 기타,승용,여,22세,상해없음,승용,남,65세,경상
2017090400100039,2017년 9월 4일 02시,월요일,충청남도 보령시 대천동,경상사고,0,0,1,0,차대사람 - 길가장자리구역통행중,안전운전불이행,건조,맑음,교차로 - 교차로부근,화물,남,33세,상해없음,보행자,남,42세,경상
2017090400100053,2017년 9월 4일 05시,월요일,충청남도 예산군 예산읍,부상신고사고,0,0,0,1,차대차 - 측면충돌,직진우회전진행방해,건조,맑음,교차로 - 교차로안,화물,남,73세,부상신고,화물,남,59세,상해없음
2017090400100068,2017년 9월 4일 06시,월요일,충청남도 서산시 동문동,경상사고,0,0,1,0,차대차 - 측면충돌,신호위반,건조,맑음,교차로 - 교차로안,승용,남,43세,상해없음,승용,남,49세,경상
2017090400100091,2017년 9월 4일 07시,월요일,충청남도 서산시 대산읍,중상사고,0,1,0,0,차대차 - 측면충돌,안전운전불이행,건조,맑음,단일로 - 기타,원동기,남,36세,중상,승용,남,45세,상해없음
2017090400100128,2017년 9월 4일 08시,월요일,충청남도 천안시 서북구 차암동,경상사고,0,0,2,0,차대차 - 측면충돌,안전운전불이행,건조,맑음,교차로 - 교차로안,승용,남,23세,경상,승용,남,28세,경상
2017090400100129,2017년 9월 4일 08시,월요일,충청남도 논산시 은진면,경상사고,0,0,2,0,차대차 - 측면충돌,안전거리미확보,건조,맑음,단일로 - 기타,화물,여,21세,경상,승용,여,25세,경상
2017090400100191,2017년 9월 4일 10시,월요일,충청남도 홍성군 은하면,경상사고,0,0,2,0,차대차 - 측면충돌,중앙선침범,건조,맑음,단일로 - 기타,승용,남,76세,경상,승용,여,65세,경상
2017090400100192,2017년 9월 4일 10시,월요일,충청남도 천안시 동남구 원성동,중상사고,0,1,0,0,차대차 - 추돌,안전운전불이행,건조,맑음,교차로 - 교차로안,이륜,남,81세,중상,승용,남,31세,상해없음
2017090400100223,2017년 9월 4일 11시,월요일,충청남도 서천군 서천읍,경상사고,0,0,1,0,차대차 - 측면충돌,안전운전불이행,건조,맑음,교차로 - 교차로부근,이륜,남,76세,상해없음,이륜,남,74세,경상
2017090400100275,2017년 9월 4일 13시,월요일,충청남도 예산군 삽교읍,경상사고,0,0,3,0,차대차 - 측면충돌,직진우회전진행방해,건조,맑음,교차로 - 교차로안,화물,남,58세,경상,화물,남,55세,경상
2017090400100276,2017년 9월 4일 13시,월요일,충청남도 천안시 동남구 청당동,중상사고,0,1,0,0,차대차 - 기타,안전운전불이행,건조,맑음,단일로 - 기타,화물,남,57세,상해없음,화물,남,56세,기타불명
2017090400100311,2017년 9월 4일 14시,월요일,충청남도 공주시 정안면,경상사고,0,0,2,0,차대차 - 측면충돌,중앙선침범,건조,맑음,단일로 - 기타,승용,여,31세,상해없음,승용,남,57세,경상
2017090400100337,2017년 9월 4일 15시,월요일,충청남도 당진시 채운동,중상사고,0,1,0,0,차대사람 - 횡단중,보행자보호의무위반,건조,맑음,단일로 - 기타,승용,여,30세,상해없음,보행자,여,60세,중상
2017090400100373,2017년 9월 4일 16시,월요일,충청남도 보령시 주산면,경상사고,0,0,2,0,차대차 - 후진중충돌,안전운전불이행,건조,맑음,교차로 - 교차로부근,화물,남,72세,상해없음,승합,남,50세,경상
2017090400100425,2017년 9월 4일 17시,월요일,충청남도 천안시 서북구 불당동,경상사고,0,0,1,0,차대차 - 기타,안전운전불이행,건조,맑음,단일로 - 기타,승용,여,29세,기타불명,승용,여,40세,경상
2017090400100454,2017년 9월 4일 18시,월요일,충청남도 논산시 화지동,경상사고,0,0,1,0,차대차 - 측면충돌,교차로운행방법위반,건조,맑음,교차로 - 교차로안,승용,남,60세,상해없음,승용,여,58세,경상
2017090400100527,2017년 9월 4일 20시,월요일,충청남도 공주시 유구읍,경상사고,0,0,1,0,차대차 - 추돌,안전운전불이행,건조,맑음,단일로 - 기타,승용,여,63세,상해없음,자전거,남,73세,경상
2017090400100556,2017년 9월 4일 21시,월요일,충청남도 부여군 부여읍,중상사고,0,1,0,0,차대사람 - 횡단중,안전운전불이행,건조,맑음,단일로 - 기타,승용,남,41세,상해없음,보행자,남,84세,중상
2017090400100557,2017년 9월 4일 21시,월요일,충청남도 당진시 읍내리,경상사고,0,0,1,0,차대사람 - 횡단중,보행자보호의무위반,건조,맑음,단일로 - 기타,승용,남,22세,상해없음,보행자,여,20세,경상
2017090500100053,2017년 9월 5일 04시,화요일,충청남도 천안시 서북구 쌍용동,경상사고,0,0,1,0,차대차 - 측면충돌,신호위반,건조,맑음,교차로 - 교차로안,승용,여,28세,상해없음,승용,여,47세,경상
2017090500100096,2017년 9월 5일 07시,화요일,충청남도 아산시 둔포면,중상사고,0,1,0,0,차대차 - 측면충돌,안전운전불이행,건조,맑음,교차로 - 교차로안,화물,남,47세,상해없음,자전거,남,43세,중상
2017090500100128,2017년 9월 5일 08시,화요일,충청남도 천안시 서북구 성정동,경상사고,0,0,1,0,차대차 - 추돌,안전운전불이행,건조,맑음,교차로 - 교차로부근,화물,남,23세,상해없음,승용,남,30세,경상
2017090500100129,2017년 9월 5일 08시,화요일,충청남도 천안시 서북구 두정동,경상사고,0,0,1,0,차대사람 - 차도통행중,안전운전불이행,건조,맑음,단일로 - 기타,승용,남,53세,상해없음,보행자,여,44세,경상
2017090500100197,2017년 9월 5일 10시,화요일,충청남도 공주시 정안면,경상사고,0,0,2,0,차대차 - 측면충돌,신호위반,건조,맑음,교차로 - 교차로안,특수,남,48세,상해없음,화물,남,75세,경상
2017090500100198,2017년 9월 5일 10시,화요일,충청남도 예산군 예산읍,중상사고,0,1,0,0,차대차 - 측면충돌,신호위반,젖음/습기,비,교차로 - 교차로안,승용,남,70세,상해없음,승용,여,63세,중상
2017090500100228,2017년 9월 5일 11시,화요일,충청남도 태안군 소원면,경상사고,0,0,1,0,차대차 - 정면충돌,안전운전불이행,건조,맑음,단일로 - 기타,화물,남,27세,상해없음,사륜오토바이(ATV),여,69세,경상
2017090500100229,2017년 9월 5일 11시,화요일,충청남도 서산시 음암면,경상사고,0,0,1,0,차대차 - 추돌,안전거리미확보,건조,맑음,단일로 - 기타,승용,여,68세,상해없음,승용,남,29세,경상
2017090500100262,2017년 9월 5일 12시,화요일,충청남도 논산시 반월동,경상사고,0,0,1,1,차대차 - 측면충돌,교차로운행방법위반,젖음/습기,비,교차로 - 교차로안,승용,여,47세,부상신고,승용,여,29세,경상
2017090500100263,2017년 9월 5일 12시,화요일,충청남도 논산시 연산면,부상신고사고,0,0,0,1,차량단독 - 도로외이탈 - 기타,안전운전불이행,젖음/습기,흐림,단일로 - 기타,승용,남,71세,부상신고,,,,
2017090500100264,2017년 9월 5일 12시,화요일,충청남도 보령시 오천면,중상사고,0,2,0,0,차대차 - 정면충돌,중앙선침범,건조,맑음,단일로 - 기타,특수,남,41세,상해없음,화물,남,69세,중상
2017090500100265,2017년 9월 5일 12시,화요일,충청남도 공주시 계룡면,경상사고,0,0,1,0,차대차 - 측면충돌,안전운전불이행,건조,맑음,교차로 - 교차로안,사륜오토바이(ATV),남,84세,경상,승용,여,38세,상해없음
2017090500100266,2017년 9월 5일 12시,화요일,충청남도 금산군 추부면,경상사고,0,0,1,0,차대차 - 추돌,안전운전불이행,젖음/습기,비,교차로 - 교차로안,건설기계,남,58세,상해없음,승용,남,49세,경상
2017090500100267,2017년 9월 5일 12시,화요일,충청남도 천안시 동남구 삼룡동,중상사고,0,1,0,0,차대차 - 측면충돌,안전운전불이행,건조,맑음,기타 - 기타,승용,남,32세,상해없음,화물,남,52세,중상
2017090500100287,2017년 9월 5일 13시,화요일,충청남도 서산시 석림동,중상사고,0,1,0,0,차대차 - 정면충돌,직진우회전진행방해,건조,맑음,교차로 - 교차로안,승용,남,24세,상해없음,자전거,남,70세,중상
2017090500100288,2017년 9월 5일 13시,화요일,충청남도 태안군 태안읍,중상사고,0,1,0,0,차대차 - 추돌,안전운전불이행,건조,맑음,단일로 - 기타,이륜,남,69세,중상,화물,남,54세,상해없음
2017090500100289,2017년 9월 5일 13시,화요일,충청남도 아산시 배미동,경상사고,0,0,1,0,차대차 - 측면충돌,신호위반,건조,맑음,교차로 - 교차로안,승용,남,25세,상해없음,승합,남,43세,경상
2017090500100290,2017년 9월 5일 13시,화요일,충청남도 부여군 은산면,경상사고,0,0,2,0,차대차 - 측면충돌,안전운전불이행,젖음/습기,비,단일로 - 기타,화물,남,76세,상해없음,승용,남,78세,경상
2017090500100311,2017년 9월 5일 14시,화요일,충청남도 공주시 사곡면,중상사고,0,2,1,0,차대차 - 추돌,안전운전불이행,건조,맑음,단일로 - 기타,건설기계,남,55세,경상,화물,남,41세,중상
2017090500100344,2017년 9월 5일 15시,화요일,충청남도 홍성군 홍북읍,중상사고,0,1,0,0,차대사람 - 횡단중,보행자보호의무위반,건조,맑음,단일로 - 기타,승용,여,25세,상해없음,보행자,남,8세,중상
2017090500100345,2017년 9월 5일 15시,화요일,충청남도 보령시 청라면,사망사고,1,0,0,0,차대사람 - 횡단중,안전운전불이행,건조,맑음,단일로 - 기타,승용,남,57세,상해없음,보행자,여,76세,사망
2017090500100346,2017년 9월 5일 15시,화요일,충청남도 공주시 웅진동,중상사고,0,1,2,0,차대차 - 측면충돌,안전운전불이행,건조,맑음,교차로 - 교차로안,화물,남,64세,중상,화물,남,51세,경상
2017090500100376,2017년 9월 5일 16시,화요일,충청남도 당진시 채운동,중상사고,0,1,0,0,차대사람 - 횡단중,보행자보호의무위반,건조,맑음,단일로 - 기타,화물,남,44세,상해없음,보행자,남,6세,중상
2017090500100417,2017년 9월 5일 17시,화요일,충청남도 공주시 신관동,중상사고,0,1,0,0,차대사람 - 횡단중,보행자보호의무위반,건조,맑음,교차로 - 교차로횡단보도내,이륜,남,18세,상해없음,보행자,여,23세,중상
2017090500100453,2017년 9월 5일 18시,화요일,충청남도 천안시 동남구 신방동,경상사고,0,0,1,0,차대차 - 측면충돌,교차로운행방법위반,건조,맑음,교차로 - 교차로안,승용,여,37세,기타불명,승용,남,33세,경상
2017090500100515,2017년 9월 5일 20시,화요일,충청남도 천안시 서북구 쌍용동,경상사고,0,0,1,0,차대차 - 기타,중앙선침범,건조,맑음,교차로 - 교차로부근,승용,남,54세,상해없음,이륜,남,30세,경상
2017090500100516,2017년 9월 5일 20시,화요일,충청남도 당진시 시곡리,경상사고,0,0,2,0,차대차 - 정면충돌,안전운전불이행,건조,맑음,단일로 - 기타,화물,남,52세,기타불명,승용,남,24세,경상
2017090500100517,2017년 9월 5일 20시,화요일,충청남도 천안시 동남구 다가동,중상사고,0,1,3,0,차대차 - 측면충돌,신호위반,건조,맑음,교차로 - 교차로안,승용,남,27세,중상,승용,남,36세,경상
2017090500100547,2017년 9월 5일 21시,화요일,충청남도 아산시 배방읍,경상사고,0,0,1,0,차대차 - 추돌,안전운전불이행,건조,맑음,교차로 - 교차로부근,승용,남,27세,상해없음,승용,남,56세,경상
2017090500100569,2017년 9월 5일 22시,화요일,충청남도 공주시 옥룡동,경상사고,0,0,1,0,차대사람 - 횡단중,안전운전불이행,젖음/습기,비,단일로 - 기타,이륜,남,46세,상해없음,보행자,남,54세,경상
2017090500100591,2017년 9월 5일 23시,화요일,충청남도 천안시 서북구 성정동,경상사고,0,0,2,0,차대차 - 추돌,안전운전불이행,건조,흐림,교차로 - 교차로부근,승용,남,57세,상해없음,승용,남,25세,경상
2017090500100592,2017년 9월 5일 23시,화요일,충청남도 천안시 동남구 목천읍,중상사고,0,1,0,0,차대차 - 측면충돌,안전운전불이행,건조,맑음,단일로 - 기타,승용,남,24세,상해없음,이륜,남,45세,중상
2017090600100030,2017년 9월 6일 00시,수요일,충청남도 천안시 동남구 다가동,중상사고,0,1,0,0,차대사람 - 횡단중,안전운전불이행,건조,맑음,교차로 - 교차로횡단보도내,승용,남,48세,상해없음,보행자,남,62세,중상
2017090600100046,2017년 9월 6일 02시,수요일,충청남도 천안시 동남구 유량동,중상사고,0,1,0,0,차량단독 - 공작물충돌,안전운전불이행,건조,맑음,교차로 - 교차로안,승용,남,24세,상해없음,,,,
2017090600100077,2017년 9월 6일 06시,수요일,충청남도 서산시 수석동,중상사고,0,1,0,0,차대차 - 측면충돌,직진우회전진행방해,건조,맑음,교차로 - 교차로안,화물,남,72세,상해없음,이륜,남,60세,중상
2017090600100086,2017년 9월 6일 07시,수요일,충청남도 천안시 서북구 성거읍,중상사고,0,1,0,0,차대차 - 추돌,안전운전불이행,건조,맑음,단일로 - 기타,승용,남,28세,상해없음,농기계,남,63세,중상
2017090600100217,2017년 9월 6일 11시,수요일,충청남도 홍성군 홍성읍,경상사고,0,0,1,0,차대사람 - 횡단중,보행자보호의무위반,건조,흐림,단일로 - 기타,승용,남,77세,상해없음,보행자,여,76세,경상
2017090600100218,2017년 9월 6일 11시,수요일,충청남도 천안시 동남구 문화동,경상사고,0,0,2,0,차대차 - 측면충돌,중앙선침범,건조,맑음,교차로 - 교차로부근,승용,여,27세,상해없음,승용,남,45세,경상
2017090600100241,2017년 9월 6일 12시,수요일,충청남도 당진시 합덕읍,경상사고,0,0,1,0,차대사람 - 차도통행중,안전운전불이행,젖음/습기,흐림,단일로 - 기타,승용,남,75세,상해없음,보행자,남,81세,경상
2017090600100301,2017년 9월 6일 14시,수요일,충청남도 태안군 태안읍,경상사고,0,0,1,0,차량단독 - 공작물충돌,안전운전불이행,건조,맑음,교차로 - 교차로안,승용,여,58세,경상,,,,
2017090600100302,2017년 9월 6일 14시,수요일,충청남도 서천군 비인면,경상사고,0,0,1,0,차대차 - 측면충돌,안전운전불이행,건조,맑음,단일로 - 기타,원동기,남,75세,경상,승용,여,57세,상해없음
2017090600100304,2017년 9월 6일 14시,수요일,충청남도 금산군 금산읍,중상사고,0,2,0,0,차대차 - 측면충돌,직진우회전진행방해,건조,흐림,교차로 - 교차로안,승용,남,55세,상해없음,이륜,남,76세,중상
2017090600100336,2017년 9월 6일 15시,수요일,충청남도 서산시 석림동,중상사고,0,1,0,0,차대차 - 측면충돌,안전운전불이행,건조,맑음,교차로 - 교차로안,이륜,남,63세,중상,승용,여,55세,상해없음