사고번호,사고일시,요일,시군구,사고내용,사망자수,중상자수,경상자수,부상신고자수,사고유형,법규위반,노면상태,기상상태,도로형태,가해운전자 차종,가해운전자 성별,가해운전자 연령,가해운전자 상해정도,피해운전자 차종,피해운전자 성별,피해운전자 연령,피해운전자 상해정도
2017090600100337,2017년 9월 6일 15시,수요일,충청남도 아산시 도고면,경상사고,0,0,2,1,차대차 - 추돌,안전거리미확보,젖음/습기,비,교차로 - 교차로안,화물,남,36세,상해없음,화물,남,41세,부상신고
2017090600100371,2017년 9월 6일 16시,수요일,충청남도 공주시 신관동,경상사고,0,0,1,0,차대차 - 측면충돌,안전운전불이행,건조,맑음,교차로 - 교차로부근,승용,여,61세,상해없음,자전거,남,38세,경상
2017090600100455,2017년 9월 6일 18시,수요일,충청남도 천안시 서북구 두정동,중상사고,0,1,0,0,차대차 - 측면충돌,안전운전불이행,건조,맑음,단일로 - 기타,이륜,남,34세,중상,화물,남,49세,상해없음
2017090600100456,2017년 9월 6일 18시,수요일,충청남도 아산시 인주면,경상사고,0,0,1,0,차대차 - 기타,안전운전불이행,젖음/습기,비,단일로 - 기타,승용,남,41세,상해없음,화물,남,37세,경상
2017090600100513,2017년 9월 6일 19시,수요일,충청남도 공주시 신관동,중상사고,0,2,2,0,차대차 - 추돌,안전운전불이행,젖음/습기,비,단일로 - 교량,화물,남,25세,상해없음,승용,남,37세,경상
2017090600100558,2017년 9월 6일 20시,수요일,충청남도 천안시 서북구 성정동,중상사고,0,1,0,0,차대사람 - 횡단중,신호위반,젖음/습기,비,교차로 - 교차로부근,승용,남,29세,상해없음,보행자,여,24세,중상
2017090600100559,2017년 9월 6일 20시,수요일,충청남도 예산군 응봉면,경상사고,0,0,1,0,차대차 - 기타,신호위반,젖음/습기,비,교차로 - 교차로안,승용,여,27세,상해없음,승용,남,55세,경상
2017090600100560,2017년 9월 6일 20시,수요일,충청남도 당진시 읍내리,중상사고,0,1,0,0,차대차 - 측면충돌,안전운전불이행,젖음/습기,비,교차로 - 교차로안,기타불명,기타불명,미분류,기타불명,이륜,남,29세,중상
2017090600100623,2017년 9월 6일 22시,수요일,충청남도 천안시 서북구 성정동,경상사고,0,0,1,0,차대차 - 기타,신호위반,젖음/습기,비,교차로 - 교차로안,이륜,남,28세,경상,승용,여,51세,상해없음
2017090600100654,2017년 9월 6일 23시,수요일,충청남도 천안시 서북구 백석동,경상사고,0,0,2,0,차대차 - 추돌,안전거리미확보,건조,맑음,교차로 - 교차로부근,승용,남,26세,상해없음,승용,여,26세,경상
2017090600100655,2017년 9월 6일 23시,수요일,충청남도 아산시 신창면,경상사고,0,0,1,0,차대차 - 기타,안전운전불이행,건조,맑음,단일로 - 기타,승용,남,28세,상해없음,승용,남,33세,경상
2017090700100043,2017년 9월 7일 01시,목요일,충청남도 당진시 합덕읍,중상사고,0,1,0,0,차량단독 - 공작물충돌,안전운전불이행,젖음/습기,흐림,단일로 - 기타,승용,남,44세,중상,,,,
2017090700100081,2017년 9월 7일 05시,목요일,충청남도 홍성군 홍북읍,경상사고,0,0,1,0,차대차 - 측면충돌,신호위반,젖음/습기,안개,교차로 - 교차로안,승용,남,30세,상해없음,승용,여,48세,경상
2017090700100094,2017년 9월 7일 06시,목요일,충청남도 서천군 비인면,중상사고,0,1,1,0,차대차 - 측면충돌,직진우회전진행방해,건조,맑음,교차로 - 교차로안,화물,남,57세,상해없음,승용,남,75세,경상
2017090700100095,2017년 9월 7일 06시,목요일,충청남도 공주시 신관동,경상사고,0,0,1,0,차대차 - 후진중충돌,안전운전불이행,건조,맑음,단일로 - 기타,승용,남,65세,상해없음,승용,남,27세,경상
2017090700100108,2017년 9월 7일 07시,목요일,충청남도 아산시 배방읍,경상사고,0,0,1,0,차대차 - 추돌,안전운전불이행,건조,맑음,단일로 - 기타,승용,남,34세,상해없음,승용,남,32세,경상
2017090700100134,2017년 9월 7일 08시,목요일,충청남도 홍성군 홍성읍,중상사고,0,1,0,0,차대차 - 측면충돌,안전운전불이행,건조,흐림,교차로 - 교차로안,승용,여,76세,상해없음,이륜,여,60세,중상
2017090700100198,2017년 9월 7일 10시,목요일,충청남도 천안시 서북구 백석동,경상사고,0,0,1,0,차대차 - 기타,차로위반,건조,맑음,교차로 - 교차로안,승용,남,56세,상해없음,승용,여,44세,경상
2017090700100216,2017년 9월 7일 11시,목요일,충청남도 공주시 봉정동,사망사고,1,0,0,0,차량단독 - 도로외이탈 - 추락,안전운전불이행,건조,맑음,단일로 - 기타,화물,남,57세,사망,,,,
2017090700100305,2017년 9월 7일 14시,목요일,충청남도 천안시 서북구 직산읍,부상신고사고,0,0,0,1,차대차 - 기타,교차로운행방법위반,건조,맑음,교차로 - 교차로안,화물,남,56세,상해없음,승합,남,29세,부상신고
2017090700100307,2017년 9월 7일 14시,목요일,충청남도 금산군 금산읍,경상사고,0,0,1,0,차대차 - 측면충돌,교차로운행방법위반,건조,맑음,교차로 - 교차로안,화물,남,72세,상해없음,이륜,여,35세,경상
2017090700100340,2017년 9월 7일 15시,목요일,충청남도 청양군 청양읍,경상사고,0,0,3,0,차대차 - 측면충돌,신호위반,건조,맑음,교차로 - 교차로안,승용,남,32세,경상,화물,남,48세,경상
2017090700100374,2017년 9월 7일 16시,목요일,충청남도 태안군 태안읍,경상사고,0,0,1,0,차대차 - 측면충돌,교차로운행방법위반,건조,맑음,교차로 - 교차로안,농기계,남,74세,경상,승용,남,60세,상해없음
2017090700100375,2017년 9월 7일 16시,목요일,충청남도 천안시 서북구 불당동,경상사고,0,0,1,0,차대차 - 기타,신호위반,건조,맑음,교차로 - 교차로안,승용,여,50세,상해없음,승용,남,33세,경상
2017090700100417,2017년 9월 7일 17시,목요일,충청남도 천안시 동남구 신방동,중상사고,0,1,1,0,차대차 - 추돌,안전운전불이행,건조,맑음,단일로 - 기타,승용,여,56세,상해없음,승용,여,27세,경상
2017090700100459,2017년 9월 7일 18시,목요일,충청남도 천안시 서북구 쌍용동,경상사고,0,0,1,0,차대차 - 기타,교차로운행방법위반,기타,맑음,교차로 - 교차로안,승용,남,23세,상해없음,승합,남,60세,상해없음
2017090700100528,2017년 9월 7일 20시,목요일,충청남도 천안시 서북구 성환읍,경상사고,0,0,1,0,차대차 - 추돌,안전거리미확보,건조,맑음,교차로 - 교차로부근,승용,남,30세,상해없음,승용,남,27세,경상
2017090700100529,2017년 9월 7일 20시,목요일,충청남도 아산시 탕정면,중상사고,0,1,0,0,차대사람 - 보도통행중,안전운전불이행,건조,맑음,단일로 - 기타,화물,남,75세,상해없음,보행자,여,40세,중상
2017090700100565,2017년 9월 7일 21시,목요일,충청남도 천안시 서북구 쌍용동,중상사고,0,1,0,0,차대차 - 추돌,안전운전불이행,건조,맑음,교차로 - 교차로부근,승용,남,49세,상해없음,승용,여,43세,중상
2017090700100584,2017년 9월 7일 22시,목요일,충청남도 천안시 동남구 성황동,경상사고,0,0,1,0,차대차 - 추돌,안전운전불이행,건조,맑음,교차로 - 교차로부근,승용,남,35세,상해없음,승용,여,39세,경상
2017090700100612,2017년 9월 7일 23시,목요일,충청남도 천안시 서북구 두정동,경상사고,0,0,1,0,차대사람 - 보도통행중,안전운전불이행,건조,맑음,단일로 - 기타,승용,남,38세,상해없음,보행자,남,20세,경상
2017090700100613,2017년 9월 7일 23시,목요일,충청남도 천안시 서북구 백석동,경상사고,0,0,1,0,차대차 - 측면충돌,안전운전불이행,건조,맑음,교차로 - 교차로횡단보도내,자전거,남,18세,경상,승용,남,42세,상해없음
2017090800100041,2017년 9월 8일 01시,금요일,충청남도 서천군 장항읍,중상사고,0,1,0,0,차대사람 - 차도통행중,안전운전불이행,젖음/습기,안개,단일로 - 기타,승용,남,55세,상해없음,보행자,남,51세,중상
2017090800100042,2017년 9월 8일 01시,금요일,충청남도 천안시 동남구 안서동,중상사고,0,1,1,0,차대사람 - 기타,안전운전불이행,건조,맑음,단일로 - 기타,승용,남,52세,상해없음,보행자,여,20세,중상
2017090800100043,2017년 9월 8일 01시,금요일,충청남도 천안시 동남구 신방동,경상사고,0,0,1,0,차대차 - 측면충돌,직진우회전진행방해,건조,맑음,교차로 - 교차로안,승용,남,36세,상해없음,화물,남,56세,경상
2017090800100076,2017년 9월 8일 05시,금요일,충청남도 논산시 부적면,중상사고,0,1,0,0,차대사람 - 횡단중,신호위반,건조,맑음,교차로 - 교차로안,화물,여,52세,상해없음,보행자,여,79세,중상
2017090800100103,2017년 9월 8일 07시,금요일,충청남도 천안시 서북구 쌍용동,중상사고,0,2,1,0,차대차 - 추돌,과속,건조,맑음,교차로 - 교차로부근,승용,남,18세,상해없음,승용,여,39세,경상
2017090800100104,2017년 9월 8일 07시,금요일,충청남도 천안시 서북구 백석동,경상사고,0,0,1,0,차대차 - 기타,불법유턴,건조,맑음,단일로 - 기타,승용,남,30세,상해없음,원동기,남,57세,경상
2017090800100146,2017년 9월 8일 08시,금요일,충청남도 태안군 태안읍,중상사고,0,1,0,0,차대사람 - 횡단중,안전운전불이행,건조,맑음,단일로 - 기타,화물,남,68세,상해없음,보행자,여,82세,중상
2017090800100147,2017년 9월 8일 08시,금요일,충청남도 천안시 서북구 불당동,경상사고,0,0,1,0,차대차 - 기타,안전운전불이행,건조,맑음,교차로 - 교차로부근,승용,남,31세,상해없음,승용,남,32세,경상
2017090800100183,2017년 9월 8일 09시,금요일,충청남도 서산시 석림동,경상사고,0,0,1,0,차대차 - 측면충돌,교차로운행방법위반,건조,맑음,교차로 - 교차로안,화물,남,81세,상해없음,자전거,남,70세,경상
2017090800100216,2017년 9월 8일 10시,금요일,충청남도 태안군 태안읍,중상사고,0,1,0,0,차대차 - 측면충돌,직진우회전진행방해,건조,맑음,교차로 - 교차로안,승용,여,19세,상해없음,승용,여,63세,중상
2017090800100276,2017년 9월 8일 12시,금요일,충청남도 천안시 서북구 쌍용동,경상사고,0,0,1,0,차대사람 - 차도통행중,안전운전불이행,건조,맑음,단일로 - 기타,승용,남,51세,상해없음,보행자,남,75세,경상
2017090800100344,2017년 9월 8일 14시,금요일,충청남도 공주시 옥룡동,부상신고사고,0,0,0,1,차대차 - 추돌,안전운전불이행,건조,맑음,단일로 - 기타,이륜,남,47세,부상신고,승용,남,72세,상해없음
2017090800100376,2017년 9월 8일 15시,금요일,충청남도 태안군 태안읍,경상사고,0,0,2,0,차대차 - 추돌,차로위반,건조,맑음,단일로 - 기타,화물,남,63세,상해없음,승용,남,77세,경상
2017090800100377,2017년 9월 8일 15시,금요일,충청남도 태안군 태안읍,경상사고,0,0,1,0,차대사람 - 기타,안전운전불이행,건조,맑음,교차로 - 교차로부근,승용,남,34세,상해없음,보행자,남,80세,경상
2017090800100378,2017년 9월 8일 15시,금요일,충청남도 천안시 서북구 성정동,경상사고,0,0,1,0,차대차 - 측면충돌,안전운전불이행,건조,맑음,단일로 - 기타,화물,남,29세,상해없음,이륜,남,49세,경상
2017090800100379,2017년 9월 8일 15시,금요일,충청남도 부여군 부여읍,경상사고,0,0,1,0,차대차 - 측면충돌,안전운전불이행,건조,맑음,단일로 - 기타,자전거,여,70세,경상,승용,여,34세,상해없음
2017090800100421,2017년 9월 8일 16시,금요일,충청남도 당진시 송악읍,경상사고,0,0,1,0,차대차 - 측면충돌,교차로운행방법위반,건조,맑음,교차로 - 교차로안,화물,남,21세,상해없음,자전거,남,29세,경상
2017090800100466,2017년 9월 8일 17시,금요일,충청남도 공주시 정안면,부상신고사고,0,0,0,1,차대차 - 정면충돌,중앙선침범,건조,맑음,단일로 - 기타,이륜,남,60세,부상신고,승용,여,54세,상해없음
2017090800100467,2017년 9월 8일 17시,금요일,충청남도 예산군 오가면,중상사고,0,1,0,0,차대사람 - 차도통행중,안전운전불이행,건조,맑음,교차로 - 교차로부근,화물,남,60세,상해없음,보행자,여,62세,중상
2017090800100468,2017년 9월 8일 17시,금요일,충청남도 당진시 채운동,경상사고,0,0,1,0,차대차 - 정면충돌,안전운전불이행,건조,맑음,단일로 - 기타,승용,여,52세,상해없음,승용,남,48세,경상
2017090800100511,2017년 9월 8일 18시,금요일,충청남도 논산시 덕지동,중상사고,0,1,0,0,차대차 - 측면충돌,안전운전불이행,건조,맑음,교차로 - 교차로횡단보도내,자전거,남,46세,중상,화물,남,49세,상해없음
2017090800100512,2017년 9월 8일 18시,금요일,충청남도 천안시 동남구 신방동,경상사고,0,0,1,0,차대차 - 측면충돌,안전운전불이행,건조,맑음,단일로 - 기타,승용,남,33세,상해없음,승합,남,60세,경상
2017090800100556,2017년 9월 8일 19시,금요일,충청남도 천안시 서북구 직산읍,경상사고,0,0,1,0,차대차 - 측면충돌,안전거리미확보,건조,흐림,단일로 - 기타,승용,남,44세,상해없음,이륜,남,43세,경상
2017090800100557,2017년 9월 8일 19시,금요일,충청남도 아산시 배방읍,경상사고,0,0,1,0,차대사람 - 기타,안전운전불이행,건조,맑음,단일로 - 기타,승용,남,52세,상해없음,보행자,남,26세,경상
2017090800100558,2017년 9월 8일 19시,금요일,충청남도 공주시 신관동,사망사고,1,0,0,0,차대사람 - 차도통행중,신호위반,건조,맑음,교차로 - 교차로안,이륜,남,17세,상해없음,보행자,여,46세,사망
2017090800100559,2017년 9월 8일 19시,금요일,충청남도 부여군 은산면,중상사고,0,1,0,0,차대사람 - 차도통행중,안전운전불이행,건조,맑음,단일로 - 기타,승용,여,61세,상해없음,보행자,여,68세,중상
2017090800100614,2017년 9월 8일 20시,금요일,충청남도 홍성군 홍성읍,경상사고,0,0,1,0,차대차 - 정면충돌,교차로운행방법위반,건조,맑음,교차로 - 교차로안,이륜,남,19세,경상,승용,여,19세,상해없음
2017090800100688,2017년 9월 8일 22시,금요일,충청남도 부여군 부여읍,중상사고,0,1,0,0,차대사람 - 기타,안전운전불이행,건조,맑음,단일로 - 기타,승용,남,51세,상해없음,보행자,여,47세,중상
2017090800100711,2017년 9월 8일 23시,금요일,충청남도 홍성군 홍북읍,중상사고,0,1,0,0,차대차 - 기타,안전운전불이행,건조,맑음,단일로 - 기타,승용,여,52세,상해없음,승용,여,45세,중상
2017090800100712,2017년 9월 8일 23시,금요일,충청남도 아산시 방축동,경상사고,0,0,4,0,차대차 - 추돌,안전운전불이행,건조,맑음,교차로 - 교차로부근,화물,남,43세,상해없음,승용,남,50세,경상
2017090900100041,2017년 9월 9일 01시,토요일,충청남도 서산시 예천동,경상사고,0,0,1,1,차대차 - 측면충돌,직진우회전진행방해,건조,맑음,교차로 - 교차로안,승용,여,39세,부상신고,승용,남,41세,경상
2017090900100084,2017년 9월 9일 04시,토요일,충청남도 천안시 서북구 직산읍,중상사고,0,1,2,0,차대차 - 추돌,안전운전불이행,건조,맑음,단일로 - 기타,승용,남,24세,상해없음,승용,남,20세,중상
2017090900100099,2017년 9월 9일 05시,토요일,충청남도 공주시 웅진동,중상사고,0,1,1,0,차대차 - 측면충돌,안전운전불이행,건조,맑음,교차로 - 교차로안,승용,여,43세,상해없음,화물,남,62세,경상
2017090900100136,2017년 9월 9일 07시,토요일,충청남도 금산군 금산읍,경상사고,0,0,3,0,차대차 - 측면충돌,교차로운행방법위반,건조,맑음,교차로 - 교차로안,승용,여,54세,상해없음,화물,남,50세,경상
2017090900100155,2017년 9월 9일 08시,토요일,충청남도 천안시 서북구 입장면,경상사고,0,0,1,0,차대차 - 측면충돌,안전운전불이행,건조,맑음,단일로 - 기타,승용,남,34세,기타불명,승용,남,56세,경상
2017090900100185,2017년 9월 9일 09시,토요일,충청남도 금산군 금산읍,경상사고,0,0,3,0,차대차 - 측면충돌,신호위반,건조,맑음,교차로 - 교차로안,승용,남,53세,경상,화물,남,73세,경상
2017090900100235,2017년 9월 9일 11시,토요일,충청남도 서산시 지곡면,경상사고,0,0,1,0,차대차 - 측면충돌,기타,건조,맑음,단일로 - 기타,이륜,남,53세,경상,승용,남,47세,상해없음
2017090900100236,2017년 9월 9일 11시,토요일,충청남도 천안시 서북구 입장면,중상사고,0,1,0,0,차대차 - 측면충돌,안전운전불이행,건조,맑음,단일로 - 기타,이륜,남,33세,중상,화물,남,37세,상해없음
2017090900100237,2017년 9월 9일 11시,토요일,충청남도 논산시 덕지동,중상사고,0,1,0,0,차대차 - 측면충돌,안전운전불이행,건조,맑음,단일로 - 기타,승합,남,62세,상해없음,승용,남,26세,중상
2017090900100238,2017년 9월 9일 11시,토요일,충청남도 천안시 서북구 입장면,경상사고,0,0,1,0,차대차 - 측면충돌,안전운전불이행,건조,맑음,단일로 - 기타,화물,남,63세,상해없음,승용,남,34세,상해없음
2017090900100275,2017년 9월 9일 12시,토요일,충청남도 서천군 서면,경상사고,0,0,1,0,차대사람 - 기타,안전운전불이행,건조,맑음,단일로 - 기타,승용,남,50세,상해없음,보행자,여,7세,경상
2017090900100276,2017년 9월 9일 12시,토요일,충청남도 공주시 신관동,중상사고,0,1,0,0,차대차 - 측면충돌,안전운전불이행,건조,맑음,교차로 - 교차로부근,승용,남,67세,상해없음,이륜,남,74세,중상
2017090900100311,2017년 9월 9일 13시,토요일,충청남도 당진시 수청리,경상사고,0,0,2,0,차대차 - 측면충돌,중앙선침범,건조,맑음,단일로 - 기타,승용,여,52세,상해없음,승용,여,54세,경상
2017090900100352,2017년 9월 9일 14시,토요일,충청남도 서산시 동문동,경상사고,0,0,1,0,차대차 - 측면충돌,안전거리미확보,건조,맑음,교차로 - 교차로안,이륜,남,44세,경상,화물,남,59세,상해없음
2017090900100353,2017년 9월 9일 14시,토요일,충청남도 논산시 강경읍,경상사고,0,0,1,0,차량단독 - 전도전복,안전운전불이행,건조,맑음,단일로 - 기타,이륜,남,31세,경상,미분류,미분류,미분류,미분류
2017090900100354,2017년 9월 9일 14시,토요일,충청남도 공주시 유구읍,경상사고,0,0,1,0,차대사람 - 기타,안전운전불이행,건조,맑음,단일로 - 기타,농기계,남,82세,상해없음,보행자,여,76세,경상
2017090900100399,2017년 9월 9일 15시,토요일,충청남도 천안시 서북구 두정동,경상사고,0,0,1,0,차대차 - 기타,차로위반,건조,맑음,단일로 - 기타,화물,남,50세,기타불명,승합,남,51세,상해없음
2017090900100426,2017년 9월 9일 16시,토요일,충청남도 보령시 신흑동,부상신고사고,0,0,0,1,차대사람 - 기타,안전운전불이행,건조,맑음,단일로 - 기타,화물,남,53세,상해없음,보행자,남,10세,부상신고
2017090900100427,2017년 9월 9일 16시,토요일,충청남도 당진시 면천면,중상사고,0,1,1,0,차대차 - 측면충돌,안전운전불이행,건조,맑음,교차로 - 교차로안,승용,남,30세,경상,화물,남,28세,상해없음
2017090900100463,2017년 9월 9일 17시,토요일,충청남도 보령시 대천동,경상사고,0,0,1,0,차대사람 - 기타,안전운전불이행,건조,맑음,주차장 - 주차장,승용,남,72세,상해없음,보행자,남,75세,경상
2017090900100464,2017년 9월 9일 17시,토요일,충청남도 금산군 제원면,경상사고,0,0,1,0,차량단독 - 기타,안전운전불이행,건조,맑음,단일로 - 기타,이륜,남,44세,경상,,,,
2017090900100465,2017년 9월 9일 17시,토요일,충청남도 금산군 금산읍,중상사고,0,1,0,0,차대차 - 후진중충돌,안전운전불이행,건조,맑음,단일로 - 기타,승용,여,35세,상해없음,이륜,남,80세,중상
2017090900100466,2017년 9월 9일 17시,토요일,충청남도 천안시 동남구 신부동,경상사고,0,0,1,0,차대차 - 기타,안전운전불이행,건조,맑음,단일로 - 기타,승용,남,22세,상해없음,승용,남,35세,경상
2017090900100542,2017년 9월 9일 19시,토요일,충청남도 천안시 동남구 신방동,경상사고,0,0,1,0,차대사람 - 기타,안전운전불이행,건조,맑음,교차로 - 교차로부근,승용,남,47세,상해없음,보행자,여,13세,경상
2017090900100580,2017년 9월 9일 20시,토요일,충청남도 공주시 신관동,경상사고,0,0,1,0,차대사람 - 기타,안전운전불이행,건조,맑음,교차로 - 교차로안,승용,여,41세,기타불명,보행자,여,51세,경상
2017090900100581,2017년 9월 9일 20시,토요일,충청남도 당진시 석문면,중상사고,0,1,0,0,차대사람 - 차도통행중,안전운전불이행,건조,흐림,단일로 - 기타,승용,남,25세,상해없음,보행자,남,82세,중상
2017090900100614,2017년 9월 9일 21시,토요일,충청남도 태안군 태안읍,경상사고,0,0,1,0,차대차 - 추돌,안전운전불이행,건조,흐림,교차로 - 교차로부근,승용,여,49세,경상,화물,남,55세,상해없음
2017090900100615,2017년 9월 9일 21시,토요일,충청남도 천안시 서북구 성정동,경상사고,0,0,1,0,차대차 - 기타,교차로운행방법위반,건조,맑음,교차로 - 교차로안,승용,여,48세,상해없음,이륜,남,23세,경상
2017090900100616,2017년 9월 9일 21시,토요일,충청남도 논산시 광석면,중상사고,0,1,0,0,차대차 - 추돌,안전운전불이행,건조,맑음,단일로 - 기타,승용,남,35세,상해없음,자전거,남,53세,중상
2017090900100617,2017년 9월 9일 21시,토요일,충청남도 아산시 권곡동,경상사고,0,0,2,0,차대차 - 측면충돌,신호위반,건조,맑음,교차로 - 교차로안,승용,남,27세,상해없음,승용,여,37세,경상
2017090900100640,2017년 9월 9일 22시,토요일,충청남도 아산시 영인면,경상사고,0,0,2,0,차대차 - 측면충돌,안전운전불이행,건조,맑음,단일로 - 기타,승용,남,53세,상해없음,승용,여,29세,경상
2017090900100668,2017년 9월 9일 23시,토요일,충청남도 태안군 안면읍,경상사고,0,0,2,1,차대차 - 측면충돌,신호위반,건조,맑음,교차로 - 교차로안,승용,남,33세,상해없음,승용,남,24세,부상신고
2017090900100669,2017년 9월 9일 23시,토요일,충청남도 당진시 송악읍,중상사고,0,1,2,0,차대차 - 추돌,안전거리미확보,건조,맑음,교차로 - 교차로부근,승용,여,49세,상해없음,승용,남,32세,경상
2017091000100038,2017년 9월 10일 01시,일요일,충청남도 태안군 소원면,경상사고,0,0,1,0,차대차 - 기타,안전운전불이행,건조,맑음,단일로 - 기타,승용,남,36세,상해없음,화물,여,32세,경상
2017091000100058,2017년 9월 10일 02시,일요일,충청남도 아산시 배방읍,부상신고사고,0,0,0,3,차대차 - 측면충돌,신호위반,건조,맑음,교차로 - 교차로안,승용,남,23세,부상신고,승용,여,31세,부상신고
2017091000100084,2017년 9월 10일 04시,일요일,충청남도 당진시 송악읍,경상사고,0,0,1,0,차대차 - 추돌,안전운전불이행,건조,맑음,단일로 - 기타,승용,남,25세,상해없음,승용,여,30세,경상
2017091000100129,2017년 9월 10일 08시,일요일,충청남도 천안시 서북구 쌍용동,경상사고,0,0,1,0,차대차 - 기타,안전운전불이행,건조,맑음,교차로 - 교차로안,승용,여,47세,상해없음,승합,남,48세,상해없음
2017091000100130,2017년 9월 10일 08시,일요일,충청남도 천안시 서북구 성정동,경상사고,0,0,1,0,차대차 - 기타,교차로운행방법위반,건조,맑음,교차로 - 교차로안,화물,남,65세,기타불명,승용,여,43세,경상
2017091000100131,2017년 9월 10일 08시,일요일,충청남도 천안시 서북구 두정동,경상사고,0,0,1,0,차대차 - 측면충돌,안전운전불이행,건조,맑음,교차로 - 교차로안,승용,남,30세,기타불명,승용,남,34세,경상
2017091000100151,2017년 9월 10일 09시,일요일,충청남도 천안시 서북구 직산읍,경상사고,0,0,1,0,차대차 - 기타,신호위반,건조,맑음,교차로 - 교차로안,승용,남,59세,상해없음,승용,여,45세,경상
2017091000100183,2017년 9월 10일 11시,일요일,충청남도 서산시 석림동,경상사고,0,0,1,0,차대차 - 정면충돌,교차로운행방법위반,건조,흐림,교차로 - 교차로안,승용,여,39세,상해없음,자전거,남,59세,경상
2017091000100198,2017년 9월 10일 12시,일요일,충청남도 천안시 서북구 성정동,경상사고,0,0,1,0,차대사람 - 보도통행중,보행자보호의무위반,건조,맑음,교차로 - 교차로횡단보도내,기타불명,기타불명,미분류,기타불명,보행자,여,26세,경상
2017091000100199,2017년 9월 10일 12시,일요일,충청남도 계룡시 엄사면,경상사고,0,0,1,0,차대차 - 측면충돌,신호위반,건조,맑음,교차로 - 교차로안,승용,여,48세,상해없음,승용,남,66세,경상
2017091000100200,2017년 9월 10일 12시,일요일,충청남도 아산시 염치읍,경상사고,0,0,1,0,차대차 - 측면충돌,신호위반,건조,맑음,교차로 - 교차로안,이륜,남,18세,경상,승용,남,56세,상해없음
2017091000100201,2017년 9월 10일 12시,일요일,충청남도 서천군 장항읍,중상사고,0,3,1,0,차대차 - 측면충돌,직진우회전진행방해,건조,맑음,교차로 - 교차로안,승용,남,59세,중상,화물,남,58세,경상
2017091000100266,2017년 9월 10일 14시,일요일,충청남도 천안시 서북구 쌍용동,경상사고,0,0,1,0,차대차 - 기타,직진우회전진행방해,건조,맑음,교차로 - 교차로안,화물,남,55세,상해없음,승용,남,31세,경상
2017091000100267,2017년 9월 10일 14시,일요일,충청남도 논산시 성동면,경상사고,0,0,3,0,차대차 - 측면충돌,안전거리미확보,건조,맑음,단일로 - 기타,승용,남,75세,경상,승용,남,39세,경상
2017091000100268,2017년 9월 10일 14시,일요일,충청남도 아산시 모종동,부상신고사고,0,0,0,1,차대차 - 측면충돌,안전운전불이행,건조,맑음,교차로 - 교차로안,이륜,남,52세,부상신고,승용,남,22세,상해없음
2017091000100269,2017년 9월 10일 14시,일요일,충청남도 공주시 동현동,중상사고,0,1,0,0,차대사람 - 기타,안전운전불이행,건조,맑음,기타 - 기타,화물,남,71세,상해없음,보행자,여,77세,중상
2017091000100270,2017년 9월 10일 14시,일요일,충청남도 천안시 동남구 신부동,경상사고,0,0,1,0,차대사람 - 기타,안전운전불이행,건조,맑음,단일로 - 기타,기타불명,기타불명,미분류,기타불명,보행자,여,22세,경상
2017091000100294,2017년 9월 10일 15시,일요일,충청남도 홍성군 홍성읍,경상사고,0,0,5,0,차대차 - 측면충돌,안전운전불이행,건조,맑음,교차로 - 교차로안,화물,남,45세,상해없음,승용,남,67세,경상
2017091000100295,2017년 9월 10일 15시,일요일,충청남도 서천군 서면,중상사고,0,1,0,0,차대사람 - 기타,안전운전불이행,건조,맑음,단일로 - 기타,승용,남,61세,상해없음,보행자,여,86세,중상
2017091000100296,2017년 9월 10일 15시,일요일,충청남도 천안시 동남구 신부동,경상사고,0,0,1,0,차대차 - 측면충돌,안전운전불이행,건조,맑음,교차로 - 교차로안,승용,남,58세,상해없음,승용,여,49세,경상
2017091000100329,2017년 9월 10일 16시,일요일,충청남도 서산시 장동,경상사고,0,0,1,0,차량단독 - 공작물충돌,안전운전불이행,건조,맑음,단일로 - 기타,화물,남,67세,경상,,,,
2017091000100330,2017년 9월 10일 16시,일요일,충청남도 공주시 계룡면,사망사고,1,3,0,0,차대차 - 추돌,안전운전불이행,건조,맑음,단일로 - 기타,승용,여,48세,중상,승용,남,54세,중상
2017091000100362,2017년 9월 10일 17시,일요일,충청남도 서산시 성연면,경상사고,0,0,1,0,차량단독 - 공작물충돌,안전운전불이행,건조,맑음,단일로 - 기타,승용,남,46세,경상,,,,
2017091000100363,2017년 9월 10일 17시,일요일,충청남도 예산군 오가면,경상사고,0,0,1,0,차대차 - 추돌,안전운전불이행,건조,흐림,교차로 - 교차로안,화물,남,61세,상해없음,승용,여,46세,경상
2017091000100364,2017년 9월 10일 17시,일요일,충청남도 금산군 진산면,중상사고,0,1,0,0,차대차 - 측면충돌,중앙선침범,건조,흐림,단일로 - 기타,화물,남,45세,상해없음,이륜,남,57세,상해없음
2017091000100365,2017년 9월 10일 17시,일요일,충청남도 청양군 정산면,중상사고,0,2,3,0,차대차 - 정면충돌,중앙선침범,건조,맑음,단일로 - 기타,승용,남,23세,상해없음,승용,남,39세,중상
2017091000100394,2017년 9월 10일 18시,일요일,충청남도 예산군 응봉면,경상사고,0,0,1,0,차대차 - 측면충돌,중앙선침범,건조,흐림,단일로 - 기타,승용,여,48세,상해없음,화물,남,46세,경상