사고번호,사고일시,요일,시군구,사고내용,사망자수,중상자수,경상자수,부상신고자수,사고유형,법규위반,노면상태,기상상태,도로형태,가해운전자 차종,가해운전자 성별,가해운전자 연령,가해운전자 상해정도,피해운전자 차종,피해운전자 성별,피해운전자 연령,피해운전자 상해정도
2017092200100774,2017년 9월 22일 23시,금요일,충청남도 아산시 둔포면,중상사고,0,1,0,0,차대사람 - 횡단중,안전운전불이행,건조,맑음,단일로 - 기타,승용,남,39세,상해없음,보행자,여,60세,중상
2017092300100038,2017년 9월 23일 00시,토요일,충청남도 서산시 갈산동,중상사고,0,1,0,0,차대차 - 추돌,안전운전불이행,건조,맑음,주차장 - 주차장,승용,남,23세,상해없음,승용,여,48세,중상
2017092300100039,2017년 9월 23일 00시,토요일,충청남도 홍성군 갈산면,중상사고,0,2,0,0,차대차 - 추돌,안전운전불이행,건조,맑음,단일로 - 기타,승용,남,26세,상해없음,승용,여,43세,중상
2017092300100040,2017년 9월 23일 00시,토요일,충청남도 천안시 동남구 대흥동,경상사고,0,0,1,0,차대차 - 추돌,안전운전불이행,건조,맑음,단일로 - 기타,승용,남,54세,상해없음,승용,남,56세,경상
2017092300100041,2017년 9월 23일 00시,토요일,충청남도 천안시 동남구 신방동,경상사고,0,0,1,0,차대차 - 측면충돌,안전운전불이행,건조,맑음,교차로 - 교차로안,승용,남,59세,상해없음,승용,남,45세,경상
2017092300100053,2017년 9월 23일 01시,토요일,충청남도 서산시 동문동,경상사고,0,0,1,0,차대차 - 측면충돌,신호위반,건조,맑음,교차로 - 교차로안,원동기,남,18세,경상,승용,여,37세,상해없음
2017092300100054,2017년 9월 23일 01시,토요일,충청남도 천안시 동남구 안서동,경상사고,0,0,1,0,차대차 - 기타,중앙선침범,건조,맑음,단일로 - 기타,원동기,남,23세,상해없음,원동기,남,22세,경상
2017092300100055,2017년 9월 23일 01시,토요일,충청남도 천안시 동남구 신부동,경상사고,0,0,1,0,차대차 - 추돌,안전운전불이행,건조,맑음,단일로 - 기타,승용,남,54세,상해없음,승용,남,22세,경상
2017092300100073,2017년 9월 23일 02시,토요일,충청남도 당진시 읍내리,경상사고,0,0,4,0,차대차 - 측면충돌,직진우회전진행방해,건조,맑음,교차로 - 교차로안,승용,여,20세,경상,승용,남,27세,경상
2017092300100108,2017년 9월 23일 05시,토요일,충청남도 서천군 서면,경상사고,0,0,1,0,차대차 - 측면충돌,안전운전불이행,젖음/습기,맑음,단일로 - 기타,승용,남,56세,상해없음,이륜,남,45세,경상
2017092300100118,2017년 9월 23일 06시,토요일,충청남도 천안시 서북구 성정동,경상사고,0,0,1,0,차대사람 - 차도통행중,안전운전불이행,건조,맑음,기타 - 기타,승용,남,26세,기타불명,보행자,남,37세,경상
2017092300100152,2017년 9월 23일 08시,토요일,충청남도 천안시 동남구 삼룡동,경상사고,0,0,6,0,차대차 - 측면충돌,차로위반,건조,맑음,교차로 - 교차로안,승합,남,53세,경상,승용,남,20세,경상
2017092300100179,2017년 9월 23일 09시,토요일,충청남도 논산시 취암동,경상사고,0,0,1,0,차대사람 - 기타,안전운전불이행,건조,맑음,교차로 - 교차로부근,승용,남,18세,상해없음,보행자,여,56세,경상
2017092300100208,2017년 9월 23일 10시,토요일,충청남도 아산시 모종동,경상사고,0,0,1,0,차대차 - 기타,안전운전불이행,건조,맑음,단일로 - 기타,승용,남,56세,상해없음,이륜,남,52세,경상
2017092300100241,2017년 9월 23일 11시,토요일,충청남도 당진시 읍내리,경상사고,0,0,1,0,차대사람 - 길가장자리구역통행중,안전운전불이행,건조,맑음,단일로 - 기타,승용,여,65세,상해없음,보행자,남,51세,경상
2017092300100288,2017년 9월 23일 12시,토요일,충청남도 논산시 관촉동,중상사고,0,1,0,0,차대사람 - 횡단중,보행자보호의무위반,건조,맑음,교차로 - 교차로부근,원동기,남,73세,상해없음,보행자,여,60세,중상
2017092300100289,2017년 9월 23일 12시,토요일,충청남도 금산군 추부면,경상사고,0,0,1,0,차대차 - 측면충돌,교차로운행방법위반,건조,맑음,교차로 - 교차로안,승용,남,69세,상해없음,이륜,남,55세,경상
2017092300100342,2017년 9월 23일 13시,토요일,충청남도 천안시 서북구 쌍용동,경상사고,0,0,2,0,차대차 - 측면충돌,신호위반,건조,맑음,교차로 - 교차로안,승용,여,52세,상해없음,승용,여,43세,경상
2017092300100343,2017년 9월 23일 13시,토요일,충청남도 홍성군 광천읍,경상사고,0,0,1,0,차대차 - 측면충돌,중앙선침범,건조,맑음,단일로 - 기타,승용,남,58세,상해없음,이륜,남,55세,경상
2017092300100344,2017년 9월 23일 13시,토요일,충청남도 공주시 석장리동,경상사고,0,0,3,1,차대차 - 기타,안전운전불이행,건조,맑음,단일로 - 기타,승합,남,67세,상해없음,승용,남,45세,부상신고
2017092300100388,2017년 9월 23일 14시,토요일,충청남도 아산시 온천동,경상사고,0,0,1,0,차대차 - 추돌,안전운전불이행,건조,맑음,단일로 - 기타,승용,남,39세,상해없음,자전거,여,56세,경상
2017092300100389,2017년 9월 23일 14시,토요일,충청남도 예산군 덕산면,중상사고,0,3,0,0,차대차 - 측면충돌,직진우회전진행방해,건조,맑음,교차로 - 교차로안,승용,남,54세,상해없음,특수,남,36세,중상
2017092300100435,2017년 9월 23일 15시,토요일,충청남도 아산시 방축동,사망사고,1,0,0,0,차대차 - 측면충돌,신호위반,건조,맑음,교차로 - 교차로안,승용,남,69세,상해없음,이륜,남,74세,사망
2017092300100436,2017년 9월 23일 15시,토요일,충청남도 천안시 서북구 입장면,경상사고,0,0,3,0,차대차 - 추돌,안전운전불이행,건조,맑음,단일로 - 기타,승용,남,47세,상해없음,승용,남,35세,경상
2017092300100469,2017년 9월 23일 16시,토요일,충청남도 논산시 취암동,중상사고,0,1,0,0,차대차 - 정면충돌,직진우회전진행방해,건조,맑음,교차로 - 교차로안,승용,여,46세,상해없음,자전거,남,13세,중상
2017092300100470,2017년 9월 23일 16시,토요일,충청남도 공주시 웅진동,경상사고,0,0,1,0,차량단독 - 공작물충돌,기타,건조,맑음,교차로 - 교차로부근,이륜,남,62세,경상,,,,
2017092300100471,2017년 9월 23일 16시,토요일,충청남도 금산군 금산읍,경상사고,0,0,4,0,차대차 - 측면충돌,교차로운행방법위반,건조,맑음,교차로 - 교차로안,승용,여,50세,경상,승용,여,37세,경상
2017092300100504,2017년 9월 23일 17시,토요일,충청남도 천안시 서북구 백석동,부상신고사고,0,0,0,1,차대사람 - 기타,안전운전불이행,건조,맑음,단일로 - 기타,기타불명,기타불명,미분류,기타불명,보행자,여,18세,부상신고
2017092300100506,2017년 9월 23일 17시,토요일,충청남도 천안시 동남구 북면,경상사고,0,0,2,0,차대차 - 측면충돌,안전운전불이행,건조,맑음,단일로 - 기타,승용,남,52세,상해없음,승용,남,52세,경상
2017092300100549,2017년 9월 23일 18시,토요일,충청남도 부여군 은산면,경상사고,0,0,1,0,차대차 - 기타,교차로운행방법위반,건조,맑음,교차로 - 교차로안,화물,여,65세,상해없음,승용,남,29세,경상
2017092300100550,2017년 9월 23일 18시,토요일,충청남도 당진시 송악읍,경상사고,0,0,1,0,차대차 - 측면충돌,안전운전불이행,건조,맑음,교차로 - 교차로안,자전거,남,13세,경상,승용,남,49세,상해없음
2017092300100551,2017년 9월 23일 18시,토요일,충청남도 당진시 합덕읍,경상사고,0,0,1,0,차대차 - 측면충돌,교차로운행방법위반,건조,맑음,교차로 - 교차로안,승용,남,32세,상해없음,승용,남,28세,경상
2017092300100603,2017년 9월 23일 19시,토요일,충청남도 천안시 서북구 입장면,부상신고사고,0,0,0,1,차대차 - 기타,중앙선침범,건조,맑음,단일로 - 기타,승용,남,48세,상해없음,승용,여,52세,부상신고
2017092300100604,2017년 9월 23일 19시,토요일,충청남도 아산시 배방읍,중상사고,0,1,0,0,차대차 - 기타,신호위반,건조,맑음,교차로 - 교차로안,승용,남,33세,상해없음,이륜,남,57세,중상
2017092300100605,2017년 9월 23일 19시,토요일,충청남도 예산군 오가면,중상사고,0,1,2,0,차대차 - 측면충돌,중앙선침범,건조,맑음,단일로 - 기타,승용,남,34세,상해없음,승용,남,54세,경상
2017092300100651,2017년 9월 23일 20시,토요일,충청남도 천안시 서북구 백석동,경상사고,0,0,3,0,차대차 - 측면충돌,안전운전불이행,건조,맑음,교차로 - 교차로부근,승용,남,56세,상해없음,승용,남,53세,경상
2017092300100652,2017년 9월 23일 20시,토요일,충청남도 아산시 탕정면,경상사고,0,0,1,0,차대차 - 측면충돌,안전운전불이행,건조,맑음,단일로 - 기타,승용,남,49세,상해없음,승용,여,34세,경상
2017092300100653,2017년 9월 23일 20시,토요일,충청남도 아산시 방축동,경상사고,0,0,1,0,차대사람 - 기타,안전운전불이행,건조,맑음,교차로 - 교차로안,승용,여,36세,상해없음,보행자,남,63세,경상
2017092300100654,2017년 9월 23일 20시,토요일,충청남도 당진시 수청리,경상사고,0,0,1,0,차대차 - 측면충돌,안전거리미확보,건조,맑음,교차로 - 교차로부근,승용,남,61세,상해없음,이륜,남,28세,경상
2017092300100655,2017년 9월 23일 20시,토요일,충청남도 천안시 서북구 입장면,중상사고,0,1,3,0,차대차 - 추돌,안전운전불이행,건조,맑음,단일로 - 기타,승용,여,29세,경상,승용,남,34세,중상
2017092300100742,2017년 9월 23일 23시,토요일,충청남도 천안시 서북구 성정동,부상신고사고,0,0,0,1,차대차 - 측면충돌,안전운전불이행,건조,맑음,단일로 - 기타,이륜,남,23세,부상신고,승용,남,39세,상해없음
2017092400100048,2017년 9월 24일 01시,일요일,충청남도 보령시 동대동,경상사고,0,0,1,0,차대사람 - 횡단중,안전운전불이행,건조,맑음,교차로 - 교차로부근,승용,남,53세,상해없음,보행자,여,21세,경상
2017092400100076,2017년 9월 24일 03시,일요일,충청남도 천안시 서북구 성정동,경상사고,0,0,2,0,차대차 - 측면충돌,안전운전불이행,젖음/습기,흐림,단일로 - 기타,승용,남,26세,상해없음,승용,여,27세,경상
2017092400100099,2017년 9월 24일 05시,일요일,충청남도 천안시 서북구 성정동,중상사고,0,1,0,0,차대차 - 정면충돌,신호위반,건조,맑음,교차로 - 교차로안,승용,남,25세,상해없음,승용,여,54세,중상
2017092400100154,2017년 9월 24일 09시,일요일,충청남도 천안시 서북구 쌍용동,경상사고,0,0,1,0,차대차 - 기타,안전운전불이행,건조,맑음,단일로 - 기타,승합,남,38세,상해없음,자전거,남,18세,경상
2017092400100209,2017년 9월 24일 11시,일요일,충청남도 태안군 안면읍,경상사고,0,0,1,0,차대차 - 측면충돌,불법유턴,건조,맑음,단일로 - 기타,승용,남,25세,상해없음,승용,남,26세,경상
2017092400100210,2017년 9월 24일 11시,일요일,충청남도 논산시 강경읍,경상사고,0,0,1,0,차대차 - 측면충돌,안전운전불이행,건조,맑음,단일로 - 기타,이륜,여,53세,경상,승용,여,42세,상해없음
2017092400100211,2017년 9월 24일 11시,일요일,충청남도 서천군 서면,중상사고,0,1,0,0,차대사람 - 횡단중,안전운전불이행,건조,맑음,단일로 - 기타,화물,남,81세,상해없음,보행자,남,9세,중상
2017092400100212,2017년 9월 24일 11시,일요일,충청남도 금산군 금산읍,중상사고,0,2,2,0,차대차 - 측면충돌,직진우회전진행방해,건조,맑음,교차로 - 교차로안,승용,여,53세,상해없음,승용,남,41세,경상
2017092400100234,2017년 9월 24일 12시,일요일,충청남도 천안시 서북구 성거읍,중상사고,0,1,0,0,차대차 - 기타,신호위반,건조,맑음,교차로 - 교차로안,승용,여,39세,상해없음,원동기,남,74세,중상
2017092400100235,2017년 9월 24일 12시,일요일,충청남도 천안시 서북구 입장면,중상사고,0,1,0,0,차대차 - 기타,중앙선침범,건조,맑음,단일로 - 기타,이륜,남,32세,중상,화물,남,45세,상해없음
2017092400100236,2017년 9월 24일 12시,일요일,충청남도 천안시 서북구 성정동,중상사고,0,1,0,0,차대차 - 기타,안전운전불이행,건조,맑음,단일로 - 기타,이륜,남,22세,중상,승용,여,34세,상해없음
2017092400100237,2017년 9월 24일 12시,일요일,충청남도 보령시 대천동,중상사고,0,1,0,0,차대차 - 측면충돌,중앙선침범,건조,맑음,단일로 - 기타,화물,남,55세,상해없음,원동기,남,18세,중상
2017092400100238,2017년 9월 24일 12시,일요일,충청남도 청양군 운곡면,중상사고,0,1,1,0,차대차 - 추돌,안전거리미확보,건조,맑음,교차로 - 교차로안,승용,남,46세,상해없음,승용,여,62세,경상
2017092400100257,2017년 9월 24일 13시,일요일,충청남도 천안시 동남구 용곡동,경상사고,0,0,3,0,차대차 - 측면충돌,직진우회전진행방해,건조,맑음,교차로 - 교차로안,화물,남,27세,기타불명,승용,여,54세,경상
2017092400100295,2017년 9월 24일 14시,일요일,충청남도 공주시 반포면,경상사고,0,0,4,0,차대차 - 측면충돌,안전운전불이행,건조,맑음,단일로 - 기타,승용,남,61세,경상,승용,남,61세,경상
2017092400100296,2017년 9월 24일 14시,일요일,충청남도 청양군 대치면,경상사고,0,0,1,0,차대차 - 측면충돌,안전운전불이행,건조,맑음,단일로 - 기타,승용,남,45세,상해없음,이륜,남,39세,경상
2017092400100341,2017년 9월 24일 15시,일요일,충청남도 당진시 신평면,사망사고,1,0,0,0,차량단독 - 공작물충돌,안전운전불이행,건조,맑음,단일로 - 기타,승용,남,71세,사망,,,,
2017092400100398,2017년 9월 24일 17시,일요일,충청남도 천안시 서북구 성정동,중상사고,0,1,1,0,차대차 - 기타,안전운전불이행,건조,맑음,단일로 - 기타,승용,남,47세,경상,승용,남,64세,중상
2017092400100426,2017년 9월 24일 18시,일요일,충청남도 홍성군 구항면,경상사고,0,0,4,0,차대차 - 기타,안전운전불이행,건조,맑음,교차로 - 교차로안,화물,남,54세,상해없음,승용,여,50세,경상
2017092400100427,2017년 9월 24일 18시,일요일,충청남도 금산군 금산읍,중상사고,0,1,0,0,차대사람 - 횡단중,보행자보호의무위반,건조,맑음,교차로 - 교차로횡단보도내,승용,남,74세,상해없음,보행자,여,63세,중상
2017092400100456,2017년 9월 24일 19시,일요일,충청남도 천안시 서북구 성정동,중상사고,0,1,0,0,차대차 - 측면충돌,안전운전불이행,건조,맑음,교차로 - 교차로부근,기타불명,기타불명,미분류,기타불명,승용,여,49세,중상
2017092400100492,2017년 9월 24일 20시,일요일,충청남도 천안시 서북구 쌍용동,부상신고사고,0,0,0,1,차대차 - 기타,중앙선침범,건조,맑음,단일로 - 기타,승용,여,48세,상해없음,이륜,남,50세,부상신고
2017092400100493,2017년 9월 24일 20시,일요일,충청남도 논산시 내동,중상사고,0,1,0,0,차대사람 - 횡단중,보행자보호의무위반,건조,맑음,교차로 - 교차로횡단보도내,승용,남,50세,상해없음,보행자,여,80세,중상
2017092400100521,2017년 9월 24일 21시,일요일,충청남도 아산시 둔포면,경상사고,0,0,2,0,차대차 - 정면충돌,안전운전불이행,건조,맑음,단일로 - 기타,승용,여,46세,상해없음,승합,남,49세,경상
2017092400100543,2017년 9월 24일 22시,일요일,충청남도 천안시 서북구 성환읍,중상사고,0,1,0,0,차대차 - 측면충돌,신호위반,건조,맑음,교차로 - 교차로안,화물,남,61세,상해없음,이륜,남,29세,중상
2017092400100553,2017년 9월 24일 23시,일요일,충청남도 천안시 서북구 성정동,경상사고,0,0,2,0,차대차 - 측면충돌,교차로운행방법위반,건조,맑음,교차로 - 교차로안,승용,남,19세,상해없음,승용,남,32세,경상
2017092500100079,2017년 9월 25일 06시,월요일,충청남도 천안시 서북구 부대동,중상사고,0,1,0,0,차대차 - 정면충돌,안전운전불이행,건조,맑음,단일로 - 지하차도(도로)내,승합,남,53세,상해없음,승용,남,35세,중상
2017092500100103,2017년 9월 25일 07시,월요일,충청남도 서산시 해미면,중상사고,0,1,0,0,차대차 - 추돌,안전운전불이행,건조,맑음,단일로 - 기타,이륜,남,22세,중상,승용,남,59세,상해없음
2017092500100133,2017년 9월 25일 08시,월요일,충청남도 천안시 서북구 성환읍,사망사고,1,0,0,0,차대사람 - 차도통행중,안전운전불이행,건조,맑음,단일로 - 기타,승용,남,39세,상해없음,보행자,여,87세,사망
2017092500100134,2017년 9월 25일 08시,월요일,충청남도 공주시 월송동,경상사고,0,0,2,0,차대차 - 측면충돌,신호위반,건조,맑음,교차로 - 교차로안,승용,여,64세,상해없음,승합,남,47세,경상
2017092500100175,2017년 9월 25일 09시,월요일,충청남도 보령시 대천동,중상사고,0,1,0,0,차대사람 - 횡단중,안전운전불이행,건조,맑음,단일로 - 기타,승용,남,79세,상해없음,보행자,여,82세,중상
2017092500100176,2017년 9월 25일 09시,월요일,충청남도 천안시 동남구 오룡동,중상사고,0,1,0,0,차대사람 - 기타,안전운전불이행,건조,맑음,단일로 - 기타,승합,남,44세,상해없음,보행자,여,70세,중상
2017092500100253,2017년 9월 25일 11시,월요일,충청남도 아산시 장존동,중상사고,0,2,2,0,차대차 - 정면충돌,중앙선침범,건조,맑음,단일로 - 기타,화물,남,62세,경상,승용,여,32세,경상
2017092500100286,2017년 9월 25일 12시,월요일,충청남도 서산시 대산읍,경상사고,0,0,1,0,차대차 - 추돌,안전거리미확보,건조,맑음,단일로 - 기타,승용,남,29세,상해없음,이륜,남,57세,경상
2017092500100312,2017년 9월 25일 13시,월요일,충청남도 천안시 서북구 두정동,경상사고,0,0,2,0,차대차 - 추돌,안전운전불이행,건조,맑음,단일로 - 기타,승용,여,55세,상해없음,승용,여,33세,경상
2017092500100339,2017년 9월 25일 14시,월요일,충청남도 논산시 내동,경상사고,0,0,1,0,차량단독 - 기타,기타,건조,맑음,교차로 - 교차로안,승용,여,56세,상해없음,,,,
2017092500100340,2017년 9월 25일 14시,월요일,충청남도 금산군 금성면,경상사고,0,0,1,0,차량단독 - 도로외이탈 - 기타,안전운전불이행,건조,맑음,단일로 - 기타,화물,남,64세,경상,,,,
2017092500100380,2017년 9월 25일 15시,월요일,충청남도 부여군 세도면,중상사고,0,1,0,0,차대차 - 기타,안전운전불이행,건조,맑음,단일로 - 기타,승용,여,51세,상해없음,이륜,여,66세,중상
2017092500100426,2017년 9월 25일 16시,월요일,충청남도 천안시 서북구 불당동,경상사고,0,0,1,0,차대차 - 기타,안전거리미확보,건조,맑음,단일로 - 기타,승용,여,64세,상해없음,승용,여,40세,경상
2017092500100427,2017년 9월 25일 16시,월요일,충청남도 보령시 주교면,경상사고,0,0,1,0,차대차 - 측면충돌,신호위반,건조,맑음,교차로 - 교차로안,승용,남,68세,상해없음,승용,남,42세,경상
2017092500100430,2017년 9월 25일 16시,월요일,충청남도 예산군 예산읍,경상사고,0,0,1,0,차대차 - 측면충돌,직진우회전진행방해,건조,맑음,교차로 - 교차로안,이륜,여,70세,경상,승용,여,37세,상해없음
2017092500100521,2017년 9월 25일 18시,월요일,충청남도 서산시 읍내동,중상사고,0,1,0,0,차대사람 - 보도통행중,보행자보호의무위반,건조,맑음,교차로 - 교차로횡단보도내,승용,여,61세,상해없음,보행자,여,36세,중상
2017092500100522,2017년 9월 25일 18시,월요일,충청남도 천안시 서북구 성정동,중상사고,0,1,0,0,차대사람 - 횡단중,보행자보호의무위반,건조,맑음,교차로 - 교차로횡단보도내,승용,남,20세,상해없음,보행자,여,28세,중상
2017092500100523,2017년 9월 25일 18시,월요일,충청남도 서천군 서면,경상사고,0,0,2,0,차대차 - 측면충돌,중앙선침범,건조,맑음,단일로 - 기타,승용,여,67세,상해없음,승용,남,64세,상해없음
2017092500100608,2017년 9월 25일 20시,월요일,충청남도 서산시 인지면,중상사고,0,1,4,0,차대차 - 추돌,안전운전불이행,건조,맑음,단일로 - 기타,화물,남,55세,중상,승용,여,46세,경상
2017092500100643,2017년 9월 25일 21시,월요일,충청남도 논산시 취암동,경상사고,0,0,1,0,차대사람 - 횡단중,안전운전불이행,건조,맑음,단일로 - 기타,승용,남,29세,상해없음,보행자,여,6세,경상
2017092500100644,2017년 9월 25일 21시,월요일,충청남도 아산시 염치읍,경상사고,0,0,1,0,차대차 - 측면충돌,신호위반,건조,맑음,교차로 - 교차로안,승용,남,34세,상해없음,화물,남,49세,경상
2017092600100037,2017년 9월 26일 00시,화요일,충청남도 천안시 서북구 성거읍,경상사고,0,0,1,0,차대차 - 기타,불법유턴,건조,맑음,교차로 - 교차로안,화물,남,40세,상해없음,승용,남,29세,경상
2017092600100038,2017년 9월 26일 00시,화요일,충청남도 아산시 염치읍,중상사고,0,1,0,0,차대차 - 추돌,과속,건조,맑음,단일로 - 교량,승용,남,24세,상해없음,건설기계,남,53세,중상
2017092600100039,2017년 9월 26일 00시,화요일,충청남도 아산시 배방읍,중상사고,0,1,0,0,차대차 - 추돌,안전운전불이행,건조,맑음,단일로 - 기타,승용,남,51세,상해없음,승용,여,47세,중상
2017092600100046,2017년 9월 26일 01시,화요일,충청남도 천안시 동남구 구성동,경상사고,0,0,2,0,차대차 - 추돌,안전운전불이행,건조,맑음,단일로 - 기타,승용,남,27세,기타불명,승용,여,61세,경상
2017092600100047,2017년 9월 26일 01시,화요일,충청남도 천안시 동남구 원성동,경상사고,0,0,1,0,차대차 - 추돌,안전운전불이행,건조,맑음,단일로 - 기타,승용,여,26세,상해없음,승용,남,24세,경상
2017092600100056,2017년 9월 26일 02시,화요일,충청남도 당진시 송악읍,경상사고,0,0,1,0,차대차 - 측면충돌,중앙선침범,건조,맑음,단일로 - 기타,승용,남,36세,상해없음,승용,남,36세,경상
2017092600100087,2017년 9월 26일 05시,화요일,충청남도 계룡시 엄사면,경상사고,0,0,1,0,차대사람 - 횡단중,보행자보호의무위반,건조,맑음,교차로 - 교차로부근,승용,남,62세,상해없음,보행자,여,75세,경상
2017092600100117,2017년 9월 26일 07시,화요일,충청남도 천안시 서북구 두정동,경상사고,0,0,1,0,차대차 - 기타,중앙선침범,건조,맑음,단일로 - 기타,화물,남,57세,상해없음,승용,남,26세,경상
2017092600100118,2017년 9월 26일 07시,화요일,충청남도 예산군 신암면,경상사고,0,0,2,0,차대차 - 추돌,안전운전불이행,건조,맑음,단일로 - 기타,승용,여,65세,경상,화물,남,63세,경상
2017092600100140,2017년 9월 26일 08시,화요일,충청남도 천안시 서북구 성정동,경상사고,0,0,1,0,차대차 - 기타,안전운전불이행,건조,맑음,교차로 - 교차로안,승용,남,27세,상해없음,승용,남,59세,상해없음
2017092600100141,2017년 9월 26일 08시,화요일,충청남도 공주시 신관동,경상사고,0,0,1,0,차대차 - 측면충돌,직진우회전진행방해,건조,맑음,교차로 - 교차로안,자전거,남,18세,경상,승용,여,29세,상해없음
2017092600100142,2017년 9월 26일 08시,화요일,충청남도 금산군 추부면,경상사고,0,0,1,0,차대차 - 추돌,안전운전불이행,건조,맑음,단일로 - 기타,승용,남,54세,경상,승합,남,52세,기타불명
2017092600100179,2017년 9월 26일 09시,화요일,충청남도 예산군 삽교읍,중상사고,0,2,0,0,차대차 - 측면충돌,직진우회전진행방해,건조,맑음,교차로 - 교차로안,승용,여,67세,상해없음,이륜,남,71세,중상
2017092600100180,2017년 9월 26일 09시,화요일,충청남도 당진시 송악읍,중상사고,0,1,1,0,차대차 - 정면충돌,안전운전불이행,건조,맑음,교차로 - 교차로부근,승합,여,52세,경상,승용,여,57세,중상
2017092600100181,2017년 9월 26일 09시,화요일,충청남도 천안시 동남구 대흥동,경상사고,0,0,1,0,차대사람 - 기타,안전운전불이행,건조,맑음,기타 - 기타,원동기,남,24세,상해없음,보행자,여,60세,경상
2017092600100217,2017년 9월 26일 10시,화요일,충청남도 논산시 상월면,중상사고,0,1,0,0,차대차 - 추돌,안전운전불이행,건조,맑음,단일로 - 기타,화물,남,51세,상해없음,승용,여,63세,중상
2017092600100218,2017년 9월 26일 10시,화요일,충청남도 아산시 음봉면,경상사고,0,0,1,0,차대차 - 정면충돌,안전운전불이행,건조,맑음,단일로 - 기타,승용,남,64세,상해없음,승용,남,43세,경상
2017092600100219,2017년 9월 26일 10시,화요일,충청남도 공주시 석장리동,부상신고사고,0,0,0,1,차량단독 - 전도전복,안전운전불이행,건조,맑음,단일로 - 기타,자전거,남,24세,부상신고,미분류,미분류,미분류,미분류
2017092600100220,2017년 9월 26일 10시,화요일,충청남도 예산군 오가면,중상사고,0,1,0,0,차대사람 - 보도통행중,보행자보호의무위반,건조,맑음,교차로 - 교차로횡단보도내,화물,남,74세,상해없음,보행자,남,41세,중상
2017092600100249,2017년 9월 26일 11시,화요일,충청남도 천안시 동남구 목천읍,중상사고,0,2,0,0,차대차 - 측면충돌,안전운전불이행,건조,맑음,교차로 - 교차로안,승용,남,47세,상해없음,승용,남,38세,중상
2017092600100276,2017년 9월 26일 12시,화요일,충청남도 태안군 고남면,중상사고,0,1,0,0,차대차 - 측면충돌,안전운전불이행,건조,맑음,단일로 - 기타,이륜,남,69세,중상,화물,남,56세,상해없음
2017092600100277,2017년 9월 26일 12시,화요일,충청남도 서천군 종천면,사망사고,1,1,0,0,차대차 - 측면충돌,안전운전불이행,건조,맑음,교차로 - 교차로부근,승용,남,73세,사망,승용,남,35세,상해없음
2017092600100278,2017년 9월 26일 12시,화요일,충청남도 공주시 교동,경상사고,0,0,1,0,차대차 - 측면충돌,안전운전불이행,건조,맑음,단일로 - 기타,승용,남,87세,기타불명,이륜,남,67세,경상
2017092600100279,2017년 9월 26일 12시,화요일,충청남도 부여군 부여읍,경상사고,0,0,1,0,차대차 - 추돌,안전운전불이행,건조,맑음,단일로 - 교량,승용,남,35세,상해없음,승용,남,66세,경상
2017092600100314,2017년 9월 26일 13시,화요일,충청남도 서산시 해미면,중상사고,0,2,0,0,차대차 - 정면충돌,신호위반,건조,맑음,교차로 - 교차로안,화물,남,70세,중상,건설기계,남,36세,중상
2017092600100315,2017년 9월 26일 13시,화요일,충청남도 아산시 둔포면,중상사고,0,2,1,0,차대차 - 측면충돌,중앙선침범,건조,맑음,단일로 - 기타,승용,남,47세,상해없음,화물,남,54세,중상
2017092600100317,2017년 9월 26일 13시,화요일,충청남도 당진시 합덕읍,중상사고,0,1,0,0,차대차 - 측면충돌,중앙선침범,건조,맑음,단일로 - 기타,이륜,남,74세,중상,화물,남,65세,상해없음
2017092600100352,2017년 9월 26일 14시,화요일,충청남도 천안시 동남구 신방동,경상사고,0,0,1,0,차대차 - 측면충돌,교차로운행방법위반,건조,맑음,교차로 - 교차로안,승용,남,60세,상해없음,승합,남,36세,경상
2017092600100353,2017년 9월 26일 14시,화요일,충청남도 천안시 동남구 광덕면,경상사고,0,0,3,0,차대차 - 추돌,안전운전불이행,건조,맑음,단일로 - 터널,승용,남,58세,상해없음,승용,여,42세,경상
2017092600100389,2017년 9월 26일 15시,화요일,충청남도 서산시 지곡면,중상사고,0,1,0,0,차대차 - 측면충돌,중앙선침범,건조,맑음,단일로 - 기타,승용,여,59세,상해없음,승용,남,34세,중상
2017092600100390,2017년 9월 26일 15시,화요일,충청남도 서천군 종천면,부상신고사고,0,0,0,1,차량단독 - 기타,안전운전불이행,건조,맑음,단일로 - 기타,이륜,남,47세,부상신고,,,,
2017092600100434,2017년 9월 26일 16시,화요일,충청남도 천안시 서북구 백석동,경상사고,0,0,1,0,차대차 - 기타,안전운전불이행,건조,맑음,단일로 - 기타,승용,남,35세,상해없음,승용,남,42세,경상
2017092600100435,2017년 9월 26일 16시,화요일,충청남도 공주시 산성동,부상신고사고,0,0,0,1,차대차 - 측면충돌,안전운전불이행,건조,맑음,단일로 - 기타,이륜,여,71세,부상신고,승용,여,52세,기타불명
2017092600100471,2017년 9월 26일 17시,화요일,충청남도 태안군 태안읍,중상사고,0,1,0,0,차대차 - 측면충돌,교차로운행방법위반,건조,맑음,교차로 - 교차로안,이륜,남,73세,중상,승용,여,57세,상해없음