사고번호,사고일시,요일,시군구,사고내용,사망자수,중상자수,경상자수,부상신고자수,사고유형,법규위반,노면상태,기상상태,도로형태,가해운전자 차종,가해운전자 성별,가해운전자 연령,가해운전자 상해정도,피해운전자 차종,피해운전자 성별,피해운전자 연령,피해운전자 상해정도
2017092600100472,2017년 9월 26일 17시,화요일,충청남도 천안시 서북구 성정동,경상사고,0,0,1,0,차대차 - 측면충돌,안전운전불이행,건조,맑음,교차로 - 교차로안,승용,남,27세,기타불명,이륜,남,24세,경상
2017092600100515,2017년 9월 26일 18시,화요일,충청남도 서산시 동문동,중상사고,0,1,0,0,차대차 - 측면충돌,직진우회전진행방해,건조,맑음,교차로 - 교차로안,승용,여,44세,상해없음,이륜,남,35세,중상
2017092600100516,2017년 9월 26일 18시,화요일,충청남도 아산시 인주면,사망사고,1,0,0,0,차대사람 - 길가장자리구역통행중,안전운전불이행,건조,맑음,단일로 - 기타,승용,남,23세,상해없음,보행자,여,66세,사망
2017092600100517,2017년 9월 26일 18시,화요일,충청남도 당진시 우강면,경상사고,0,0,1,0,차대차 - 추돌,안전운전불이행,건조,맑음,교차로 - 교차로부근,이륜,남,52세,경상,승용,남,48세,상해없음
2017092600100608,2017년 9월 26일 20시,화요일,충청남도 서산시 예천동,중상사고,0,1,0,0,차대사람 - 횡단중,보행자보호의무위반,건조,맑음,교차로 - 교차로횡단보도내,승용,남,61세,상해없음,보행자,남,26세,중상
2017092600100609,2017년 9월 26일 20시,화요일,충청남도 천안시 서북구 두정동,경상사고,0,0,1,0,차대차 - 추돌,안전운전불이행,건조,흐림,단일로 - 고가도로위,승용,남,36세,상해없음,승용,남,37세,경상
2017092600100610,2017년 9월 26일 20시,화요일,충청남도 예산군 봉산면,중상사고,0,1,0,0,차대사람 - 길가장자리구역통행중,안전운전불이행,건조,맑음,단일로 - 기타,화물,남,59세,상해없음,보행자,남,74세,중상
2017092600100611,2017년 9월 26일 20시,화요일,충청남도 당진시 송악읍,중상사고,0,1,1,0,차대차 - 측면충돌,안전운전불이행,건조,맑음,단일로 - 기타,승용,여,44세,중상,승용,남,23세,경상
2017092600100644,2017년 9월 26일 21시,화요일,충청남도 천안시 서북구 두정동,중상사고,0,1,2,0,차대차 - 추돌,안전운전불이행,젖음/습기,비,교차로 - 교차로부근,승용,남,40세,상해없음,승용,여,59세,중상
2017092600100645,2017년 9월 26일 21시,화요일,충청남도 천안시 동남구 목천읍,중상사고,0,1,1,0,차대차 - 추돌,안전운전불이행,건조,맑음,교차로 - 교차로부근,승용,남,47세,상해없음,승용,남,39세,경상
2017092600100675,2017년 9월 26일 22시,화요일,충청남도 태안군 태안읍,경상사고,0,0,1,0,차대사람 - 횡단중,보행자보호의무위반,건조,맑음,교차로 - 교차로부근,승용,남,43세,상해없음,보행자,남,55세,경상
2017092600100676,2017년 9월 26일 22시,화요일,충청남도 천안시 서북구 두정동,경상사고,0,0,1,0,차대차 - 기타,안전운전불이행,젖음/습기,비,단일로 - 기타,승용,남,27세,상해없음,승용,남,23세,경상
2017092600100677,2017년 9월 26일 22시,화요일,충청남도 아산시 둔포면,경상사고,0,0,1,0,차대차 - 측면충돌,안전운전불이행,젖음/습기,비,미분류 - 미분류,승용,남,43세,상해없음,화물,남,53세,경상
2017092600100678,2017년 9월 26일 22시,화요일,충청남도 보령시 주포면,경상사고,0,0,1,0,차대차 - 추돌,안전운전불이행,건조,맑음,교차로 - 교차로부근,화물,남,48세,상해없음,승용,여,35세,경상
2017092600100679,2017년 9월 26일 22시,화요일,충청남도 공주시 탄천면,경상사고,0,0,2,0,차대차 - 정면충돌,중앙선침범,건조,맑음,단일로 - 기타,화물,남,58세,상해없음,승용,남,60세,경상
2017092600100712,2017년 9월 26일 23시,화요일,충청남도 아산시 염치읍,경상사고,0,0,2,0,차대차 - 추돌,안전운전불이행,젖음/습기,비,단일로 - 기타,승용,남,48세,상해없음,승용,여,43세,경상
2017092600100713,2017년 9월 26일 23시,화요일,충청남도 아산시 배방읍,경상사고,0,0,1,0,차대차 - 정면충돌,중앙선침범,젖음/습기,흐림,단일로 - 기타,승용,남,26세,기타불명,승용,남,56세,경상
2017092600100714,2017년 9월 26일 23시,화요일,충청남도 천안시 동남구 성남면,경상사고,0,0,1,0,차대차 - 추돌,안전운전불이행,젖음/습기,비,단일로 - 기타,승용,남,64세,상해없음,승용,여,31세,경상
2017092700100088,2017년 9월 27일 05시,수요일,충청남도 천안시 서북구 입장면,경상사고,0,0,1,0,차대차 - 추돌,안전운전불이행,젖음/습기,비,교차로 - 교차로부근,화물,남,29세,상해없음,화물,남,55세,경상
2017092700100089,2017년 9월 27일 05시,수요일,충청남도 천안시 동남구 신방동,경상사고,0,0,1,0,차대사람 - 횡단중,안전운전불이행,젖음/습기,흐림,단일로 - 기타,화물,남,57세,상해없음,보행자,남,20세,경상
2017092700100103,2017년 9월 27일 06시,수요일,충청남도 아산시 배방읍,중상사고,0,1,0,0,차대차 - 측면충돌,신호위반,젖음/습기,비,교차로 - 교차로안,화물,남,68세,상해없음,승용,남,38세,중상
2017092700100130,2017년 9월 27일 07시,수요일,충청남도 예산군 덕산면,경상사고,0,0,1,0,차대차 - 측면충돌,중앙선침범,젖음/습기,비,단일로 - 기타,승용,남,55세,상해없음,화물,여,69세,경상
2017092700100178,2017년 9월 27일 08시,수요일,충청남도 공주시 중동,경상사고,0,0,2,0,차대차 - 측면충돌,중앙선침범,젖음/습기,비,단일로 - 기타,승용,여,43세,상해없음,승용,여,26세,경상
2017092700100221,2017년 9월 27일 09시,수요일,충청남도 천안시 서북구 성환읍,중상사고,0,1,0,0,차대차 - 기타,신호위반,건조,맑음,교차로 - 교차로안,승용,남,46세,상해없음,화물,남,51세,중상
2017092700100258,2017년 9월 27일 10시,수요일,충청남도 천안시 서북구 쌍용동,경상사고,0,0,1,0,차대차 - 기타,안전운전불이행,건조,맑음,단일로 - 기타,승용,여,47세,상해없음,승합,남,55세,상해없음
2017092700100366,2017년 9월 27일 13시,수요일,충청남도 서산시 지곡면,중상사고,0,1,0,0,차대차 - 측면충돌,신호위반,건조,맑음,교차로 - 교차로안,승용,남,50세,상해없음,승용,여,65세,중상
2017092700100402,2017년 9월 27일 14시,수요일,충청남도 공주시 신관동,중상사고,0,4,1,0,차대차 - 측면충돌,신호위반,건조,맑음,교차로 - 교차로안,승용,남,60세,중상,승용,남,49세,중상
2017092700100403,2017년 9월 27일 14시,수요일,충청남도 천안시 동남구 문화동,경상사고,0,0,2,0,차대차 - 측면충돌,안전운전불이행,건조,맑음,단일로 - 기타,승용,여,42세,경상,승용,여,46세,경상
2017092700100440,2017년 9월 27일 15시,수요일,충청남도 천안시 서북구 불당동,중상사고,0,1,0,0,차대사람 - 횡단중,안전운전불이행,건조,맑음,교차로 - 교차로안,승용,남,62세,상해없음,보행자,여,55세,중상
2017092700100442,2017년 9월 27일 15시,수요일,충청남도 금산군 금산읍,경상사고,0,0,1,0,차대차 - 후진중충돌,안전운전불이행,젖음/습기,비,단일로 - 기타,승합,여,36세,상해없음,이륜,남,79세,경상
2017092700100481,2017년 9월 27일 16시,수요일,충청남도 아산시 음봉면,경상사고,0,0,2,0,차대차 - 기타,안전운전불이행,건조,맑음,단일로 - 기타,승용,여,58세,상해없음,승용,여,35세,경상
2017092700100510,2017년 9월 27일 17시,수요일,충청남도 논산시 광석면,경상사고,0,0,1,0,차대차 - 측면충돌,안전운전불이행,건조,맑음,단일로 - 기타,승용,남,16세,상해없음,승용,남,59세,경상
2017092700100596,2017년 9월 27일 19시,수요일,충청남도 아산시 염치읍,경상사고,0,0,1,0,차대차 - 추돌,안전운전불이행,건조,맑음,단일로 - 기타,승용,여,43세,상해없음,승용,남,25세,상해없음
2017092700100597,2017년 9월 27일 19시,수요일,충청남도 아산시 염치읍,경상사고,0,0,1,0,차대차 - 추돌,안전운전불이행,건조,맑음,단일로 - 기타,승용,남,53세,상해없음,승용,남,32세,경상
2017092700100598,2017년 9월 27일 19시,수요일,충청남도 서천군 판교면,중상사고,0,2,0,0,차대차 - 추돌,안전운전불이행,건조,맑음,단일로 - 기타,승용,남,29세,상해없음,사륜오토바이(ATV),남,67세,중상
2017092700100599,2017년 9월 27일 19시,수요일,충청남도 보령시 대천동,경상사고,0,0,1,0,차대사람 - 횡단중,안전운전불이행,건조,맑음,단일로 - 기타,승용,남,58세,상해없음,보행자,여,52세,경상
2017092700100638,2017년 9월 27일 20시,수요일,충청남도 서산시 예천동,중상사고,0,1,0,0,차대차 - 측면충돌,안전운전불이행,건조,흐림,교차로 - 교차로안,승용,남,54세,상해없음,이륜,남,18세,중상
2017092700100639,2017년 9월 27일 20시,수요일,충청남도 청양군 청양읍,중상사고,0,1,0,0,차량단독 - 기타,안전운전불이행,건조,맑음,단일로 - 기타,화물,남,66세,중상,,,,
2017092700100688,2017년 9월 27일 22시,수요일,충청남도 천안시 동남구 성황동,경상사고,0,0,2,0,차대차 - 측면충돌,안전운전불이행,건조,맑음,교차로 - 교차로안,승용,남,32세,경상,승합,남,54세,경상
2017092700100719,2017년 9월 27일 23시,수요일,충청남도 천안시 서북구 직산읍,중상사고,0,1,0,0,차대사람 - 기타,안전운전불이행,건조,맑음,단일로 - 기타,승합,남,57세,상해없음,보행자,남,47세,중상
2017092800100035,2017년 9월 28일 00시,목요일,충청남도 천안시 서북구 성정동,경상사고,0,0,1,0,차대차 - 기타,안전운전불이행,건조,맑음,단일로 - 기타,승용,남,32세,상해없음,승용,남,71세,기타불명
2017092800100036,2017년 9월 28일 00시,목요일,충청남도 아산시 둔포면,경상사고,0,0,1,0,차대차 - 정면충돌,중앙선침범,건조,맑음,단일로 - 기타,승용,남,25세,상해없음,화물,남,46세,경상
2017092800100065,2017년 9월 28일 03시,목요일,충청남도 천안시 서북구 성정동,경상사고,0,0,1,0,차대차 - 기타,안전거리미확보,건조,맑음,교차로 - 교차로안,승용,여,26세,상해없음,승용,남,61세,경상
2017092800100066,2017년 9월 28일 03시,목요일,충청남도 당진시 원당리,사망사고,1,0,1,0,차량단독 - 공작물충돌,안전운전불이행,건조,맑음,단일로 - 기타,이륜,남,41세,경상,,,,
2017092800100081,2017년 9월 28일 05시,목요일,충청남도 논산시 연무읍,중상사고,0,1,3,0,차대차 - 추돌,과속,건조,맑음,단일로 - 기타,승용,남,26세,상해없음,화물,남,52세,상해없음
2017092800100119,2017년 9월 28일 07시,목요일,충청남도 당진시 원당리,중상사고,0,1,0,0,차대차 - 측면충돌,교차로운행방법위반,건조,맑음,교차로 - 교차로안,승용,여,66세,상해없음,승용,남,36세,중상
2017092800100162,2017년 9월 28일 08시,목요일,충청남도 천안시 서북구 입장면,중상사고,0,1,0,0,차대차 - 기타,중앙선침범,건조,맑음,단일로 - 기타,승용,남,38세,상해없음,화물,남,37세,중상
2017092800100163,2017년 9월 28일 08시,목요일,충청남도 천안시 서북구 성정동,중상사고,0,1,0,0,차대차 - 기타,차로위반,건조,맑음,교차로 - 교차로안,자전거,여,23세,중상,승용,남,27세,상해없음
2017092800100204,2017년 9월 28일 09시,목요일,충청남도 서산시 석림동,중상사고,0,1,0,0,차대차 - 측면충돌,안전거리미확보,건조,맑음,단일로 - 기타,화물,남,57세,상해없음,승용,여,54세,중상
2017092800100205,2017년 9월 28일 09시,목요일,충청남도 예산군 고덕면,중상사고,0,1,0,0,차대차 - 추돌,안전운전불이행,건조,맑음,교차로 - 교차로안,승용,여,22세,상해없음,이륜,남,75세,중상
2017092800100206,2017년 9월 28일 09시,목요일,충청남도 천안시 동남구 목천읍,경상사고,0,0,1,0,차대차 - 추돌,안전운전불이행,건조,맑음,단일로 - 기타,승용,남,27세,상해없음,화물,남,71세,상해없음
2017092800100242,2017년 9월 28일 10시,목요일,충청남도 서산시 성연면,경상사고,0,0,1,0,차대차 - 측면충돌,신호위반,건조,맑음,교차로 - 교차로안,승용,여,31세,상해없음,승용,남,25세,경상
2017092800100243,2017년 9월 28일 10시,목요일,충청남도 공주시 정안면,중상사고,0,1,3,0,차대차 - 추돌,안전운전불이행,건조,맑음,단일로 - 기타,승용,남,36세,중상,승용,여,21세,경상
2017092800100244,2017년 9월 28일 10시,목요일,충청남도 공주시 산성동,경상사고,0,0,2,0,차대차 - 측면충돌,안전운전불이행,건조,맑음,단일로 - 기타,승용,여,59세,경상,승용,남,38세,경상
2017092800100247,2017년 9월 28일 10시,목요일,충청남도 당진시 신평면,중상사고,0,2,0,0,차대차 - 추돌,안전거리미확보,건조,맑음,단일로 - 기타,특수,남,39세,상해없음,화물,남,57세,중상
2017092800100282,2017년 9월 28일 11시,목요일,충청남도 당진시 읍내리,경상사고,0,0,1,0,차대차 - 측면충돌,교차로운행방법위반,건조,맑음,교차로 - 교차로안,승용,여,50세,상해없음,이륜,남,28세,경상
2017092800100283,2017년 9월 28일 11시,목요일,충청남도 당진시 시곡리,경상사고,0,0,1,0,차대차 - 측면충돌,안전거리미확보,건조,맑음,단일로 - 기타,승용,남,58세,상해없음,승용,남,19세,경상
2017092800100284,2017년 9월 28일 11시,목요일,충청남도 청양군 청양읍,중상사고,0,1,0,0,차대사람 - 차도통행중,안전운전불이행,건조,맑음,교차로 - 교차로부근,화물,남,68세,상해없음,보행자,남,52세,중상
2017092800100285,2017년 9월 28일 11시,목요일,충청남도 천안시 동남구 원성동,경상사고,0,0,4,0,차대차 - 기타,안전거리미확보,건조,맑음,단일로 - 기타,승용,여,37세,상해없음,특수,남,51세,상해없음
2017092800100286,2017년 9월 28일 11시,목요일,충청남도 서산시 운산면,경상사고,0,0,1,0,차대차 - 기타,안전운전불이행,건조,맑음,단일로 - 기타,승합,남,38세,상해없음,승용,여,56세,경상
2017092800100314,2017년 9월 28일 12시,목요일,충청남도 홍성군 광천읍,중상사고,0,1,0,0,차대차 - 측면충돌,안전운전불이행,건조,맑음,교차로 - 교차로안,자전거,여,72세,중상,화물,남,55세,상해없음
2017092800100315,2017년 9월 28일 12시,목요일,충청남도 천안시 동남구 용곡동,경상사고,0,0,1,0,차대차 - 측면충돌,직진우회전진행방해,건조,맑음,교차로 - 교차로안,승용,남,50세,상해없음,승용,여,58세,경상
2017092800100350,2017년 9월 28일 13시,목요일,충청남도 청양군 청양읍,중상사고,0,1,0,0,차대사람 - 차도통행중,안전운전불이행,건조,맑음,단일로 - 기타,승용,여,60세,상해없음,보행자,남,65세,중상
2017092800100396,2017년 9월 28일 14시,목요일,충청남도 서천군 서천읍,경상사고,0,0,2,0,차대차 - 추돌,안전운전불이행,건조,맑음,교차로 - 교차로부근,화물,남,74세,상해없음,승용,남,61세,상해없음
2017092800100397,2017년 9월 28일 14시,목요일,충청남도 공주시 계룡면,경상사고,0,0,1,0,차대사람 - 기타,안전운전불이행,건조,맑음,기타 - 기타,기타불명,남,90세 이상,상해없음,보행자,여,90세 이상,경상
2017092800100436,2017년 9월 28일 15시,목요일,충청남도 천안시 서북구 성정동,중상사고,0,1,0,0,차대차 - 정면충돌,교차로운행방법위반,건조,맑음,교차로 - 교차로안,승용,남,40세,상해없음,화물,남,36세,중상
2017092800100480,2017년 9월 28일 16시,목요일,충청남도 천안시 서북구 쌍용동,중상사고,0,2,3,0,차대차 - 기타,안전거리미확보,건조,맑음,단일로 - 기타,승용,여,37세,상해없음,승합,남,38세,경상
2017092800100481,2017년 9월 28일 16시,목요일,충청남도 논산시 양촌면,중상사고,0,1,0,0,차대차 - 기타,안전운전불이행,건조,맑음,단일로 - 기타,승용,남,63세,상해없음,승용,남,28세,상해없음
2017092800100482,2017년 9월 28일 16시,목요일,충청남도 금산군 금산읍,중상사고,0,1,0,0,차대사람 - 기타,안전운전불이행,건조,맑음,교차로 - 교차로부근,화물,남,54세,상해없음,보행자,여,63세,중상
2017092800100483,2017년 9월 28일 16시,목요일,충청남도 천안시 동남구 신부동,경상사고,0,0,1,0,차대차 - 기타,안전운전불이행,건조,맑음,단일로 - 기타,승용,여,50세,상해없음,자전거,남,70세,경상
2017092800100519,2017년 9월 28일 17시,목요일,충청남도 서산시 갈산동,중상사고,0,3,0,0,차대차 - 추돌,안전거리미확보,건조,맑음,단일로 - 기타,승용,여,39세,상해없음,승용,남,43세,중상
2017092800100520,2017년 9월 28일 17시,목요일,충청남도 서산시 석남동,중상사고,0,2,0,0,차대차 - 측면충돌,안전운전불이행,건조,맑음,단일로 - 기타,승용,남,18세,상해없음,승용,남,74세,중상
2017092800100521,2017년 9월 28일 17시,목요일,충청남도 천안시 서북구 쌍용동,중상사고,0,1,0,0,차대사람 - 기타,안전운전불이행,건조,맑음,단일로 - 기타,승용,남,34세,상해없음,보행자,남,69세,중상
2017092800100564,2017년 9월 28일 18시,목요일,충청남도 보령시 화산동,경상사고,0,0,1,0,차대차 - 기타,안전운전불이행,건조,맑음,교차로 - 교차로부근,화물,남,51세,상해없음,승용,남,62세,경상
2017092800100565,2017년 9월 28일 18시,목요일,충청남도 보령시 남포면,중상사고,0,1,0,0,차대차 - 측면충돌,중앙선침범,건조,맑음,단일로 - 기타,화물,남,74세,상해없음,화물,남,49세,중상
2017092800100566,2017년 9월 28일 18시,목요일,충청남도 공주시 정안면,중상사고,0,1,0,0,차대차 - 추돌,안전운전불이행,건조,맑음,단일로 - 기타,이륜,남,72세,중상,승용,남,58세,상해없음
2017092800100630,2017년 9월 28일 19시,목요일,충청남도 공주시 태봉동,중상사고,0,1,0,0,차량단독 - 도로외이탈 - 추락,안전운전불이행,건조,맑음,단일로 - 기타,승용,남,28세,중상,,,,
2017092800100675,2017년 9월 28일 20시,목요일,충청남도 태안군 태안읍,경상사고,0,0,1,0,차대사람 - 횡단중,안전운전불이행,건조,맑음,단일로 - 기타,화물,남,58세,상해없음,보행자,남,78세,경상
2017092800100676,2017년 9월 28일 20시,목요일,충청남도 천안시 서북구 두정동,경상사고,0,0,1,0,차대사람 - 차도통행중,안전운전불이행,건조,맑음,단일로 - 기타,승용,남,31세,상해없음,보행자,남,38세,경상
2017092800100716,2017년 9월 28일 21시,목요일,충청남도 서산시 읍내동,경상사고,0,0,1,0,차대차 - 측면충돌,안전거리미확보,건조,맑음,단일로 - 기타,승용,남,59세,상해없음,승용,여,55세,경상
2017092800100717,2017년 9월 28일 21시,목요일,충청남도 천안시 동남구 성황동,경상사고,0,0,3,0,차대차 - 측면충돌,안전운전불이행,건조,맑음,단일로 - 기타,승용,남,38세,상해없음,승용,남,37세,상해없음
2017092800100746,2017년 9월 28일 22시,목요일,충청남도 천안시 서북구 두정동,경상사고,0,0,1,0,차대사람 - 차도통행중,안전운전불이행,건조,맑음,단일로 - 기타,승용,여,61세,상해없음,보행자,남,61세,경상
2017092800100747,2017년 9월 28일 22시,목요일,충청남도 부여군 세도면,중상사고,0,1,0,0,차대차 - 측면충돌,중앙선침범,건조,맑음,단일로 - 기타,승용,남,49세,상해없음,승용,남,27세,상해없음
2017092900100083,2017년 9월 29일 03시,금요일,충청남도 태안군 태안읍,중상사고,0,2,0,1,차대차 - 측면충돌,중앙선침범,건조,맑음,교차로 - 교차로부근,화물,남,38세,부상신고,승용,남,57세,중상
2017092900100100,2017년 9월 29일 05시,금요일,충청남도 아산시 탕정면,경상사고,0,0,1,0,차대차 - 기타,신호위반,건조,맑음,교차로 - 교차로횡단보도내,승용,여,52세,기타불명,자전거,여,51세,경상
2017092900100101,2017년 9월 29일 05시,금요일,충청남도 아산시 음봉면,경상사고,0,0,1,0,차대차 - 측면충돌,안전운전불이행,건조,맑음,단일로 - 기타,화물,남,61세,상해없음,승용,남,35세,경상
2017092900100150,2017년 9월 29일 07시,금요일,충청남도 천안시 서북구 두정동,경상사고,0,0,1,0,차대사람 - 길가장자리구역통행중,안전운전불이행,건조,맑음,단일로 - 기타,승용,남,22세,상해없음,보행자,여,19세,경상
2017092900100151,2017년 9월 29일 07시,금요일,충청남도 당진시 원당리,중상사고,0,1,0,0,차대차 - 측면충돌,교차로운행방법위반,건조,맑음,교차로 - 교차로안,승용,남,38세,상해없음,이륜,남,48세,중상
2017092900100200,2017년 9월 29일 08시,금요일,충청남도 공주시 옥룡동,경상사고,0,0,1,0,차대차 - 측면충돌,신호위반,건조,맑음,교차로 - 교차로부근,승용,남,44세,상해없음,승용,여,27세,경상
2017092900100201,2017년 9월 29일 08시,금요일,충청남도 부여군 구룡면,경상사고,0,0,3,0,차대차 - 측면충돌,교차로운행방법위반,건조,맑음,교차로 - 교차로안,승용,남,61세,상해없음,화물,남,37세,상해없음
2017092900100247,2017년 9월 29일 09시,금요일,충청남도 천안시 서북구 직산읍,경상사고,0,0,2,0,차대차 - 기타,안전운전불이행,건조,맑음,단일로 - 기타,건설기계,남,27세,상해없음,승용,여,45세,경상
2017092900100250,2017년 9월 29일 09시,금요일,충청남도 천안시 동남구 원성동,경상사고,0,0,1,0,차대사람 - 횡단중,안전운전불이행,건조,맑음,단일로 - 기타,승용,여,41세,상해없음,보행자,여,53세,경상
2017092900100315,2017년 9월 29일 11시,금요일,충청남도 당진시 합덕읍,경상사고,0,0,1,0,차대차 - 추돌,안전운전불이행,건조,맑음,교차로 - 교차로부근,이륜,남,69세,경상,승용,남,52세,상해없음
2017092900100351,2017년 9월 29일 12시,금요일,충청남도 태안군 남면,중상사고,0,2,0,0,차대차 - 측면충돌,신호위반,건조,맑음,교차로 - 교차로안,화물,남,59세,상해없음,승용,남,69세,중상
2017092900100352,2017년 9월 29일 12시,금요일,충청남도 천안시 서북구 성정동,경상사고,0,0,1,0,차대차 - 기타,안전운전불이행,건조,맑음,기타 - 기타,승합,남,60세,상해없음,이륜,남,63세,상해없음
2017092900100353,2017년 9월 29일 12시,금요일,충청남도 아산시 온천동,경상사고,0,0,3,0,차대차 - 추돌,안전운전불이행,건조,맑음,교차로 - 교차로부근,승용,남,58세,상해없음,승용,여,45세,경상
2017092900100392,2017년 9월 29일 13시,금요일,충청남도 천안시 서북구 불당동,경상사고,0,0,2,0,차대차 - 기타,교차로운행방법위반,건조,맑음,교차로 - 교차로안,승용,여,38세,경상,승용,남,57세,경상
2017092900100393,2017년 9월 29일 13시,금요일,충청남도 예산군 삽교읍,경상사고,0,0,1,0,차대차 - 측면충돌,직진우회전진행방해,건조,맑음,교차로 - 교차로안,이륜,남,79세,경상,건설기계,남,45세,상해없음
2017092900100427,2017년 9월 29일 14시,금요일,충청남도 공주시 유구읍,중상사고,0,1,1,0,차대차 - 측면충돌,신호위반,건조,맑음,교차로 - 교차로안,승용,남,49세,경상,승용,여,64세,중상
2017092900100428,2017년 9월 29일 14시,금요일,충청남도 당진시 읍내리,중상사고,0,1,0,0,차대차 - 측면충돌,교차로운행방법위반,건조,맑음,교차로 - 교차로안,승용,남,21세,상해없음,승용,여,40세,중상
2017092900100429,2017년 9월 29일 14시,금요일,충청남도 당진시 면천면,중상사고,0,1,0,0,차량단독 - 공작물충돌,안전운전불이행,건조,맑음,교차로 - 교차로부근,승용,남,61세,상해없음,,,,
2017092900100467,2017년 9월 29일 15시,금요일,충청남도 보령시 명천동,중상사고,0,1,0,0,차대사람 - 횡단중,안전운전불이행,건조,맑음,교차로 - 교차로안,승용,여,37세,상해없음,보행자,여,81세,중상
2017092900100468,2017년 9월 29일 15시,금요일,충청남도 당진시 합덕읍,중상사고,0,1,1,0,차대차 - 추돌,안전운전불이행,건조,맑음,단일로 - 기타,화물,남,68세,중상,농기계,남,75세,경상
2017092900100524,2017년 9월 29일 16시,금요일,충청남도 서산시 예천동,중상사고,0,1,0,0,차대사람 - 횡단중,신호위반,건조,맑음,교차로 - 교차로횡단보도내,승용,여,40세,상해없음,보행자,여,5세,중상
2017092900100525,2017년 9월 29일 16시,금요일,충청남도 공주시 의당면,경상사고,0,0,1,0,차량단독 - 공작물충돌,안전운전불이행,건조,맑음,단일로 - 기타,승합,남,51세,경상,,,,
2017092900100574,2017년 9월 29일 17시,금요일,충청남도 천안시 서북구 성정동,경상사고,0,0,1,0,차대차 - 측면충돌,교차로운행방법위반,건조,맑음,교차로 - 교차로안,승용,남,68세,상해없음,이륜,남,45세,경상
2017092900100575,2017년 9월 29일 17시,금요일,충청남도 홍성군 홍성읍,중상사고,0,1,0,0,차대차 - 측면충돌,교차로운행방법위반,건조,맑음,교차로 - 교차로안,승용,남,45세,상해없음,이륜,남,75세,중상
2017092900100576,2017년 9월 29일 17시,금요일,충청남도 천안시 동남구 신방동,중상사고,0,1,0,0,차대사람 - 횡단중,보행자보호의무위반,건조,맑음,단일로 - 기타,승합,남,58세,상해없음,보행자,남,9세,중상
2017092900100577,2017년 9월 29일 17시,금요일,충청남도 공주시 신풍면,경상사고,0,0,5,0,차대차 - 기타,기타,건조,맑음,단일로 - 기타,화물,남,33세,상해없음,승용,여,44세,경상
2017092900100629,2017년 9월 29일 18시,금요일,충청남도 논산시 강산동,중상사고,0,1,0,0,차대사람 - 횡단중,안전운전불이행,건조,맑음,단일로 - 기타,승용,여,61세,상해없음,보행자,여,78세,중상
2017092900100630,2017년 9월 29일 18시,금요일,충청남도 당진시 신평면,중상사고,0,1,0,0,차대사람 - 차도통행중,안전운전불이행,건조,맑음,교차로 - 교차로부근,승용,여,24세,상해없음,보행자,여,77세,중상
2017092900100693,2017년 9월 29일 19시,금요일,충청남도 논산시 내동,경상사고,0,0,3,0,차대차 - 추돌,안전운전불이행,건조,맑음,단일로 - 기타,승용,남,43세,상해없음,승용,여,56세,경상
2017092900100755,2017년 9월 29일 20시,금요일,충청남도 천안시 동남구 신부동,중상사고,0,1,1,0,차대차 - 측면충돌,차로위반,건조,맑음,단일로 - 기타,승합,남,24세,상해없음,승용,남,47세,중상
2017092900100797,2017년 9월 29일 21시,금요일,충청남도 서산시 운산면,경상사고,0,0,4,0,차대차 - 정면충돌,신호위반,건조,맑음,교차로 - 교차로안,승용,남,64세,상해없음,승합,남,51세,경상
2017092900100798,2017년 9월 29일 21시,금요일,충청남도 아산시 둔포면,중상사고,0,1,0,0,차대차 - 측면충돌,신호위반,건조,맑음,교차로 - 교차로안,승용,남,47세,상해없음,이륜,여,47세,중상
2017093000100104,2017년 9월 30일 06시,토요일,충청남도 부여군 부여읍,중상사고,0,1,0,0,차대차 - 정면충돌,중앙선침범,건조,흐림,단일로 - 기타,화물,남,40세,상해없음,화물,남,47세,중상
2017093000100142,2017년 9월 30일 08시,토요일,충청남도 서천군 서천읍,중상사고,0,1,0,1,차대차 - 측면충돌,안전운전불이행,건조,맑음,단일로 - 기타,승용,남,31세,부상신고,승용,남,49세,중상
2017093000100169,2017년 9월 30일 09시,토요일,충청남도 논산시 강경읍,중상사고,0,1,0,0,차대사람 - 차도통행중,안전운전불이행,건조,맑음,단일로 - 기타,승용,남,66세,상해없음,보행자,여,78세,중상
2017093000100189,2017년 9월 30일 10시,토요일,충청남도 서산시 동문동,부상신고사고,0,0,0,1,차대사람 - 횡단중,안전운전불이행,건조,맑음,교차로 - 교차로부근,화물,남,45세,상해없음,보행자,여,53세,부상신고
2017093000100190,2017년 9월 30일 10시,토요일,충청남도 부여군 부여읍,중상사고,0,1,0,0,차대사람 - 기타,안전운전불이행,건조,맑음,단일로 - 기타,승용,여,45세,상해없음,보행자,여,65세,중상
2017093000100191,2017년 9월 30일 10시,토요일,충청남도 천안시 서북구 성거읍,경상사고,0,0,2,0,차대차 - 기타,안전운전불이행,건조,맑음,단일로 - 기타,승용,남,28세,상해없음,승용,남,29세,경상
2017093000100223,2017년 9월 30일 11시,토요일,충청남도 공주시 금학동,중상사고,0,1,0,0,차대사람 - 횡단중,보행자보호의무위반,건조,맑음,교차로 - 교차로부근,화물,남,50세,상해없음,보행자,남,16세,중상