사고번호,사고일시,요일,시군구,사고내용,사망자수,중상자수,경상자수,부상신고자수,사고유형,법규위반,노면상태,기상상태,도로형태,가해운전자 차종,가해운전자 성별,가해운전자 연령,가해운전자 상해정도,피해운전자 차종,피해운전자 성별,피해운전자 연령,피해운전자 상해정도
2017100900100187,2017년 10월 9일 13시,월요일,충청남도 당진시 신평면,경상사고,0,0,1,0,차대사람 - 기타,안전운전불이행,건조,맑음,교차로 - 교차로부근,승용,남,62세,상해없음,보행자,남,17세,경상
2017100900100214,2017년 10월 9일 14시,월요일,충청남도 논산시 강산동,경상사고,0,0,3,0,차대차 - 측면충돌,교차로운행방법위반,건조,맑음,교차로 - 교차로안,승용,여,25세,상해없음,승용,여,38세,경상
2017100900100236,2017년 10월 9일 15시,월요일,충청남도 당진시 신평면,사망사고,1,0,0,0,차대차 - 추돌,안전거리미확보,건조,맑음,교차로 - 교차로부근,이륜,남,58세,사망,승용,남,40세,상해없음
2017100900100237,2017년 10월 9일 15시,월요일,충청남도 천안시 동남구 광덕면,중상사고,0,2,7,0,차대차 - 추돌,안전운전불이행,건조,맑음,단일로 - 기타,승용,남,45세,상해없음,승용,남,35세,경상
2017100900100277,2017년 10월 9일 16시,월요일,충청남도 천안시 서북구 성정동,경상사고,0,0,1,0,차대차 - 추돌,안전거리미확보,건조,맑음,교차로 - 교차로안,승용,남,32세,상해없음,승용,여,41세,경상
2017100900100278,2017년 10월 9일 16시,월요일,충청남도 논산시 상월면,경상사고,0,0,1,0,차대차 - 정면충돌,안전운전불이행,건조,맑음,주차장 - 주차장,이륜,남,69세,경상,화물,남,35세,상해없음
2017100900100318,2017년 10월 9일 17시,월요일,충청남도 서산시 성연면,중상사고,0,1,0,0,차대사람 - 길가장자리구역통행중,보행자보호의무위반,건조,맑음,단일로 - 기타,승용,여,61세,상해없음,보행자,여,58세,중상
2017100900100319,2017년 10월 9일 17시,월요일,충청남도 논산시 연무읍,중상사고,0,1,0,0,차대차 - 측면충돌,직진우회전진행방해,건조,맑음,교차로 - 교차로안,승용,여,45세,상해없음,이륜,남,56세,중상
2017100900100353,2017년 10월 9일 18시,월요일,충청남도 태안군 고남면,중상사고,0,1,0,0,차량단독 - 기타,안전운전불이행,건조,맑음,교차로 - 교차로부근,화물,남,61세,중상,,,,
2017100900100386,2017년 10월 9일 19시,월요일,충청남도 공주시 유구읍,경상사고,0,0,1,0,차대차 - 측면충돌,안전운전불이행,건조,맑음,교차로 - 교차로안,승용,여,53세,상해없음,승용,여,62세,경상
2017100900100387,2017년 10월 9일 19시,월요일,충청남도 금산군 금산읍,경상사고,0,0,3,0,차대차 - 측면충돌,신호위반,건조,맑음,교차로 - 교차로안,화물,남,49세,경상,승용,여,43세,경상
2017100900100388,2017년 10월 9일 19시,월요일,충청남도 천안시 동남구 신부동,중상사고,0,1,1,0,차대사람 - 횡단중,보행자보호의무위반,건조,맑음,교차로 - 교차로안,승용,남,45세,상해없음,보행자,여,43세,중상
2017101000100032,2017년 10월 10일 01시,화요일,충청남도 아산시 선장면,중상사고,0,1,0,0,차량단독 - 공작물충돌,안전운전불이행,건조,맑음,단일로 - 기타,승용,여,35세,중상,,,,
2017101000100033,2017년 10월 10일 01시,화요일,충청남도 천안시 동남구 다가동,중상사고,0,1,1,0,차대차 - 추돌,안전운전불이행,건조,맑음,교차로 - 교차로안,이륜,남,17세,중상,승용,남,54세,경상
2017101000100038,2017년 10월 10일 02시,화요일,충청남도 당진시 합덕읍,중상사고,0,1,0,0,차대차 - 측면충돌,안전운전불이행,건조,맑음,주차장 - 주차장,승용,남,75세,중상,승합,남,54세,기타불명
2017101000100046,2017년 10월 10일 03시,화요일,충청남도 서산시 석남동,중상사고,0,1,0,1,차대차 - 측면충돌,신호위반,건조,맑음,교차로 - 교차로안,화물,남,25세,부상신고,승용,남,36세,중상
2017101000100047,2017년 10월 10일 03시,화요일,충청남도 천안시 동남구 용곡동,중상사고,0,1,0,0,차대차 - 추돌,안전운전불이행,건조,맑음,단일로 - 기타,승용,여,38세,상해없음,화물,남,63세,중상
2017101000100067,2017년 10월 10일 06시,화요일,충청남도 천안시 동남구 삼룡동,중상사고,0,1,0,0,차대사람 - 횡단중,신호위반,건조,맑음,단일로 - 기타,화물,남,48세,상해없음,보행자,여,64세,중상
2017101000100087,2017년 10월 10일 07시,화요일,충청남도 논산시 가야곡면,중상사고,0,1,0,0,차대차 - 기타,안전운전불이행,건조,맑음,단일로 - 기타,화물,남,59세,상해없음,이륜,여,71세,중상
2017101000100117,2017년 10월 10일 08시,화요일,충청남도 천안시 서북구 성거읍,경상사고,0,0,1,0,차대차 - 추돌,안전거리미확보,건조,맑음,단일로 - 기타,화물,남,66세,상해없음,화물,남,73세,경상
2017101000100118,2017년 10월 10일 08시,화요일,충청남도 서천군 비인면,중상사고,0,3,2,0,차대차 - 측면충돌,직진우회전진행방해,건조,맑음,교차로 - 교차로안,화물,남,65세,상해없음,승용,남,66세,경상
2017101000100154,2017년 10월 10일 09시,화요일,충청남도 서천군 비인면,중상사고,0,1,0,0,차대사람 - 차도통행중,안전운전불이행,건조,맑음,단일로 - 기타,승용,여,51세,상해없음,보행자,여,86세,중상
2017101000100156,2017년 10월 10일 09시,화요일,충청남도 금산군 추부면,중상사고,0,1,0,0,차대사람 - 기타,안전운전불이행,건조,맑음,교차로 - 교차로부근,화물,남,65세,상해없음,보행자,여,71세,중상
2017101000100186,2017년 10월 10일 10시,화요일,충청남도 천안시 서북구 두정동,경상사고,0,0,3,0,차대차 - 기타,안전운전불이행,건조,맑음,단일로 - 기타,승용,남,29세,상해없음,승용,여,31세,경상
2017101000100187,2017년 10월 10일 10시,화요일,충청남도 천안시 동남구 영성동,경상사고,0,0,1,0,차대차 - 추돌,안전운전불이행,건조,맑음,교차로 - 교차로안,승용,남,63세,상해없음,승용,여,36세,경상
2017101000100188,2017년 10월 10일 10시,화요일,충청남도 천안시 동남구 목천읍,경상사고,0,0,2,0,차대차 - 측면충돌,안전운전불이행,건조,맑음,교차로 - 교차로안,승용,여,44세,상해없음,승용,남,53세,경상
2017101000100215,2017년 10월 10일 11시,화요일,충청남도 금산군 남일면,중상사고,0,1,1,0,차대차 - 측면충돌,중앙선침범,건조,맑음,단일로 - 기타,화물,남,59세,상해없음,승용,남,38세,중상
2017101000100243,2017년 10월 10일 12시,화요일,충청남도 천안시 서북구 성정동,경상사고,0,0,1,0,차대차 - 기타,안전운전불이행,건조,맑음,교차로 - 교차로부근,승용,남,62세,상해없음,자전거,남,62세,경상
2017101000100244,2017년 10월 10일 12시,화요일,충청남도 아산시 배방읍,경상사고,0,0,1,0,차대차 - 측면충돌,신호위반,건조,맑음,교차로 - 교차로안,승용,여,56세,기타불명,승용,여,49세,경상
2017101000100274,2017년 10월 10일 13시,화요일,충청남도 천안시 동남구 풍세면,경상사고,0,0,1,0,차대차 - 측면충돌,안전운전불이행,건조,맑음,단일로 - 기타,승용,남,44세,상해없음,이륜,남,74세,경상
2017101000100313,2017년 10월 10일 14시,화요일,충청남도 천안시 동남구 광덕면,경상사고,0,0,1,0,차대차 - 추돌,안전운전불이행,건조,맑음,교차로 - 교차로안,승용,남,69세,상해없음,화물,남,44세,경상
2017101000100372,2017년 10월 10일 16시,화요일,충청남도 천안시 서북구 직산읍,경상사고,0,0,1,0,차대차 - 측면충돌,교차로운행방법위반,건조,맑음,교차로 - 교차로안,승용,여,27세,상해없음,화물,남,59세,경상
2017101000100374,2017년 10월 10일 16시,화요일,충청남도 천안시 동남구 안서동,경상사고,0,0,1,0,차대사람 - 기타,안전운전불이행,건조,맑음,단일로 - 기타,승용,여,27세,상해없음,보행자,여,23세,경상
2017101000100404,2017년 10월 10일 17시,화요일,충청남도 천안시 동남구 목천읍,경상사고,0,0,1,0,차대차 - 기타,중앙선침범,건조,맑음,단일로 - 기타,화물,남,47세,상해없음,이륜,남,18세,경상
2017101000100440,2017년 10월 10일 18시,화요일,충청남도 서산시 음암면,중상사고,0,1,1,0,차대차 - 추돌,안전운전불이행,젖음/습기,맑음,교차로 - 교차로안,화물,남,56세,중상,화물,남,33세,경상
2017101000100441,2017년 10월 10일 18시,화요일,충청남도 천안시 서북구 백석동,경상사고,0,0,1,0,차대차 - 기타,안전거리미확보,건조,맑음,단일로 - 기타,화물,남,66세,상해없음,승용,남,45세,경상
2017101000100495,2017년 10월 10일 19시,화요일,충청남도 서산시 대산읍,중상사고,0,2,0,0,차대차 - 추돌,안전운전불이행,건조,맑음,교차로 - 교차로부근,화물,남,63세,중상,농기계,남,70세,중상
2017101000100496,2017년 10월 10일 19시,화요일,충청남도 천안시 서북구 두정동,경상사고,0,0,1,0,차대차 - 기타,안전거리미확보,건조,맑음,단일로 - 기타,승용,여,48세,상해없음,승용,남,47세,경상
2017101000100525,2017년 10월 10일 20시,화요일,충청남도 예산군 예산읍,경상사고,0,0,1,0,차대차 - 측면충돌,신호위반,건조,맑음,교차로 - 교차로안,승용,남,26세,상해없음,승용,여,58세,경상
2017101000100526,2017년 10월 10일 20시,화요일,충청남도 당진시 수청리,중상사고,0,1,0,0,차대차 - 측면충돌,기타,건조,맑음,교차로 - 교차로안,이륜,남,18세,중상,승용,남,24세,상해없음
2017101000100551,2017년 10월 10일 21시,화요일,충청남도 서산시 죽성동,경상사고,0,0,1,0,차대차 - 측면충돌,직진우회전진행방해,건조,흐림,교차로 - 교차로안,화물,남,43세,상해없음,원동기,남,18세,경상
2017101000100552,2017년 10월 10일 21시,화요일,충청남도 태안군 근흥면,경상사고,0,0,2,0,차대차 - 추돌,안전운전불이행,젖음/습기,비,단일로 - 기타,화물,남,51세,상해없음,승용,남,52세,경상
2017101000100571,2017년 10월 10일 22시,화요일,충청남도 아산시 배방읍,중상사고,0,1,1,0,차대차 - 정면충돌,안전운전불이행,건조,맑음,교차로 - 교차로안,승용,남,24세,상해없음,승용,남,40세,경상
2017101100100149,2017년 10월 11일 08시,수요일,충청남도 서산시 석림동,경상사고,0,0,1,0,차대차 - 추돌,안전운전불이행,젖음/습기,비,교차로 - 교차로부근,화물,남,62세,상해없음,승용,남,49세,경상
2017101100100150,2017년 10월 11일 08시,수요일,충청남도 서천군 장항읍,중상사고,0,1,0,0,차대차 - 측면충돌,안전운전불이행,젖음/습기,비,교차로 - 교차로안,자전거,남,12세,중상,승용,남,50세,상해없음
2017101100100214,2017년 10월 11일 10시,수요일,충청남도 천안시 서북구 쌍용동,경상사고,0,0,1,0,차대차 - 기타,안전운전불이행,건조,맑음,단일로 - 기타,승용,여,25세,상해없음,승용,남,41세,경상
2017101100100215,2017년 10월 11일 10시,수요일,충청남도 천안시 서북구 성거읍,경상사고,0,0,2,0,차대차 - 측면충돌,안전운전불이행,젖음/습기,비,단일로 - 기타,승용,남,76세,상해없음,승용,남,66세,경상
2017101100100245,2017년 10월 11일 11시,수요일,충청남도 천안시 서북구 성환읍,중상사고,0,1,0,0,차대차 - 기타,중앙선침범,젖음/습기,비,단일로 - 기타,승용,남,39세,상해없음,승합,여,53세,중상
2017101100100246,2017년 10월 11일 11시,수요일,충청남도 천안시 서북구 성거읍,부상신고사고,0,0,0,1,차대차 - 기타,신호위반,건조,맑음,교차로 - 교차로안,이륜,남,59세,부상신고,화물,남,74세,상해없음
2017101100100247,2017년 10월 11일 11시,수요일,충청남도 논산시 부적면,중상사고,0,1,0,0,차대차 - 추돌,안전운전불이행,건조,맑음,교차로 - 교차로부근,화물,남,68세,기타불명,이륜,남,75세,중상
2017101100100354,2017년 10월 11일 15시,수요일,충청남도 논산시 연산면,경상사고,0,0,1,0,차대차 - 측면충돌,신호위반,건조,흐림,교차로 - 교차로안,화물,남,54세,상해없음,승용,여,39세,경상
2017101100100380,2017년 10월 11일 16시,수요일,충청남도 천안시 서북구 불당동,경상사고,0,0,1,0,차량단독 - 기타,안전운전불이행,건조,흐림,단일로 - 기타,승합,남,53세,상해없음,,,,
2017101100100416,2017년 10월 11일 17시,수요일,충청남도 천안시 서북구 성정동,경상사고,0,0,1,0,차대차 - 측면충돌,안전운전불이행,젖음/습기,흐림,교차로 - 교차로안,승용,남,51세,상해없음,승용,남,30세,경상
2017101100100417,2017년 10월 11일 17시,수요일,충청남도 금산군 금성면,중상사고,0,1,1,0,차대차 - 정면충돌,중앙선침범,젖음/습기,흐림,단일로 - 기타,승용,여,28세,경상,승합,남,35세,중상
2017101100100418,2017년 10월 11일 17시,수요일,충청남도 천안시 동남구 성남면,경상사고,0,0,1,0,차대차 - 기타,신호위반,건조,맑음,교차로 - 교차로안,화물,남,58세,상해없음,승용,남,43세,경상
2017101100100449,2017년 10월 11일 18시,수요일,충청남도 논산시 노성면,중상사고,0,2,4,0,차대차 - 추돌,안전운전불이행,건조,맑음,단일로 - 기타,승용,남,31세,상해없음,승용,남,43세,경상
2017101100100450,2017년 10월 11일 18시,수요일,충청남도 서천군 장항읍,중상사고,0,1,0,0,차대차 - 측면충돌,중앙선침범,건조,맑음,단일로 - 기타,화물,남,63세,상해없음,승용,여,41세,중상
2017101100100501,2017년 10월 11일 19시,수요일,충청남도 논산시 취암동,경상사고,0,0,1,0,차대사람 - 횡단중,보행자보호의무위반,건조,맑음,교차로 - 교차로안,승합,남,46세,상해없음,보행자,여,34세,경상
2017101100100563,2017년 10월 11일 21시,수요일,충청남도 당진시 송악읍,중상사고,0,2,0,0,차대차 - 기타,중앙선침범,건조,맑음,단일로 - 기타,승용,남,61세,상해없음,승용,여,40세,중상
2017101100100589,2017년 10월 11일 22시,수요일,충청남도 서산시 동문동,경상사고,0,0,1,0,차대차 - 기타,불법유턴,건조,맑음,단일로 - 기타,승용,남,41세,상해없음,이륜,남,35세,경상
2017101100100607,2017년 10월 11일 23시,수요일,충청남도 천안시 서북구 성정동,경상사고,0,0,1,0,차대차 - 측면충돌,안전운전불이행,건조,흐림,단일로 - 기타,이륜,남,30세,경상,승용,여,28세,상해없음
2017101100100608,2017년 10월 11일 23시,수요일,충청남도 당진시 합덕읍,중상사고,0,1,2,0,차대차 - 측면충돌,교차로운행방법위반,건조,맑음,교차로 - 교차로안,화물,남,53세,경상,승용,남,54세,경상
2017101200100046,2017년 10월 12일 02시,목요일,충청남도 서천군 장항읍,경상사고,0,0,3,0,차대차 - 측면충돌,신호위반,건조,맑음,교차로 - 교차로안,원동기,남,17세,경상,승용,남,54세,경상
2017101200100072,2017년 10월 12일 05시,목요일,충청남도 예산군 예산읍,경상사고,0,0,2,0,차대차 - 추돌,안전거리미확보,건조,맑음,교차로 - 교차로안,화물,남,20세,경상,화물,남,45세,경상
2017101200100123,2017년 10월 12일 08시,목요일,충청남도 천안시 서북구 백석동,경상사고,0,0,1,0,차대사람 - 차도통행중,보행자보호의무위반,젖음/습기,비,교차로 - 교차로횡단보도내,승용,여,39세,상해없음,보행자,여,10세,경상
2017101200100124,2017년 10월 12일 08시,목요일,충청남도 천안시 서북구 두정동,경상사고,0,0,1,0,차대차 - 측면충돌,안전운전불이행,건조,맑음,단일로 - 기타,특수,남,33세,상해없음,승용,여,36세,경상
2017101200100125,2017년 10월 12일 08시,목요일,충청남도 당진시 신평면,경상사고,0,0,1,0,차대차 - 측면충돌,신호위반,건조,맑음,단일로 - 기타,승용,남,62세,상해없음,승용,여,43세,경상
2017101200100126,2017년 10월 12일 08시,목요일,충청남도 당진시 송악읍,경상사고,0,0,1,0,차대차 - 측면충돌,교차로운행방법위반,건조,맑음,교차로 - 교차로안,승용,남,50세,상해없음,승합,남,72세,경상
2017101200100154,2017년 10월 12일 09시,목요일,충청남도 태안군 소원면,중상사고,0,1,0,0,차대사람 - 기타,안전운전불이행,건조,맑음,단일로 - 기타,승용,여,61세,상해없음,보행자,남,22세,중상
2017101200100155,2017년 10월 12일 09시,목요일,충청남도 서산시 예천동,경상사고,0,0,1,0,차대차 - 측면충돌,안전운전불이행,건조,맑음,교차로 - 교차로안,승용,남,36세,상해없음,승용,여,60세,경상
2017101200100156,2017년 10월 12일 09시,목요일,충청남도 공주시 탄천면,경상사고,0,0,1,0,차대차 - 측면충돌,중앙선침범,젖음/습기,흐림,단일로 - 기타,승용,남,76세,상해없음,승용,여,63세,경상
2017101200100192,2017년 10월 12일 10시,목요일,충청남도 부여군 부여읍,경상사고,0,0,1,0,차대사람 - 차도통행중,안전운전불이행,건조,맑음,교차로 - 교차로안,승용,여,81세,상해없음,보행자,여,72세,경상
2017101200100272,2017년 10월 12일 13시,목요일,충청남도 천안시 서북구 성정동,경상사고,0,0,1,0,차대사람 - 기타,안전운전불이행,젖음/습기,흐림,단일로 - 기타,이륜,남,43세,경상,보행자,남,66세,상해없음
2017101200100311,2017년 10월 12일 14시,목요일,충청남도 홍성군 홍북읍,경상사고,0,0,1,0,차대사람 - 횡단중,신호위반,건조,맑음,단일로 - 기타,승용,여,55세,상해없음,보행자,남,6세,경상
2017101200100370,2017년 10월 12일 16시,목요일,충청남도 당진시 신평면,중상사고,0,1,1,0,차대차 - 정면충돌,중앙선침범,젖음/습기,비,단일로 - 기타,승용,여,61세,경상,화물,남,45세,중상
2017101200100409,2017년 10월 12일 17시,목요일,충청남도 서산시 석림동,중상사고,0,1,0,1,차대차 - 기타,신호위반,건조,맑음,교차로 - 교차로안,승용,남,45세,상해없음,승합,여,60세,부상신고
2017101200100410,2017년 10월 12일 17시,목요일,충청남도 태안군 안면읍,사망사고,1,0,0,0,차량단독 - 기타,안전운전불이행,건조,맑음,단일로 - 기타,농기계,남,74세,사망,,,,
2017101200100411,2017년 10월 12일 17시,목요일,충청남도 예산군 오가면,중상사고,0,1,0,0,차대차 - 정면충돌,안전운전불이행,건조,맑음,단일로 - 기타,화물,남,53세,상해없음,승용,여,62세,중상
2017101200100412,2017년 10월 12일 17시,목요일,충청남도 천안시 동남구 북면,중상사고,0,1,0,0,차대사람 - 기타,안전운전불이행,건조,맑음,단일로 - 기타,화물,남,51세,상해없음,보행자,여,90세 이상,중상
2017101200100413,2017년 10월 12일 17시,목요일,충청남도 천안시 동남구 용곡동,경상사고,0,0,1,0,차대사람 - 횡단중,안전운전불이행,건조,맑음,단일로 - 기타,승용,남,61세,상해없음,보행자,남,11세,경상
2017101200100451,2017년 10월 12일 18시,목요일,충청남도 홍성군 홍성읍,경상사고,0,0,3,0,차대차 - 추돌,안전운전불이행,건조,맑음,교차로 - 교차로부근,승합,남,36세,상해없음,승용,남,49세,경상
2017101200100568,2017년 10월 12일 21시,목요일,충청남도 서산시 읍내동,경상사고,0,0,1,0,차대사람 - 횡단중,안전운전불이행,건조,맑음,교차로 - 교차로안,화물,여,49세,상해없음,보행자,남,56세,경상
2017101200100627,2017년 10월 12일 23시,목요일,충청남도 홍성군 홍성읍,경상사고,0,0,1,0,차대차 - 측면충돌,신호위반,건조,맑음,교차로 - 교차로안,승용,여,59세,상해없음,승합,남,40세,경상
2017101300100048,2017년 10월 13일 02시,금요일,충청남도 천안시 동남구 신방동,경상사고,0,0,2,0,차대차 - 측면충돌,직진우회전진행방해,건조,맑음,교차로 - 교차로안,승합,남,30세,상해없음,승용,남,60세,경상
2017101300100090,2017년 10월 13일 06시,금요일,충청남도 천안시 동남구 청당동,경상사고,0,0,1,0,차대차 - 측면충돌,신호위반,건조,맑음,교차로 - 교차로부근,승용,남,53세,상해없음,승용,남,75세,경상
2017101300100155,2017년 10월 13일 08시,금요일,충청남도 홍성군 갈산면,중상사고,0,1,1,0,차대차 - 측면충돌,신호위반,건조,맑음,교차로 - 교차로안,승용,남,48세,상해없음,승용,남,78세,경상
2017101300100156,2017년 10월 13일 08시,금요일,충청남도 청양군 청양읍,중상사고,0,1,0,0,차대사람 - 기타,안전운전불이행,건조,맑음,단일로 - 기타,승용,여,58세,상해없음,보행자,남,78세,중상
2017101300100195,2017년 10월 13일 09시,금요일,충청남도 천안시 동남구 신부동,중상사고,0,1,0,0,차대사람 - 기타,기타,건조,맑음,단일로 - 기타,승합,남,52세,상해없음,보행자,여,42세,중상
2017101300100228,2017년 10월 13일 10시,금요일,충청남도 서산시 석남동,중상사고,0,1,0,0,차대차 - 정면충돌,교차로운행방법위반,건조,맑음,교차로 - 교차로안,승용,남,48세,상해없음,승용,여,24세,중상
2017101300100260,2017년 10월 13일 11시,금요일,충청남도 태안군 원북면,경상사고,0,0,1,0,차대차 - 기타,안전운전불이행,건조,맑음,단일로 - 기타,건설기계,남,49세,경상,화물,남,25세,상해없음
2017101300100285,2017년 10월 13일 12시,금요일,충청남도 서산시 지곡면,중상사고,0,1,0,0,차대사람 - 기타,안전운전불이행,건조,맑음,단일로 - 기타,승용,여,42세,상해없음,보행자,여,75세,중상
2017101300100286,2017년 10월 13일 12시,금요일,충청남도 아산시 신창면,경상사고,0,0,2,0,차대차 - 측면충돌,안전운전불이행,건조,맑음,교차로 - 교차로안,승용,남,37세,상해없음,화물,남,40세,경상
2017101300100287,2017년 10월 13일 12시,금요일,충청남도 공주시 정안면,경상사고,0,0,1,0,차량단독 - 공작물충돌,안전운전불이행,건조,맑음,단일로 - 기타,화물,남,31세,상해없음,,,,
2017101300100288,2017년 10월 13일 12시,금요일,충청남도 천안시 동남구 신부동,경상사고,0,0,1,0,차대차 - 추돌,안전운전불이행,건조,맑음,단일로 - 기타,승용,남,62세,상해없음,이륜,남,53세,경상
2017101300100318,2017년 10월 13일 13시,금요일,충청남도 아산시 탕정면,경상사고,0,0,1,0,차대차 - 측면충돌,안전운전불이행,건조,맑음,단일로 - 기타,승용,남,83세,상해없음,승용,남,29세,경상
2017101300100350,2017년 10월 13일 14시,금요일,충청남도 금산군 추부면,경상사고,0,0,2,0,차대차 - 측면충돌,교차로운행방법위반,건조,맑음,교차로 - 교차로안,화물,남,59세,경상,승용,여,56세,경상
2017101300100437,2017년 10월 13일 16시,금요일,충청남도 당진시 읍내리,중상사고,0,1,0,0,차대사람 - 보도통행중,안전운전불이행,건조,맑음,단일로 - 기타,승용,남,62세,상해없음,보행자,남,23세,중상
2017101300100478,2017년 10월 13일 17시,금요일,충청남도 천안시 서북구 차암동,경상사고,0,0,1,0,차대차 - 기타,안전거리미확보,건조,맑음,단일로 - 기타,승용,여,27세,상해없음,승용,여,35세,경상
2017101300100479,2017년 10월 13일 17시,금요일,충청남도 아산시 음봉면,부상신고사고,0,0,0,1,차대차 - 측면충돌,불법유턴,건조,맑음,교차로 - 교차로안,승용,남,60세,상해없음,승용,남,24세,부상신고
2017101300100481,2017년 10월 13일 17시,금요일,충청남도 당진시 읍내리,경상사고,0,0,1,0,차대사람 - 길가장자리구역통행중,안전운전불이행,건조,맑음,단일로 - 기타,승용,남,39세,상해없음,보행자,남,73세,경상
2017101300100482,2017년 10월 13일 17시,금요일,충청남도 천안시 동남구 원성동,중상사고,0,1,0,0,차대사람 - 횡단중,안전운전불이행,건조,맑음,단일로 - 기타,승용,남,37세,상해없음,보행자,남,8세,중상
2017101300100483,2017년 10월 13일 17시,금요일,충청남도 천안시 동남구 목천읍,경상사고,0,0,1,0,차대차 - 측면충돌,신호위반,건조,맑음,교차로 - 교차로안,승용,남,38세,상해없음,이륜,남,63세,경상
2017101300100528,2017년 10월 13일 18시,금요일,충청남도 논산시 내동,중상사고,0,1,2,0,차대차 - 정면충돌,교차로운행방법위반,건조,맑음,교차로 - 교차로안,화물,남,60세,경상,화물,남,61세,중상
2017101300100529,2017년 10월 13일 18시,금요일,충청남도 예산군 신암면,중상사고,0,1,0,0,차대차 - 정면충돌,중앙선침범,건조,맑음,교차로 - 교차로안,화물,남,71세,상해없음,이륜,남,62세,중상
2017101300100530,2017년 10월 13일 18시,금요일,충청남도 당진시 송악읍,경상사고,0,0,1,0,차대차 - 기타,교차로운행방법위반,건조,맑음,교차로 - 교차로안,승용,남,56세,상해없음,승용,남,52세,경상
2017101300100589,2017년 10월 13일 19시,금요일,충청남도 공주시 우성면,사망사고,1,1,1,0,차량단독 - 공작물충돌,안전운전불이행,건조,맑음,단일로 - 기타,승용,남,30세,기타불명,,,,
2017101300100625,2017년 10월 13일 20시,금요일,충청남도 천안시 서북구 쌍용동,경상사고,0,0,1,0,차대차 - 추돌,안전거리미확보,건조,맑음,교차로 - 교차로부근,승용,남,32세,상해없음,승용,여,52세,경상
2017101300100679,2017년 10월 13일 22시,금요일,충청남도 금산군 금산읍,중상사고,0,1,0,0,차대차 - 측면충돌,안전운전불이행,건조,맑음,단일로 - 기타,승용,여,37세,상해없음,이륜,남,18세,중상
2017101400100098,2017년 10월 14일 05시,토요일,충청남도 보령시 대천동,경상사고,0,0,1,0,차대사람 - 기타,안전운전불이행,건조,맑음,단일로 - 기타,승용,남,28세,상해없음,보행자,남,41세,경상
2017101400100129,2017년 10월 14일 07시,토요일,충청남도 공주시 산성동,중상사고,0,1,0,0,차대차 - 측면충돌,교차로운행방법위반,건조,맑음,교차로 - 교차로안,화물,남,71세,상해없음,이륜,남,27세,중상
2017101400100142,2017년 10월 14일 08시,토요일,충청남도 부여군 구룡면,경상사고,0,0,1,0,차대차 - 추돌,안전운전불이행,건조,맑음,교차로 - 교차로부근,승용,남,59세,상해없음,이륜,남,61세,경상
2017101400100163,2017년 10월 14일 09시,토요일,충청남도 부여군 부여읍,경상사고,0,0,1,0,차대차 - 추돌,안전운전불이행,건조,맑음,단일로 - 기타,화물,남,64세,상해없음,승용,여,45세,경상
2017101400100198,2017년 10월 14일 10시,토요일,충청남도 공주시 우성면,부상신고사고,0,0,0,1,차대차 - 정면충돌,중앙선침범,건조,맑음,단일로 - 기타,승용,남,48세,부상신고,건설기계,남,52세,상해없음
2017101400100199,2017년 10월 14일 10시,토요일,충청남도 천안시 동남구 안서동,중상사고,0,1,3,0,차대차 - 기타,안전운전불이행,건조,맑음,단일로 - 기타,승용,남,34세,상해없음,승용,남,51세,중상
2017101400100226,2017년 10월 14일 11시,토요일,충청남도 천안시 서북구 직산읍,경상사고,0,0,1,0,차대차 - 추돌,안전운전불이행,건조,맑음,교차로 - 교차로부근,승용,남,53세,상해없음,승용,남,34세,경상
2017101400100227,2017년 10월 14일 11시,토요일,충청남도 보령시 성주면,중상사고,0,1,0,0,차대사람 - 횡단중,안전운전불이행,건조,맑음,교차로 - 교차로안,승용,남,56세,상해없음,보행자,여,81세,중상
2017101400100228,2017년 10월 14일 11시,토요일,충청남도 공주시 정안면,경상사고,0,0,2,0,차대차 - 추돌,안전운전불이행,건조,맑음,단일로 - 기타,화물,남,24세,경상,화물,남,59세,상해없음
2017101400100230,2017년 10월 14일 11시,토요일,충청남도 천안시 동남구 성황동,경상사고,0,0,1,0,차대사람 - 횡단중,신호위반,건조,맑음,교차로 - 교차로안,기타불명,기타불명,미분류,기타불명,보행자,남,22세,경상
2017101400100270,2017년 10월 14일 12시,토요일,충청남도 서산시 성연면,경상사고,0,0,2,0,차대차 - 추돌,안전거리미확보,건조,맑음,교차로 - 교차로부근,승용,남,52세,상해없음,승용,여,37세,경상
2017101400100271,2017년 10월 14일 12시,토요일,충청남도 아산시 온천동,경상사고,0,0,3,0,차대차 - 측면충돌,안전운전불이행,건조,맑음,교차로 - 교차로안,농기계,남,77세,경상,승용,여,45세,경상
2017101400100308,2017년 10월 14일 13시,토요일,충청남도 부여군 양화면,중상사고,0,1,1,0,차대차 - 측면충돌,안전운전불이행,건조,맑음,단일로 - 기타,이륜,남,42세,경상,이륜,남,79세,중상