사고번호,사고일시,요일,시군구,사고내용,사망자수,중상자수,경상자수,부상신고자수,사고유형,법규위반,노면상태,기상상태,도로형태,가해운전자 차종,가해운전자 성별,가해운전자 연령,가해운전자 상해정도,피해운전자 차종,피해운전자 성별,피해운전자 연령,피해운전자 상해정도
2017101900100362,2017년 10월 19일 15시,목요일,충청남도 공주시 옥룡동,경상사고,0,0,1,0,차량단독 - 기타,안전운전불이행,건조,맑음,교차로 - 교차로부근,승용,남,57세,기타불명,,,,
2017101900100364,2017년 10월 19일 15시,목요일,충청남도 부여군 남면,중상사고,0,1,0,0,차대차 - 측면충돌,기타,건조,맑음,교차로 - 교차로안,화물,여,45세,상해없음,자전거,남,85세,중상
2017101900100365,2017년 10월 19일 15시,목요일,충청남도 공주시 이인면,사망사고,1,0,0,0,차대차 - 추돌,안전운전불이행,건조,맑음,단일로 - 기타,화물,남,38세,사망,화물,남,41세,상해없음
2017101900100491,2017년 10월 19일 18시,목요일,충청남도 태안군 태안읍,중상사고,0,1,0,1,차대사람 - 길가장자리구역통행중,안전운전불이행,건조,맑음,단일로 - 기타,화물,남,65세,부상신고,보행자,남,74세,중상
2017101900100492,2017년 10월 19일 18시,목요일,충청남도 천안시 서북구 쌍용동,경상사고,0,0,1,0,차대사람 - 기타,안전운전불이행,건조,맑음,단일로 - 기타,승용,여,63세,상해없음,보행자,남,21세,경상
2017101900100552,2017년 10월 19일 19시,목요일,충청남도 천안시 서북구 업성동,경상사고,0,0,2,0,차대차 - 추돌,안전운전불이행,건조,맑음,교차로 - 교차로부근,승용,여,28세,상해없음,승용,여,25세,경상
2017101900100553,2017년 10월 19일 19시,목요일,충청남도 부여군 부여읍,중상사고,0,1,0,0,차량단독 - 전도전복 - 전도,안전운전불이행,건조,맑음,단일로 - 기타,자전거,여,63세,중상,,,,
2017101900100580,2017년 10월 19일 20시,목요일,충청남도 천안시 서북구 두정동,경상사고,0,0,1,0,차대차 - 기타,안전운전불이행,건조,맑음,단일로 - 기타,승용,남,42세,상해없음,이륜,남,29세,경상
2017101900100581,2017년 10월 19일 20시,목요일,충청남도 천안시 동남구 목천읍,중상사고,0,1,0,0,차대차 - 측면충돌,중앙선침범,건조,맑음,단일로 - 기타,승용,남,61세,상해없음,이륜,남,49세,중상
2017101900100606,2017년 10월 19일 21시,목요일,충청남도 예산군 삽교읍,중상사고,0,1,0,0,차량단독 - 전도전복 - 전복,안전운전불이행,건조,맑음,단일로 - 기타,사륜오토바이(ATV),여,48세,중상,,,,
2017101900100664,2017년 10월 19일 23시,목요일,충청남도 천안시 서북구 성정동,경상사고,0,0,1,0,차대차 - 추돌,안전운전불이행,건조,맑음,교차로 - 교차로부근,승용,남,37세,상해없음,승용,남,52세,경상
2017101900100665,2017년 10월 19일 23시,목요일,충청남도 홍성군 홍성읍,경상사고,0,0,2,0,차대차 - 추돌,안전운전불이행,건조,맑음,교차로 - 교차로안,화물,남,27세,상해없음,승용,남,44세,경상
2017101900100666,2017년 10월 19일 23시,목요일,충청남도 아산시 배방읍,중상사고,0,3,1,0,차대차 - 정면충돌,안전운전불이행,건조,맑음,교차로 - 교차로안,승용,남,49세,상해없음,승용,남,48세,경상
2017102000100094,2017년 10월 20일 06시,금요일,충청남도 서산시 읍내동,사망사고,1,0,0,0,차대차 - 측면충돌,중앙선침범,건조,맑음,단일로 - 기타,자전거,남,73세,사망,승용,남,27세,상해없음
2017102000100112,2017년 10월 20일 07시,금요일,충청남도 공주시 정안면,중상사고,0,1,0,0,차대사람 - 횡단중,과속,건조,맑음,단일로 - 기타,승용,남,30세,상해없음,보행자,여,46세,중상
2017102000100153,2017년 10월 20일 08시,금요일,충청남도 논산시 부창동,중상사고,0,1,1,0,차대차 - 추돌,안전운전불이행,건조,맑음,단일로 - 기타,승용,남,50세,상해없음,승용,남,68세,중상
2017102000100198,2017년 10월 20일 09시,금요일,충청남도 논산시 취암동,경상사고,0,0,1,0,차대차 - 기타,직진우회전진행방해,건조,맑음,교차로 - 교차로안,승용,남,40세,상해없음,개인형이동수단(PM),여,20세,경상
2017102000100199,2017년 10월 20일 09시,금요일,충청남도 당진시 석문면,경상사고,0,0,1,0,차대차 - 측면충돌,안전운전불이행,건조,맑음,교차로 - 교차로안,화물,남,31세,상해없음,승용,여,52세,경상
2017102000100271,2017년 10월 20일 11시,금요일,충청남도 천안시 서북구 백석동,부상신고사고,0,0,0,1,차대차 - 측면충돌,신호위반,건조,맑음,교차로 - 교차로안,이륜,남,43세,부상신고,승용,남,54세,상해없음
2017102000100272,2017년 10월 20일 11시,금요일,충청남도 당진시 읍내리,중상사고,0,1,0,0,차대사람 - 횡단중,보행자보호의무위반,건조,맑음,교차로 - 교차로횡단보도내,승용,남,42세,상해없음,보행자,여,66세,중상
2017102000100273,2017년 10월 20일 11시,금요일,충청남도 당진시 순성면,중상사고,0,1,0,0,차대차 - 기타,교차로운행방법위반,건조,맑음,교차로 - 교차로안,화물,남,79세,상해없음,자전거,남,33세,중상
2017102000100311,2017년 10월 20일 12시,금요일,충청남도 천안시 서북구 직산읍,경상사고,0,0,3,1,차대차 - 측면충돌,직진우회전진행방해,건조,맑음,교차로 - 교차로안,승용,여,58세,부상신고,화물,남,33세,경상
2017102000100312,2017년 10월 20일 12시,금요일,충청남도 예산군 예산읍,중상사고,0,1,2,0,차대차 - 측면충돌,신호위반,건조,맑음,교차로 - 교차로안,승용,여,68세,중상,화물,여,54세,경상
2017102000100350,2017년 10월 20일 13시,금요일,충청남도 예산군 예산읍,사망사고,1,0,0,0,차대차 - 정면충돌,중앙선침범,건조,맑음,단일로 - 기타,이륜,남,88세,사망,화물,남,62세,상해없음
2017102000100392,2017년 10월 20일 14시,금요일,충청남도 금산군 부리면,경상사고,0,0,1,0,차대차 - 기타,안전거리미확보,건조,맑음,교차로 - 교차로안,이륜,남,63세,경상,화물,남,49세,상해없음
2017102000100439,2017년 10월 20일 15시,금요일,충청남도 공주시 신풍면,경상사고,0,0,1,0,차대차 - 측면충돌,신호위반,건조,맑음,교차로 - 교차로안,승용,남,87세,상해없음,승용,여,54세,경상
2017102000100440,2017년 10월 20일 15시,금요일,충청남도 예산군 예산읍,중상사고,0,1,0,0,차대차 - 추돌,교차로운행방법위반,건조,맑음,교차로 - 교차로부근,승용,남,61세,상해없음,이륜,남,75세,중상
2017102000100441,2017년 10월 20일 15시,금요일,충청남도 당진시 고대면,중상사고,0,3,0,0,차대차 - 추돌,안전운전불이행,건조,맑음,단일로 - 기타,화물,남,66세,중상,승용,여,28세,중상
2017102000100442,2017년 10월 20일 15시,금요일,충청남도 공주시 정안면,경상사고,0,0,1,0,차대차 - 기타,안전운전불이행,건조,맑음,단일로 - 기타,화물,남,25세,상해없음,승용,남,29세,경상
2017102000100487,2017년 10월 20일 16시,금요일,충청남도 논산시 지산동,중상사고,0,1,0,0,차대차 - 측면충돌,안전운전불이행,건조,맑음,단일로 - 기타,승용,남,43세,상해없음,자전거,여,84세,중상
2017102000100526,2017년 10월 20일 17시,금요일,충청남도 서산시 예천동,중상사고,0,1,1,0,차대차 - 추돌,안전운전불이행,건조,맑음,교차로 - 교차로부근,승용,여,47세,상해없음,승용,여,49세,중상
2017102000100652,2017년 10월 20일 19시,금요일,충청남도 공주시 쌍신동,중상사고,0,3,0,0,차대차 - 정면충돌,중앙선침범,건조,맑음,단일로 - 기타,승용,여,50세,중상,승용,남,39세,중상
2017102000100654,2017년 10월 20일 19시,금요일,충청남도 천안시 동남구 원성동,경상사고,0,0,1,0,차대차 - 추돌,안전운전불이행,건조,맑음,단일로 - 기타,승용,남,62세,상해없음,화물,남,52세,경상
2017102000100701,2017년 10월 20일 20시,금요일,충청남도 논산시 취암동,중상사고,0,2,0,0,차대차 - 측면충돌,안전운전불이행,건조,맑음,교차로 - 교차로안,화물,남,43세,상해없음,승용,남,56세,중상
2017102000100702,2017년 10월 20일 20시,금요일,충청남도 천안시 동남구 구성동,중상사고,0,2,2,0,차대차 - 기타,신호위반,건조,맑음,교차로 - 교차로안,승용,남,62세,상해없음,승용,남,38세,경상
2017102000100734,2017년 10월 20일 21시,금요일,충청남도 아산시 풍기동,경상사고,0,0,1,0,차대사람 - 기타,안전운전불이행,건조,맑음,단일로 - 기타,승용,남,57세,상해없음,보행자,남,19세,경상
2017102000100735,2017년 10월 20일 21시,금요일,충청남도 공주시 금성동,경상사고,0,0,1,0,차대차 - 측면충돌,안전운전불이행,건조,맑음,교차로 - 교차로안,승용,남,67세,상해없음,승용,남,56세,경상
2017102000100803,2017년 10월 20일 23시,금요일,충청남도 천안시 서북구 성정동,경상사고,0,0,1,0,차대사람 - 차도통행중,안전운전불이행,건조,맑음,단일로 - 기타,승합,남,51세,상해없음,보행자,남,20세,경상
2017102100100033,2017년 10월 21일 00시,토요일,충청남도 공주시 사곡면,경상사고,0,0,1,0,차대차 - 추돌,안전운전불이행,건조,맑음,단일로 - 기타,승용,남,27세,상해없음,승용,남,33세,경상
2017102100100052,2017년 10월 21일 01시,토요일,충청남도 태안군 안면읍,사망사고,1,0,0,0,차량단독 - 전도전복,안전운전불이행,건조,맑음,교차로 - 교차로부근,승용,여,29세,상해없음,미분류,미분류,미분류,미분류
2017102100100085,2017년 10월 21일 03시,토요일,충청남도 아산시 용화동,중상사고,0,1,0,0,차대차 - 측면충돌,안전운전불이행,건조,맑음,미분류 - 미분류,승용,여,27세,상해없음,승용,남,35세,상해없음
2017102100100134,2017년 10월 21일 06시,토요일,충청남도 천안시 서북구 두정동,경상사고,0,0,1,0,차대차 - 측면충돌,안전운전불이행,건조,기타,단일로 - 기타,화물,남,59세,상해없음,승용,여,31세,경상
2017102100100135,2017년 10월 21일 06시,토요일,충청남도 부여군 외산면,중상사고,0,1,0,0,차대사람 - 기타,안전운전불이행,건조,맑음,단일로 - 기타,화물,남,80세,상해없음,보행자,남,77세,중상
2017102100100259,2017년 10월 21일 10시,토요일,충청남도 천안시 동남구 성남면,부상신고사고,0,0,0,1,차대차 - 기타,안전운전불이행,건조,맑음,단일로 - 기타,화물,남,50세,부상신고,화물,남,42세,상해없음
2017102100100303,2017년 10월 21일 11시,토요일,충청남도 청양군 화성면,경상사고,0,0,3,0,차대차 - 측면충돌,직진우회전진행방해,건조,맑음,교차로 - 교차로안,화물,남,56세,경상,화물,남,51세,경상
2017102100100341,2017년 10월 21일 12시,토요일,충청남도 천안시 서북구 두정동,경상사고,0,0,1,0,차대사람 - 기타,안전운전불이행,건조,맑음,단일로 - 기타,승용,남,77세,기타불명,보행자,여,49세,경상
2017102100100342,2017년 10월 21일 12시,토요일,충청남도 금산군 진산면,경상사고,0,0,1,0,차대사람 - 차도통행중,안전운전불이행,건조,맑음,단일로 - 기타,승용,남,68세,상해없음,보행자,남,50세,경상
2017102100100420,2017년 10월 21일 14시,토요일,충청남도 천안시 동남구 봉명동,중상사고,0,1,0,0,차대차 - 측면충돌,안전운전불이행,건조,맑음,단일로 - 기타,화물,남,66세,상해없음,이륜,남,54세,중상
2017102100100483,2017년 10월 21일 16시,토요일,충청남도 당진시 구룡리,중상사고,0,1,0,0,차대차 - 측면충돌,기타,건조,맑음,교차로 - 교차로안,승용,여,56세,상해없음,농기계,남,78세,중상
2017102100100549,2017년 10월 21일 17시,토요일,충청남도 논산시 부적면,경상사고,0,0,1,0,차대차 - 측면충돌,안전거리미확보,건조,맑음,단일로 - 기타,승합,남,59세,상해없음,승용,남,49세,경상
2017102100100550,2017년 10월 21일 17시,토요일,충청남도 아산시 영인면,경상사고,0,0,1,0,차대차 - 후진중충돌,안전운전불이행,건조,맑음,교차로 - 교차로안,승용,여,56세,상해없음,이륜,남,73세,경상
2017102100100599,2017년 10월 21일 18시,토요일,충청남도 천안시 서북구 두정동,중상사고,0,1,0,0,차대차 - 기타,중앙선침범,건조,맑음,단일로 - 기타,화물,남,55세,상해없음,이륜,남,24세,중상
2017102100100600,2017년 10월 21일 18시,토요일,충청남도 논산시 성동면,사망사고,1,0,0,0,차량단독 - 전도전복,안전운전불이행,건조,맑음,단일로 - 기타,이륜,여,60세,사망,미분류,미분류,미분류,미분류
2017102100100601,2017년 10월 21일 18시,토요일,충청남도 홍성군 홍성읍,중상사고,0,1,0,0,차대차 - 기타,안전운전불이행,건조,맑음,교차로 - 교차로안,승용,여,67세,상해없음,이륜,남,43세,중상
2017102100100602,2017년 10월 21일 18시,토요일,충청남도 천안시 동남구 동면,경상사고,0,0,1,0,차대차 - 추돌,안전운전불이행,건조,맑음,교차로 - 교차로부근,원동기,남,82세,경상,승용,남,47세,상해없음
2017102100100735,2017년 10월 21일 22시,토요일,충청남도 아산시 온천동,경상사고,0,0,1,0,차대사람 - 횡단중,안전운전불이행,건조,맑음,교차로 - 교차로안,승용,남,25세,상해없음,보행자,남,49세,경상
2017102200100069,2017년 10월 22일 02시,일요일,충청남도 천안시 서북구 쌍용동,경상사고,0,0,1,0,차대차 - 추돌,안전운전불이행,건조,맑음,단일로 - 기타,승용,여,22세,기타불명,승용,남,42세,경상
2017102200100122,2017년 10월 22일 07시,일요일,충청남도 서산시 지곡면,경상사고,0,0,1,0,차대차 - 측면충돌,중앙선침범,건조,맑음,단일로 - 기타,승용,남,57세,상해없음,화물,남,56세,경상
2017102200100156,2017년 10월 22일 09시,일요일,충청남도 홍성군 장곡면,부상신고사고,0,0,0,1,차대차 - 기타,안전운전불이행,건조,맑음,단일로 - 기타,기타불명,기타불명,미분류,기타불명,자전거,남,77세,부상신고
2017102200100157,2017년 10월 22일 09시,일요일,충청남도 당진시 석문면,중상사고,0,1,3,0,차대차 - 측면충돌,중앙선침범,건조,맑음,교차로 - 교차로부근,승용,남,60세,경상,승용,남,34세,경상
2017102200100158,2017년 10월 22일 09시,일요일,충청남도 천안시 동남구 목천읍,경상사고,0,0,1,0,차대차 - 기타,안전운전불이행,건조,맑음,단일로 - 기타,자전거,남,68세,경상,승용,여,32세,상해없음
2017102200100178,2017년 10월 22일 10시,일요일,충청남도 논산시 강경읍,경상사고,0,0,1,0,차대사람 - 횡단중,안전운전불이행,건조,맑음,교차로 - 교차로부근,화물,남,49세,상해없음,보행자,여,67세,경상
2017102200100202,2017년 10월 22일 11시,일요일,충청남도 태안군 안면읍,중상사고,0,1,1,0,차대차 - 측면충돌,안전운전불이행,건조,맑음,교차로 - 교차로안,이륜,남,44세,중상,승용,남,44세,경상
2017102200100203,2017년 10월 22일 11시,일요일,충청남도 서천군 마서면,중상사고,0,1,0,0,차대차 - 측면충돌,직진우회전진행방해,건조,맑음,교차로 - 교차로안,승용,남,51세,상해없음,승용,여,57세,중상
2017102200100227,2017년 10월 22일 12시,일요일,충청남도 태안군 안면읍,경상사고,0,0,2,0,차대차 - 측면충돌,교차로운행방법위반,건조,맑음,교차로 - 교차로안,승용,여,59세,상해없음,승용,남,75세,경상
2017102200100228,2017년 10월 22일 12시,일요일,충청남도 천안시 서북구 두정동,중상사고,0,2,0,0,차대차 - 추돌,안전운전불이행,건조,맑음,단일로 - 기타,승합,남,47세,상해없음,승용,남,24세,중상
2017102200100253,2017년 10월 22일 13시,일요일,충청남도 청양군 장평면,중상사고,0,1,0,0,차대차 - 측면충돌,안전거리미확보,건조,맑음,단일로 - 기타,이륜,남,76세,중상,승용,남,64세,상해없음
2017102200100340,2017년 10월 22일 15시,일요일,충청남도 논산시 대교동,경상사고,0,0,4,0,차대차 - 측면충돌,교차로운행방법위반,건조,맑음,교차로 - 교차로안,승용,남,37세,경상,승용,여,39세,경상
2017102200100341,2017년 10월 22일 15시,일요일,충청남도 서천군 서천읍,경상사고,0,0,4,0,차대차 - 측면충돌,직진우회전진행방해,건조,맑음,교차로 - 교차로안,화물,남,57세,경상,화물,남,55세,경상
2017102200100342,2017년 10월 22일 15시,일요일,충청남도 예산군 예산읍,중상사고,0,1,0,0,차대차 - 측면충돌,직진우회전진행방해,건조,맑음,단일로 - 기타,승용,남,72세,상해없음,이륜,남,70세,중상
2017102200100343,2017년 10월 22일 15시,일요일,충청남도 금산군 남일면,사망사고,1,0,0,0,차량단독 - 기타,안전운전불이행,건조,맑음,단일로 - 기타,자전거,여,60세,사망,,,,
2017102200100344,2017년 10월 22일 15시,일요일,충청남도 청양군 청양읍,중상사고,0,1,0,0,차대차 - 측면충돌,중앙선침범,건조,맑음,교차로 - 교차로부근,자전거,남,59세,중상,승용,여,67세,상해없음
2017102200100382,2017년 10월 22일 16시,일요일,충청남도 당진시 신평면,경상사고,0,0,2,0,차대차 - 측면충돌,안전거리미확보,건조,맑음,단일로 - 기타,승용,남,25세,상해없음,승용,남,74세,경상
2017102200100454,2017년 10월 22일 18시,일요일,충청남도 서산시 운산면,중상사고,0,1,0,0,차대차 - 측면충돌,안전운전불이행,건조,맑음,단일로 - 기타,승용,남,56세,상해없음,이륜,남,42세,중상
2017102200100455,2017년 10월 22일 18시,일요일,충청남도 당진시 신평면,경상사고,0,0,1,0,차대차 - 측면충돌,직진우회전진행방해,건조,맑음,교차로 - 교차로안,승용,남,31세,상해없음,이륜,남,49세,경상
2017102200100495,2017년 10월 22일 19시,일요일,충청남도 아산시 배방읍,경상사고,0,0,1,0,차대차 - 측면충돌,안전운전불이행,건조,맑음,단일로 - 기타,이륜,남,23세,상해없음,이륜,남,42세,경상
2017102200100519,2017년 10월 22일 20시,일요일,충청남도 아산시 신창면,중상사고,0,1,0,0,차대차 - 측면충돌,신호위반,건조,맑음,교차로 - 교차로안,승합,남,45세,상해없음,이륜,남,31세,중상
2017102200100521,2017년 10월 22일 20시,일요일,충청남도 예산군 대술면,중상사고,0,1,0,0,차량단독 - 기타,안전운전불이행,건조,맑음,단일로 - 기타,이륜,남,62세,상해없음,,,,
2017102200100522,2017년 10월 22일 20시,일요일,충청남도 당진시 신평면,중상사고,0,2,27,0,차대차 - 추돌,안전운전불이행,건조,맑음,단일로 - 기타,승용,여,26세,경상,승용,남,46세,중상
2017102200100551,2017년 10월 22일 21시,일요일,충청남도 천안시 서북구 쌍용동,경상사고,0,0,1,0,차대차 - 기타,안전거리미확보,건조,맑음,단일로 - 지하차도(도로)내,승용,남,29세,상해없음,승용,남,22세,경상
2017102200100552,2017년 10월 22일 21시,일요일,충청남도 천안시 서북구 성정동,경상사고,0,0,1,0,차대차 - 기타,안전운전불이행,건조,맑음,단일로 - 기타,이륜,남,17세,경상,승용,남,37세,상해없음
2017102200100553,2017년 10월 22일 21시,일요일,충청남도 천안시 동남구 신부동,중상사고,0,1,0,0,차대차 - 측면충돌,안전운전불이행,건조,맑음,단일로 - 기타,승용,남,32세,상해없음,승용,여,37세,중상
2017102200100589,2017년 10월 22일 23시,일요일,충청남도 천안시 서북구 성환읍,경상사고,0,0,1,0,차대차 - 기타,안전거리미확보,건조,맑음,교차로 - 교차로부근,승용,남,58세,상해없음,승용,남,32세,경상
2017102300100025,2017년 10월 23일 00시,월요일,충청남도 천안시 서북구 성정동,경상사고,0,0,1,0,차대차 - 기타,안전거리미확보,건조,맑음,단일로 - 기타,승용,남,30세,상해없음,이륜,남,24세,경상
2017102300100026,2017년 10월 23일 00시,월요일,충청남도 천안시 동남구 신방동,중상사고,0,1,0,0,차대차 - 측면충돌,안전운전불이행,건조,맑음,단일로 - 기타,승용,남,35세,상해없음,승용,남,20세,중상
2017102300100044,2017년 10월 23일 03시,월요일,충청남도 공주시 신관동,경상사고,0,0,1,0,차량단독 - 전도전복 - 전도,안전운전불이행,건조,흐림,교차로 - 교차로안,이륜,남,21세,경상,,,,
2017102300100059,2017년 10월 23일 05시,월요일,충청남도 서천군 서천읍,중상사고,0,1,0,0,차대사람 - 횡단중,보행자보호의무위반,건조,맑음,교차로 - 교차로횡단보도내,승용,남,67세,상해없음,보행자,여,72세,중상
2017102300100132,2017년 10월 23일 08시,월요일,충청남도 천안시 서북구 백석동,중상사고,0,1,0,0,차대사람 - 기타,안전운전불이행,건조,맑음,단일로 - 기타,승용,남,54세,상해없음,보행자,여,77세,중상
2017102300100133,2017년 10월 23일 08시,월요일,충청남도 논산시 내동,경상사고,0,0,1,0,차대차 - 측면충돌,안전운전불이행,건조,맑음,단일로 - 기타,승용,남,35세,상해없음,승합,여,43세,경상
2017102300100134,2017년 10월 23일 08시,월요일,충청남도 천안시 동남구 신방동,중상사고,0,1,4,0,차대차 - 측면충돌,교차로운행방법위반,건조,맑음,교차로 - 교차로안,승용,여,33세,경상,승용,남,77세,경상
2017102300100182,2017년 10월 23일 09시,월요일,충청남도 공주시 우성면,중상사고,0,2,1,0,차대차 - 측면충돌,기타,건조,맑음,교차로 - 교차로안,승용,여,57세,중상,화물,남,55세,경상
2017102300100183,2017년 10월 23일 09시,월요일,충청남도 예산군 예산읍,경상사고,0,0,1,0,차대차 - 측면충돌,신호위반,건조,맑음,교차로 - 교차로안,승용,여,68세,상해없음,승용,남,76세,경상
2017102300100269,2017년 10월 23일 12시,월요일,충청남도 천안시 서북구 성거읍,부상신고사고,0,0,0,1,차대차 - 기타,안전운전불이행,건조,맑음,단일로 - 기타,자전거,남,49세,부상신고,승용,여,44세,상해없음
2017102300100338,2017년 10월 23일 14시,월요일,충청남도 논산시 취암동,경상사고,0,0,1,0,차대차 - 추돌,안전운전불이행,건조,맑음,교차로 - 교차로안,승합,여,40세,상해없음,승합,남,52세,경상
2017102300100339,2017년 10월 23일 14시,월요일,충청남도 아산시 둔포면,경상사고,0,0,1,0,차대차 - 추돌,안전운전불이행,건조,맑음,기타 - 기타,화물,남,64세,상해없음,승용,남,33세,경상
2017102300100340,2017년 10월 23일 14시,월요일,충청남도 예산군 오가면,중상사고,0,1,0,0,차대차 - 측면충돌,안전운전불이행,건조,맑음,단일로 - 기타,원동기,남,48세,중상,승용,여,54세,상해없음
2017102300100341,2017년 10월 23일 14시,월요일,충청남도 당진시 합덕읍,경상사고,0,0,1,0,차대차 - 측면충돌,직진우회전진행방해,건조,맑음,교차로 - 교차로안,건설기계,남,50세,상해없음,화물,남,72세,경상
2017102300100342,2017년 10월 23일 14시,월요일,충청남도 천안시 동남구 다가동,경상사고,0,0,1,0,차대차 - 기타,안전운전불이행,건조,맑음,단일로 - 기타,승용,여,63세,상해없음,이륜,남,49세,경상
2017102300100386,2017년 10월 23일 15시,월요일,충청남도 천안시 서북구 성환읍,중상사고,0,1,0,0,차대사람 - 차도통행중,신호위반,건조,흐림,교차로 - 교차로부근,화물,남,39세,상해없음,보행자,남,75세,중상
2017102300100430,2017년 10월 23일 16시,월요일,충청남도 아산시 음봉면,경상사고,0,0,1,0,차대차 - 측면충돌,안전운전불이행,건조,맑음,미분류 - 미분류,승용,남,64세,상해없음,승용,여,23세,경상
2017102300100470,2017년 10월 23일 17시,월요일,충청남도 천안시 동남구 삼룡동,경상사고,0,0,1,0,차대차 - 측면충돌,안전운전불이행,건조,맑음,교차로 - 교차로안,승용,남,53세,상해없음,원동기,남,66세,경상
2017102300100471,2017년 10월 23일 17시,월요일,충청남도 천안시 동남구 대흥동,경상사고,0,0,1,0,차대사람 - 기타,안전운전불이행,건조,맑음,교차로 - 교차로안,승용,남,64세,상해없음,보행자,여,19세,경상
2017102300100528,2017년 10월 23일 18시,월요일,충청남도 천안시 서북구 성환읍,경상사고,0,0,1,0,차대차 - 측면충돌,안전운전불이행,건조,맑음,교차로 - 교차로안,승용,남,63세,상해없음,화물,남,29세,경상
2017102300100529,2017년 10월 23일 18시,월요일,충청남도 아산시 배방읍,경상사고,0,0,1,0,차대차 - 측면충돌,안전운전불이행,건조,맑음,단일로 - 기타,승용,남,52세,상해없음,승용,여,50세,경상
2017102300100530,2017년 10월 23일 18시,월요일,충청남도 아산시 염치읍,중상사고,0,2,0,0,차대차 - 정면충돌,중앙선침범,건조,맑음,기타 - 기타,이륜,남,67세,중상,이륜,남,56세,중상
2017102300100531,2017년 10월 23일 18시,월요일,충청남도 보령시 성주면,사망사고,1,0,0,0,차대사람 - 길가장자리구역통행중,안전운전불이행,건조,기타,단일로 - 기타,화물,남,39세,상해없음,보행자,여,77세,사망
2017102300100532,2017년 10월 23일 18시,월요일,충청남도 공주시 정안면,경상사고,0,0,3,0,차대차 - 측면충돌,중앙선침범,건조,맑음,단일로 - 기타,승용,여,57세,경상,승용,남,57세,경상
2017102300100533,2017년 10월 23일 18시,월요일,충청남도 천안시 동남구 목천읍,중상사고,0,1,0,0,차대사람 - 횡단중,안전운전불이행,건조,맑음,교차로 - 교차로부근,승용,남,59세,상해없음,보행자,남,57세,중상
2017102300100592,2017년 10월 23일 19시,월요일,충청남도 서산시 온석동,경상사고,0,0,1,0,차대차 - 추돌,안전운전불이행,건조,맑음,교차로 - 교차로부근,승용,남,56세,상해없음,승용,여,45세,경상
2017102300100593,2017년 10월 23일 19시,월요일,충청남도 당진시 원당리,경상사고,0,0,1,0,차대사람 - 횡단중,보행자보호의무위반,건조,맑음,교차로 - 교차로횡단보도내,승용,남,62세,상해없음,보행자,여,41세,경상
2017102300100626,2017년 10월 23일 20시,월요일,충청남도 천안시 서북구 입장면,경상사고,0,0,4,0,차대차 - 측면충돌,신호위반,건조,흐림,교차로 - 교차로안,화물,남,61세,경상,승용,남,30세,경상
2017102300100665,2017년 10월 23일 21시,월요일,충청남도 천안시 서북구 직산읍,경상사고,0,0,1,0,차대차 - 정면충돌,중앙선침범,건조,맑음,단일로 - 기타,승합,남,41세,상해없음,승용,남,26세,경상
2017102300100666,2017년 10월 23일 21시,월요일,충청남도 논산시 연무읍,중상사고,0,1,1,0,차대차 - 측면충돌,중앙선침범,건조,맑음,단일로 - 기타,승합,남,31세,상해없음,승합,남,40세,중상
2017102400100028,2017년 10월 24일 00시,화요일,충청남도 계룡시 엄사면,경상사고,0,0,2,0,차대차 - 측면충돌,직진우회전진행방해,건조,맑음,교차로 - 교차로안,승용,여,49세,상해없음,승용,남,51세,경상
2017102400100040,2017년 10월 24일 01시,화요일,충청남도 천안시 동남구 봉명동,중상사고,0,1,1,0,차대차 - 추돌,안전운전불이행,건조,맑음,교차로 - 교차로부근,승용,남,23세,상해없음,승용,남,48세,중상
2017102400100056,2017년 10월 24일 03시,화요일,충청남도 아산시 탕정면,사망사고,1,0,0,0,차대차 - 기타,안전운전불이행,건조,맑음,단일로 - 기타,화물,남,51세,상해없음,승용,남,19세,사망
2017102400100077,2017년 10월 24일 05시,화요일,충청남도 아산시 탕정면,경상사고,0,0,1,0,차대차 - 후진중충돌,안전운전불이행,건조,맑음,기타 - 기타,승합,남,56세,상해없음,승용,남,32세,경상
2017102400100091,2017년 10월 24일 06시,화요일,충청남도 아산시 배방읍,경상사고,0,0,1,0,차대차 - 추돌,안전운전불이행,건조,맑음,단일로 - 기타,승용,남,76세,상해없음,승용,여,61세,경상
2017102400100112,2017년 10월 24일 07시,화요일,충청남도 부여군 옥산면,사망사고,1,0,0,0,차대차 - 측면충돌,신호위반,건조,맑음,교차로 - 교차로안,건설기계,남,43세,상해없음,화물,남,57세,사망
2017102400100149,2017년 10월 24일 08시,화요일,충청남도 태안군 태안읍,부상신고사고,0,0,0,1,차대차 - 기타,신호위반,건조,맑음,교차로 - 교차로안,승용,여,50세,상해없음,이륜,남,69세,부상신고
2017102400100150,2017년 10월 24일 08시,화요일,충청남도 천안시 서북구 쌍용동,중상사고,0,1,1,0,차대차 - 측면충돌,신호위반,건조,맑음,교차로 - 교차로안,화물,남,66세,상해없음,승용,남,63세,중상