사고번호,사고일시,요일,시군구,사고내용,사망자수,중상자수,경상자수,부상신고자수,사고유형,법규위반,노면상태,기상상태,도로형태,가해운전자 차종,가해운전자 성별,가해운전자 연령,가해운전자 상해정도,피해운전자 차종,피해운전자 성별,피해운전자 연령,피해운전자 상해정도
2017102400100151,2017년 10월 24일 08시,화요일,충청남도 아산시 배미동,경상사고,0,0,1,0,차대사람 - 횡단중,안전운전불이행,건조,맑음,단일로 - 기타,승용,남,61세,상해없음,보행자,남,13세,경상
2017102400100189,2017년 10월 24일 09시,화요일,충청남도 태안군 태안읍,경상사고,0,0,2,0,차대차 - 정면충돌,중앙선침범,건조,맑음,단일로 - 기타,화물,남,59세,경상,승용,남,23세,경상
2017102400100190,2017년 10월 24일 09시,화요일,충청남도 아산시 둔포면,중상사고,0,1,0,0,차대차 - 측면충돌,신호위반,건조,맑음,교차로 - 교차로안,승용,여,49세,상해없음,승용,여,52세,중상
2017102400100191,2017년 10월 24일 09시,화요일,충청남도 천안시 동남구 용곡동,중상사고,0,1,0,0,차대차 - 측면충돌,직진우회전진행방해,건조,맑음,교차로 - 교차로안,승용,여,40세,상해없음,이륜,남,56세,중상
2017102400100257,2017년 10월 24일 11시,화요일,충청남도 천안시 서북구 입장면,중상사고,0,1,0,0,차대차 - 기타,중앙선침범,건조,맑음,단일로 - 기타,이륜,남,57세,중상,화물,남,66세,상해없음
2017102400100290,2017년 10월 24일 12시,화요일,충청남도 천안시 서북구 두정동,경상사고,0,0,2,0,차대차 - 기타,신호위반,건조,맑음,교차로 - 교차로안,원동기,남,24세,경상,화물,남,26세,경상
2017102400100291,2017년 10월 24일 12시,화요일,충청남도 아산시 배방읍,경상사고,0,0,1,0,차대차 - 기타,안전운전불이행,건조,맑음,교차로 - 교차로안,화물,남,52세,상해없음,승용,남,71세,경상
2017102400100292,2017년 10월 24일 12시,화요일,충청남도 보령시 동대동,중상사고,0,1,0,0,차대사람 - 횡단중,안전운전불이행,건조,맑음,단일로 - 기타,승용,남,54세,상해없음,보행자,남,81세,중상
2017102400100328,2017년 10월 24일 13시,화요일,충청남도 서천군 비인면,중상사고,0,1,0,0,차대차 - 측면충돌,안전운전불이행,건조,맑음,교차로 - 교차로안,승용,여,28세,상해없음,승용,남,62세,중상
2017102400100395,2017년 10월 24일 15시,화요일,충청남도 천안시 동남구 구성동,중상사고,0,1,0,0,차대사람 - 횡단중,안전운전불이행,건조,맑음,단일로 - 기타,승용,남,75세,상해없음,보행자,여,8세,중상
2017102400100512,2017년 10월 24일 18시,화요일,충청남도 태안군 태안읍,경상사고,0,0,1,0,차대차 - 측면충돌,안전운전불이행,건조,맑음,교차로 - 교차로안,화물,남,61세,상해없음,승용,남,33세,경상
2017102400100513,2017년 10월 24일 18시,화요일,충청남도 서산시 부석면,중상사고,0,1,0,0,차대차 - 측면충돌,신호위반,건조,맑음,교차로 - 교차로안,승용,남,67세,상해없음,승용,남,29세,중상
2017102400100514,2017년 10월 24일 18시,화요일,충청남도 서산시 갈산동,경상사고,0,0,1,0,차대사람 - 기타,안전운전불이행,건조,맑음,단일로 - 기타,승용,남,40세,상해없음,보행자,여,44세,경상
2017102400100515,2017년 10월 24일 18시,화요일,충청남도 논산시 연무읍,경상사고,0,0,2,0,차대차 - 정면충돌,신호위반,건조,맑음,교차로 - 교차로안,승용,여,52세,기타불명,승용,남,43세,경상
2017102400100516,2017년 10월 24일 18시,화요일,충청남도 홍성군 광천읍,중상사고,0,1,0,0,차대차 - 측면충돌,안전운전불이행,건조,맑음,교차로 - 교차로안,이륜,남,38세,중상,승합,남,55세,상해없음
2017102400100517,2017년 10월 24일 18시,화요일,충청남도 아산시 송악면,사망사고,1,1,0,0,차량단독 - 도로외이탈 - 추락,안전운전불이행,건조,맑음,단일로 - 기타,화물,남,75세,중상,,,,
2017102400100518,2017년 10월 24일 18시,화요일,충청남도 서천군 마서면,중상사고,0,1,0,0,차대차 - 추돌,안전운전불이행,건조,맑음,단일로 - 기타,승용,남,23세,상해없음,승용,남,41세,중상
2017102400100519,2017년 10월 24일 18시,화요일,충청남도 보령시 동대동,경상사고,0,0,1,0,차대차 - 측면충돌,안전운전불이행,건조,맑음,교차로 - 교차로부근,승용,남,58세,상해없음,이륜,남,15세,경상
2017102400100574,2017년 10월 24일 19시,화요일,충청남도 논산시 부적면,중상사고,0,1,0,0,차대사람 - 기타,안전운전불이행,건조,맑음,단일로 - 기타,승용,남,44세,상해없음,보행자,남,79세,중상
2017102400100575,2017년 10월 24일 19시,화요일,충청남도 홍성군 홍성읍,중상사고,0,1,0,0,차대사람 - 횡단중,보행자보호의무위반,건조,맑음,단일로 - 기타,승합,여,54세,상해없음,보행자,여,27세,중상
2017102400100640,2017년 10월 24일 21시,화요일,충청남도 천안시 서북구 직산읍,경상사고,0,0,1,0,차대차 - 기타,안전운전불이행,건조,맑음,교차로 - 교차로부근,승용,남,60세,상해없음,승용,남,27세,경상
2017102400100675,2017년 10월 24일 22시,화요일,충청남도 천안시 서북구 백석동,중상사고,0,1,0,0,차대차 - 기타,교차로운행방법위반,건조,맑음,교차로 - 교차로안,승용,남,42세,상해없음,이륜,남,17세,중상
2017102400100712,2017년 10월 24일 23시,화요일,충청남도 예산군 봉산면,경상사고,0,0,1,0,차량단독 - 공작물충돌,안전운전불이행,건조,맑음,단일로 - 기타,승용,남,37세,경상,,,,
2017102500100040,2017년 10월 25일 01시,수요일,충청남도 천안시 서북구 성거읍,사망사고,1,0,0,0,차대사람 - 기타,안전운전불이행,건조,맑음,단일로 - 기타,승용,여,29세,상해없음,보행자,남,81세,사망
2017102500100088,2017년 10월 25일 06시,수요일,충청남도 서산시 읍내동,중상사고,0,1,0,0,차대차 - 측면충돌,교차로운행방법위반,건조,맑음,교차로 - 교차로안,화물,남,59세,상해없음,자전거,남,66세,중상
2017102500100089,2017년 10월 25일 06시,수요일,충청남도 천안시 동남구 원성동,중상사고,0,1,0,0,차대사람 - 횡단중,보행자보호의무위반,건조,맑음,교차로 - 교차로부근,승합,남,49세,상해없음,보행자,남,64세,중상
2017102500100105,2017년 10월 25일 07시,수요일,충청남도 당진시 합덕읍,경상사고,0,0,1,0,차대차 - 측면충돌,직진우회전진행방해,건조,맑음,교차로 - 교차로안,화물,남,65세,상해없음,이륜,남,41세,경상
2017102500100195,2017년 10월 25일 09시,수요일,충청남도 태안군 소원면,경상사고,0,0,1,0,차대차 - 측면충돌,신호위반,건조,맑음,교차로 - 교차로안,건설기계,남,57세,상해없음,화물,남,68세,경상
2017102500100196,2017년 10월 25일 09시,수요일,충청남도 아산시 온천동,중상사고,0,1,0,0,차대사람 - 횡단중,안전운전불이행,건조,맑음,교차로 - 교차로부근,승합,남,60세,상해없음,보행자,여,76세,중상
2017102500100197,2017년 10월 25일 09시,수요일,충청남도 보령시 동대동,중상사고,0,1,0,0,차대사람 - 횡단중,안전운전불이행,건조,맑음,단일로 - 기타,화물,여,47세,상해없음,보행자,여,78세,중상
2017102500100199,2017년 10월 25일 09시,수요일,충청남도 천안시 동남구 용곡동,경상사고,0,0,1,0,차대차 - 측면충돌,직진우회전진행방해,건조,맑음,교차로 - 교차로안,승용,여,46세,상해없음,승용,여,62세,경상
2017102500100236,2017년 10월 25일 10시,수요일,충청남도 천안시 동남구 북면,중상사고,0,1,0,0,차대차 - 기타,중앙선침범,건조,맑음,단일로 - 기타,이륜,남,39세,중상,화물,남,62세,상해없음
2017102500100267,2017년 10월 25일 11시,수요일,충청남도 보령시 죽정동,중상사고,0,1,1,0,차대차 - 후진중충돌,안전운전불이행,건조,맑음,단일로 - 기타,특수,남,43세,상해없음,이륜,남,74세,경상
2017102500100269,2017년 10월 25일 11시,수요일,충청남도 금산군 복수면,중상사고,0,1,0,0,차량단독 - 도로외이탈 - 기타,안전운전불이행,건조,맑음,단일로 - 기타,이륜,남,51세,중상,,,,
2017102500100307,2017년 10월 25일 12시,수요일,충청남도 보령시 웅천읍,중상사고,0,1,0,0,차대차 - 측면충돌,불법유턴,건조,맑음,단일로 - 기타,승용,남,29세,상해없음,이륜,남,49세,중상
2017102500100369,2017년 10월 25일 14시,수요일,충청남도 천안시 서북구 불당동,중상사고,0,1,0,0,차대사람 - 기타,안전운전불이행,건조,맑음,교차로 - 교차로안,승용,남,41세,상해없음,보행자,여,71세,중상
2017102500100370,2017년 10월 25일 14시,수요일,충청남도 논산시 채운면,중상사고,0,1,0,0,차대사람 - 차도통행중,안전운전불이행,건조,맑음,교차로 - 교차로부근,화물,남,56세,상해없음,보행자,여,76세,중상
2017102500100371,2017년 10월 25일 14시,수요일,충청남도 서천군 화양면,중상사고,0,2,0,1,차대차 - 측면충돌,중앙선침범,건조,맑음,단일로 - 기타,승용,여,64세,부상신고,승용,남,70세,중상
2017102500100372,2017년 10월 25일 14시,수요일,충청남도 공주시 상왕동,중상사고,0,1,1,0,차대차 - 측면충돌,안전운전불이행,건조,맑음,기타 - 기타,화물,남,76세,경상,승용,남,59세,중상
2017102500100410,2017년 10월 25일 15시,수요일,충청남도 서산시 장동,중상사고,0,2,1,0,차대차 - 측면충돌,안전운전불이행,건조,맑음,교차로 - 교차로안,승용,남,80세,상해없음,화물,남,44세,중상
2017102500100443,2017년 10월 25일 16시,수요일,충청남도 천안시 서북구 성정동,경상사고,0,0,2,0,차대차 - 기타,불법유턴,건조,맑음,교차로 - 교차로부근,승용,남,27세,경상,승용,여,62세,경상
2017102500100444,2017년 10월 25일 16시,수요일,충청남도 천안시 동남구 삼룡동,경상사고,0,0,1,0,차대차 - 기타,신호위반,건조,맑음,교차로 - 교차로안,승용,남,50세,상해없음,화물,남,60세,경상
2017102500100489,2017년 10월 25일 17시,수요일,충청남도 천안시 서북구 백석동,경상사고,0,0,2,0,차대차 - 기타,신호위반,건조,맑음,교차로 - 교차로안,승용,남,58세,상해없음,승용,여,56세,경상
2017102500100490,2017년 10월 25일 17시,수요일,충청남도 아산시 탕정면,경상사고,0,0,1,0,차대차 - 측면충돌,안전운전불이행,건조,맑음,교차로 - 교차로안,승용,남,29세,기타불명,화물,남,37세,경상
2017102500100552,2017년 10월 25일 18시,수요일,충청남도 천안시 서북구 차암동,경상사고,0,0,1,0,차대차 - 기타,안전운전불이행,건조,맑음,교차로 - 교차로안,승용,남,35세,상해없음,승용,여,57세,경상
2017102500100553,2017년 10월 25일 18시,수요일,충청남도 계룡시 금암동,중상사고,0,1,0,0,차대사람 - 횡단중,안전운전불이행,건조,맑음,단일로 - 기타,승합,남,45세,상해없음,보행자,여,59세,중상
2017102500100554,2017년 10월 25일 18시,수요일,충청남도 아산시 둔포면,경상사고,0,0,1,0,차대차 - 측면충돌,직진우회전진행방해,건조,맑음,교차로 - 교차로안,승용,여,33세,상해없음,승용,남,42세,경상
2017102500100555,2017년 10월 25일 18시,수요일,충청남도 보령시 동대동,경상사고,0,0,1,0,차대차 - 측면충돌,직진우회전진행방해,건조,맑음,교차로 - 교차로안,승용,여,50세,경상,승용,남,49세,상해없음
2017102500100610,2017년 10월 25일 19시,수요일,충청남도 예산군 삽교읍,사망사고,1,0,0,0,차대사람 - 기타,안전운전불이행,건조,맑음,단일로 - 기타,승용,남,60세,상해없음,보행자,여,79세,사망
2017102500100650,2017년 10월 25일 20시,수요일,충청남도 천안시 서북구 입장면,경상사고,0,0,1,0,차대차 - 기타,중앙선침범,건조,맑음,단일로 - 기타,화물,남,62세,상해없음,승용,남,26세,경상
2017102500100651,2017년 10월 25일 20시,수요일,충청남도 보령시 웅천읍,사망사고,1,0,0,0,차대차 - 기타,안전운전불이행,건조,맑음,단일로 - 기타,자전거,남,63세,사망,건설기계,남,52세,기타불명
2017102500100654,2017년 10월 25일 20시,수요일,충청남도 천안시 동남구 영성동,중상사고,0,1,0,0,차대차 - 기타,안전운전불이행,건조,맑음,단일로 - 기타,승용,남,28세,상해없음,이륜,남,53세,중상
2017102500100680,2017년 10월 25일 21시,수요일,충청남도 천안시 서북구 두정동,경상사고,0,0,1,0,차대차 - 측면충돌,안전운전불이행,건조,맑음,단일로 - 기타,승용,남,39세,상해없음,승용,남,66세,경상
2017102500100710,2017년 10월 25일 22시,수요일,충청남도 천안시 서북구 성거읍,중상사고,0,1,0,0,차대사람 - 횡단중,안전운전불이행,건조,맑음,교차로 - 교차로횡단보도내,승용,남,67세,상해없음,보행자,여,17세,중상
2017102500100711,2017년 10월 25일 22시,수요일,충청남도 논산시 광석면,경상사고,0,0,1,0,차대차 - 추돌,안전운전불이행,건조,맑음,단일로 - 기타,승용,남,31세,경상,승용,남,52세,상해없음
2017102500100743,2017년 10월 25일 23시,수요일,충청남도 천안시 서북구 쌍용동,경상사고,0,0,1,0,차대차 - 측면충돌,안전운전불이행,건조,맑음,단일로 - 기타,승용,남,51세,상해없음,승용,남,61세,상해없음
2017102600100020,2017년 10월 26일 00시,목요일,충청남도 부여군 규암면,중상사고,0,4,0,0,차량단독 - 전도전복,안전운전불이행,건조,맑음,단일로 - 기타,승용,남,27세,중상,미분류,미분류,미분류,미분류
2017102600100036,2017년 10월 26일 01시,목요일,충청남도 아산시 둔포면,중상사고,0,1,0,0,차대사람 - 기타,안전운전불이행,건조,맑음,교차로 - 교차로부근,승용,여,51세,상해없음,보행자,남,55세,중상
2017102600100103,2017년 10월 26일 07시,목요일,충청남도 서산시 대산읍,경상사고,0,0,2,0,차대차 - 측면충돌,신호위반,건조,맑음,교차로 - 교차로안,승용,남,31세,경상,승용,남,63세,경상
2017102600100104,2017년 10월 26일 07시,목요일,충청남도 천안시 서북구 쌍용동,경상사고,0,0,1,0,차대차 - 기타,중앙선침범,건조,맑음,교차로 - 교차로부근,승용,남,51세,상해없음,승용,여,22세,경상
2017102600100134,2017년 10월 26일 08시,목요일,충청남도 태안군 소원면,중상사고,0,1,1,0,차대차 - 측면충돌,교차로운행방법위반,건조,흐림,교차로 - 교차로안,화물,남,67세,상해없음,승용,남,73세,경상
2017102600100135,2017년 10월 26일 08시,목요일,충청남도 홍성군 결성면,경상사고,0,0,1,0,차량단독 - 전도전복,안전운전불이행,건조,맑음,단일로 - 기타,이륜,남,76세,경상,미분류,미분류,미분류,미분류
2017102600100220,2017년 10월 26일 11시,목요일,충청남도 논산시 반월동,중상사고,0,1,0,0,차대차 - 추돌,안전운전불이행,건조,맑음,단일로 - 기타,승용,남,31세,상해없음,이륜,남,77세,중상
2017102600100221,2017년 10월 26일 11시,목요일,충청남도 공주시 금성동,경상사고,0,0,1,0,차대차 - 측면충돌,안전운전불이행,건조,맑음,교차로 - 교차로안,승용,남,76세,상해없음,이륜,남,60세,경상
2017102600100244,2017년 10월 26일 12시,목요일,충청남도 천안시 서북구 불당동,중상사고,0,1,0,0,차대차 - 측면충돌,신호위반,건조,맑음,교차로 - 교차로안,승용,여,41세,상해없음,승용,여,40세,중상
2017102600100245,2017년 10월 26일 12시,목요일,충청남도 아산시 용화동,중상사고,0,1,0,0,차대차 - 기타,안전운전불이행,건조,맑음,교차로 - 교차로안,승용,여,48세,상해없음,자전거,남,84세,중상
2017102600100246,2017년 10월 26일 12시,목요일,충청남도 서천군 서천읍,경상사고,0,0,2,0,차대차 - 측면충돌,직진우회전진행방해,건조,맑음,교차로 - 교차로안,화물,남,32세,경상,승용,여,48세,경상
2017102600100247,2017년 10월 26일 12시,목요일,충청남도 천안시 동남구 안서동,부상신고사고,0,0,0,1,차대사람 - 길가장자리구역통행중,안전운전불이행,건조,맑음,단일로 - 기타,승용,여,70세,상해없음,보행자,남,23세,부상신고
2017102600100308,2017년 10월 26일 14시,목요일,충청남도 논산시 강산동,경상사고,0,0,2,0,차대차 - 추돌,안전운전불이행,건조,맑음,교차로 - 교차로안,화물,남,57세,상해없음,승용,남,52세,경상
2017102600100309,2017년 10월 26일 14시,목요일,충청남도 아산시 도고면,중상사고,0,1,0,0,차대차 - 측면충돌,안전운전불이행,건조,맑음,기타 - 기타,건설기계,남,60세,상해없음,자전거,남,52세,중상
2017102600100310,2017년 10월 26일 14시,목요일,충청남도 예산군 오가면,중상사고,0,1,0,0,차대차 - 측면충돌,직진우회전진행방해,건조,맑음,교차로 - 교차로안,승용,여,60세,상해없음,이륜,여,44세,중상
2017102600100350,2017년 10월 26일 15시,목요일,충청남도 공주시 우성면,경상사고,0,0,1,0,차대차 - 측면충돌,안전운전불이행,건조,맑음,교차로 - 교차로안,이륜,남,82세,경상,화물,남,59세,상해없음
2017102600100376,2017년 10월 26일 16시,목요일,충청남도 논산시 내동,경상사고,0,0,1,0,차대차 - 측면충돌,안전거리미확보,건조,맑음,교차로 - 교차로안,승용,여,44세,상해없음,승용,남,45세,경상
2017102600100377,2017년 10월 26일 16시,목요일,충청남도 아산시 온천동,경상사고,0,0,1,0,차대차 - 측면충돌,안전운전불이행,건조,맑음,교차로 - 교차로안,승용,여,32세,상해없음,원동기,남,18세,경상
2017102600100419,2017년 10월 26일 17시,목요일,충청남도 천안시 서북구 두정동,경상사고,0,0,1,0,차대사람 - 기타,안전운전불이행,건조,맑음,기타 - 기타,승용,남,39세,상해없음,보행자,남,45세,경상
2017102600100420,2017년 10월 26일 17시,목요일,충청남도 서천군 한산면,경상사고,0,0,1,0,차량단독 - 공작물충돌,안전운전불이행,건조,맑음,교차로 - 교차로부근,화물,여,59세,경상,,,,
2017102600100421,2017년 10월 26일 17시,목요일,충청남도 공주시 월송동,경상사고,0,0,1,1,차대차 - 추돌,안전운전불이행,건조,맑음,단일로 - 기타,승용,남,50세,부상신고,화물,남,39세,경상
2017102600100422,2017년 10월 26일 17시,목요일,충청남도 공주시 우성면,경상사고,0,0,1,0,차대차 - 측면충돌,안전운전불이행,건조,맑음,교차로 - 교차로안,승용,여,39세,기타불명,승용,여,31세,경상
2017102600100469,2017년 10월 26일 18시,목요일,충청남도 서산시 동문동,경상사고,0,0,1,0,차대차 - 측면충돌,직진우회전진행방해,건조,맑음,교차로 - 교차로안,승용,여,32세,상해없음,이륜,남,47세,경상
2017102600100470,2017년 10월 26일 18시,목요일,충청남도 서산시 고북면,경상사고,0,0,2,0,차대차 - 정면충돌,중앙선침범,건조,맑음,단일로 - 기타,승용,남,70세,상해없음,승용,남,23세,경상
2017102600100471,2017년 10월 26일 18시,목요일,충청남도 태안군 원북면,중상사고,0,1,1,0,차대차 - 정면충돌,중앙선침범,건조,맑음,단일로 - 기타,승용,남,53세,상해없음,승용,남,35세,중상
2017102600100472,2017년 10월 26일 18시,목요일,충청남도 천안시 서북구 입장면,경상사고,0,0,1,0,차대차 - 후진중충돌,안전운전불이행,건조,기타,주차장 - 주차장,승용,남,59세,상해없음,승합,남,29세,경상
2017102600100473,2017년 10월 26일 18시,목요일,충청남도 논산시 관촉동,중상사고,0,1,0,0,차대차 - 기타,중앙선침범,건조,맑음,단일로 - 기타,농기계,남,43세,상해없음,승용,남,54세,상해없음
2017102600100474,2017년 10월 26일 18시,목요일,충청남도 아산시 둔포면,경상사고,0,0,1,0,차대차 - 기타,안전운전불이행,건조,맑음,단일로 - 기타,승용,남,53세,상해없음,승용,남,34세,경상
2017102600100475,2017년 10월 26일 18시,목요일,충청남도 보령시 궁촌동,중상사고,0,1,0,0,차대사람 - 횡단중,안전운전불이행,건조,맑음,교차로 - 교차로안,화물,남,51세,상해없음,보행자,여,26세,중상
2017102600100530,2017년 10월 26일 19시,목요일,충청남도 천안시 서북구 백석동,경상사고,0,0,1,0,차대차 - 측면충돌,안전운전불이행,건조,맑음,교차로 - 교차로부근,이륜,남,49세,상해없음,승용,남,25세,경상
2017102600100531,2017년 10월 26일 19시,목요일,충청남도 아산시 배방읍,경상사고,0,0,4,0,차대차 - 추돌,안전운전불이행,건조,맑음,미분류 - 미분류,승용,남,19세,상해없음,승용,여,40세,경상
2017102600100532,2017년 10월 26일 19시,목요일,충청남도 공주시 우성면,중상사고,0,1,0,0,차대사람 - 길가장자리구역통행중,안전운전불이행,건조,맑음,기타 - 기타,승용,남,54세,상해없음,보행자,남,49세,중상
2017102600100533,2017년 10월 26일 19시,목요일,충청남도 예산군 오가면,경상사고,0,0,3,0,차대차 - 추돌,안전거리미확보,건조,맑음,단일로 - 기타,승용,남,26세,경상,승용,여,42세,경상
2017102600100594,2017년 10월 26일 21시,목요일,충청남도 천안시 서북구 두정동,경상사고,0,0,2,0,차대차 - 추돌,안전운전불이행,건조,맑음,교차로 - 교차로부근,승용,남,27세,상해없음,승용,남,27세,경상
2017102600100616,2017년 10월 26일 22시,목요일,충청남도 아산시 남동,경상사고,0,0,1,0,차대차 - 측면충돌,신호위반,건조,맑음,교차로 - 교차로안,이륜,남,15세,상해없음,승용,남,39세,경상
2017102600100617,2017년 10월 26일 22시,목요일,충청남도 아산시 배방읍,경상사고,0,0,1,0,차대사람 - 기타,안전운전불이행,건조,맑음,단일로 - 기타,기타불명,기타불명,미분류,기타불명,보행자,남,45세,경상
2017102600100638,2017년 10월 26일 23시,목요일,충청남도 당진시 원당리,경상사고,0,0,1,0,차대차 - 기타,중앙선침범,건조,맑음,단일로 - 기타,특수,남,38세,상해없음,승용,남,27세,경상
2017102700100034,2017년 10월 27일 00시,금요일,충청남도 천안시 동남구 원성동,중상사고,0,3,3,0,차대차 - 측면충돌,안전운전불이행,건조,맑음,교차로 - 교차로안,승용,남,30세,중상,승용,여,29세,경상
2017102700100068,2017년 10월 27일 05시,금요일,충청남도 당진시 원당리,중상사고,0,1,0,0,차대차 - 측면충돌,신호위반,건조,맑음,교차로 - 교차로안,승용,남,29세,상해없음,승용,여,61세,중상
2017102700100103,2017년 10월 27일 07시,금요일,충청남도 계룡시 두마면,경상사고,0,0,1,0,차대차 - 측면충돌,교차로운행방법위반,건조,맑음,교차로 - 교차로안,승용,남,32세,상해없음,승용,여,44세,경상
2017102700100105,2017년 10월 27일 07시,금요일,충청남도 천안시 동남구 성남면,경상사고,0,0,1,0,차대차 - 측면충돌,신호위반,건조,맑음,교차로 - 교차로안,승합,남,52세,상해없음,승용,여,26세,경상
2017102700100151,2017년 10월 27일 08시,금요일,충청남도 아산시 권곡동,중상사고,0,1,0,0,차대차 - 측면충돌,직진우회전진행방해,건조,맑음,교차로 - 교차로안,승용,남,58세,상해없음,이륜,남,79세,중상
2017102700100191,2017년 10월 27일 09시,금요일,충청남도 당진시 신평면,사망사고,1,0,0,0,차대사람 - 기타,기타,건조,맑음,단일로 - 기타,승용,여,38세,상해없음,보행자,여,82세,사망
2017102700100192,2017년 10월 27일 09시,금요일,충청남도 금산군 부리면,경상사고,0,0,1,0,차대차 - 정면충돌,안전운전불이행,건조,맑음,단일로 - 기타,화물,남,56세,경상,화물,남,43세,상해없음
2017102700100193,2017년 10월 27일 09시,금요일,충청남도 청양군 장평면,중상사고,0,1,0,0,차대사람 - 횡단중,안전운전불이행,건조,맑음,단일로 - 기타,화물,남,60세,상해없음,보행자,여,80세,중상
2017102700100223,2017년 10월 27일 10시,금요일,충청남도 아산시 권곡동,경상사고,0,0,1,0,차대차 - 측면충돌,안전운전불이행,건조,맑음,교차로 - 교차로안,화물,남,43세,상해없음,이륜,여,55세,경상
2017102700100224,2017년 10월 27일 10시,금요일,충청남도 금산군 복수면,사망사고,1,1,0,0,차대차 - 기타,안전운전불이행,건조,맑음,단일로 - 기타,승용,남,80세,사망,승용,남,69세,기타불명
2017102700100225,2017년 10월 27일 10시,금요일,충청남도 청양군 청양읍,중상사고,0,1,0,0,차대차 - 측면충돌,직진우회전진행방해,건조,맑음,교차로 - 교차로안,승용,여,46세,상해없음,이륜,남,82세,중상
2017102700100226,2017년 10월 27일 10시,금요일,충청남도 천안시 동남구 삼룡동,경상사고,0,0,1,0,차대차 - 추돌,안전운전불이행,건조,맑음,단일로 - 기타,화물,남,49세,상해없음,승용,남,67세,경상
2017102700100270,2017년 10월 27일 11시,금요일,충청남도 예산군 봉산면,경상사고,0,0,2,0,차대차 - 정면충돌,중앙선침범,건조,맑음,단일로 - 기타,승용,여,59세,경상,화물,남,70세,경상
2017102700100271,2017년 10월 27일 11시,금요일,충청남도 천안시 동남구 다가동,중상사고,0,1,0,0,차대차 - 측면충돌,안전운전불이행,건조,맑음,주차장 - 주차장,승용,남,43세,상해없음,자전거,남,70세,중상
2017102700100299,2017년 10월 27일 12시,금요일,충청남도 태안군 원북면,중상사고,0,1,0,0,차대차 - 측면충돌,안전운전불이행,건조,맑음,단일로 - 기타,건설기계,남,71세,상해없음,승용,남,39세,중상
2017102700100300,2017년 10월 27일 12시,금요일,충청남도 예산군 예산읍,경상사고,0,0,1,0,차대사람 - 횡단중,안전운전불이행,건조,맑음,교차로 - 교차로안,승용,여,46세,상해없음,보행자,남,44세,경상
2017102700100373,2017년 10월 27일 14시,금요일,충청남도 금산군 금산읍,중상사고,0,1,0,0,차대차 - 측면충돌,직진우회전진행방해,건조,맑음,교차로 - 교차로안,화물,남,52세,상해없음,이륜,남,62세,중상
2017102700100411,2017년 10월 27일 15시,금요일,충청남도 천안시 동남구 신방동,중상사고,0,1,0,0,차대사람 - 기타,안전운전불이행,건조,맑음,교차로 - 교차로안,승용,여,40세,상해없음,보행자,여,8세,중상
2017102700100453,2017년 10월 27일 16시,금요일,충청남도 예산군 삽교읍,경상사고,0,0,1,0,차대차 - 측면충돌,교차로운행방법위반,건조,맑음,교차로 - 교차로안,이륜,남,75세,경상,승용,남,67세,상해없음
2017102700100496,2017년 10월 27일 17시,금요일,충청남도 논산시 광석면,중상사고,0,2,0,0,차대차 - 측면충돌,신호위반,건조,맑음,교차로 - 교차로안,승용,남,79세,상해없음,승용,여,51세,중상
2017102700100554,2017년 10월 27일 18시,금요일,충청남도 천안시 서북구 성성동,경상사고,0,0,1,0,차대차 - 기타,중앙선침범,건조,맑음,단일로 - 기타,승용,남,37세,상해없음,승용,남,40세,경상
2017102700100555,2017년 10월 27일 18시,금요일,충청남도 홍성군 홍성읍,중상사고,0,1,0,0,차대사람 - 횡단중,안전운전불이행,건조,맑음,단일로 - 기타,승용,남,65세,상해없음,보행자,남,62세,중상
2017102700100556,2017년 10월 27일 18시,금요일,충청남도 아산시 온천동,경상사고,0,0,2,0,차대차 - 기타,안전운전불이행,건조,맑음,교차로 - 교차로안,승용,남,20세,상해없음,승용,남,29세,경상
2017102700100557,2017년 10월 27일 18시,금요일,충청남도 서천군 기산면,경상사고,0,0,1,0,차대차 - 추돌,안전운전불이행,건조,맑음,단일로 - 기타,화물,남,37세,상해없음,승용,여,57세,경상
2017102700100558,2017년 10월 27일 18시,금요일,충청남도 당진시 읍내리,중상사고,0,1,0,0,차대차 - 기타,중앙선침범,건조,맑음,단일로 - 기타,승용,남,52세,상해없음,이륜,남,20세,중상
2017102700100559,2017년 10월 27일 18시,금요일,충청남도 금산군 추부면,경상사고,0,0,3,0,차대차 - 측면충돌,안전운전불이행,건조,맑음,단일로 - 기타,승용,남,50세,경상,승용,남,47세,경상
2017102700100560,2017년 10월 27일 18시,금요일,충청남도 천안시 동남구 목천읍,중상사고,0,1,2,0,차대차 - 추돌,안전운전불이행,건조,맑음,단일로 - 기타,승용,남,43세,상해없음,승용,남,74세,경상