사고번호,사고일시,요일,시군구,사고내용,사망자수,중상자수,경상자수,부상신고자수,사고유형,법규위반,노면상태,기상상태,도로형태,가해운전자 차종,가해운전자 성별,가해운전자 연령,가해운전자 상해정도,피해운전자 차종,피해운전자 성별,피해운전자 연령,피해운전자 상해정도
2017102700100685,2017년 10월 27일 20시,금요일,충청남도 천안시 서북구 불당동,중상사고,0,1,0,0,차대사람 - 기타,보행자보호의무위반,건조,맑음,교차로 - 교차로횡단보도내,승용,남,37세,상해없음,보행자,여,56세,중상
2017102700100686,2017년 10월 27일 20시,금요일,충청남도 천안시 서북구 두정동,경상사고,0,0,1,0,차대차 - 측면충돌,교차로운행방법위반,건조,맑음,교차로 - 교차로안,승용,여,48세,상해없음,승용,남,58세,경상
2017102700100719,2017년 10월 27일 21시,금요일,충청남도 천안시 서북구 두정동,경상사고,0,0,1,0,차대차 - 기타,안전운전불이행,건조,맑음,단일로 - 기타,승용,남,26세,경상,승용,남,49세,상해없음
2017102700100760,2017년 10월 27일 22시,금요일,충청남도 태안군 안면읍,중상사고,0,1,0,1,차대차 - 측면충돌,안전운전불이행,젖음/습기,흐림,교차로 - 교차로부근,승용,남,70세,부상신고,화물,남,70세,기타불명
2017102700100761,2017년 10월 27일 22시,금요일,충청남도 천안시 동남구 봉명동,중상사고,0,1,5,0,차대차 - 정면충돌,중앙선침범,건조,맑음,교차로 - 교차로부근,승용,남,43세,상해없음,승용,남,56세,중상
2017102700100793,2017년 10월 27일 23시,금요일,충청남도 천안시 서북구 두정동,경상사고,0,0,4,0,차대차 - 기타,안전운전불이행,건조,맑음,단일로 - 기타,승용,여,26세,경상,화물,남,50세,경상
2017102800100030,2017년 10월 28일 00시,토요일,충청남도 천안시 서북구 성정동,경상사고,0,0,1,0,차대차 - 기타,안전운전불이행,건조,맑음,단일로 - 기타,승용,남,37세,기타불명,승합,남,39세,경상
2017102800100104,2017년 10월 28일 05시,토요일,충청남도 홍성군 홍성읍,사망사고,1,0,0,0,차대사람 - 차도통행중,안전운전불이행,건조,맑음,교차로 - 교차로안,승합,남,37세,상해없음,보행자,여,72세,사망
2017102800100142,2017년 10월 28일 07시,토요일,충청남도 논산시 관촉동,중상사고,0,1,0,0,차대차 - 측면충돌,안전운전불이행,건조,맑음,단일로 - 기타,승용,남,34세,상해없음,이륜,남,50세,중상
2017102800100143,2017년 10월 28일 07시,토요일,충청남도 부여군 홍산면,중상사고,0,1,0,0,차대차 - 측면충돌,교차로운행방법위반,건조,흐림,교차로 - 교차로안,이륜,남,82세,중상,화물,남,37세,상해없음
2017102800100144,2017년 10월 28일 07시,토요일,충청남도 천안시 동남구 신부동,경상사고,0,0,1,0,차대차 - 측면충돌,안전운전불이행,건조,맑음,단일로 - 기타,승용,남,57세,상해없음,승용,남,38세,경상
2017102800100163,2017년 10월 28일 08시,토요일,충청남도 보령시 대천동,경상사고,0,0,2,0,차대차 - 측면충돌,안전운전불이행,건조,맑음,단일로 - 기타,승용,여,37세,상해없음,자전거,남,62세,경상
2017102800100164,2017년 10월 28일 08시,토요일,충청남도 예산군 응봉면,경상사고,0,0,1,0,차대차 - 정면충돌,중앙선침범,건조,맑음,단일로 - 기타,승용,남,58세,상해없음,이륜,남,82세,경상
2017102800100195,2017년 10월 28일 09시,토요일,충청남도 태안군 태안읍,중상사고,0,1,0,0,차대사람 - 횡단중,안전운전불이행,건조,맑음,단일로 - 기타,화물,여,61세,상해없음,보행자,여,76세,중상
2017102800100196,2017년 10월 28일 09시,토요일,충청남도 보령시 신흑동,중상사고,0,1,0,0,차대차 - 측면충돌,안전운전불이행,건조,맑음,교차로 - 교차로안,승용,남,27세,상해없음,승합,남,46세,중상
2017102800100235,2017년 10월 28일 10시,토요일,충청남도 공주시 우성면,경상사고,0,0,4,0,차대차 - 측면충돌,안전운전불이행,건조,맑음,교차로 - 교차로부근,승용,여,53세,경상,승용,남,59세,경상
2017102800100278,2017년 10월 28일 11시,토요일,충청남도 아산시 송악면,사망사고,1,0,0,0,차량단독 - 기타,안전운전불이행,건조,맑음,단일로 - 기타,이륜,남,75세,사망,,,,
2017102800100279,2017년 10월 28일 11시,토요일,충청남도 보령시 동대동,경상사고,0,0,1,0,차대차 - 측면충돌,신호위반,건조,맑음,교차로 - 교차로안,승용,남,38세,상해없음,승용,여,35세,경상
2017102800100323,2017년 10월 28일 12시,토요일,충청남도 서산시 석림동,중상사고,0,1,0,0,차대차 - 추돌,안전거리미확보,건조,맑음,교차로 - 교차로부근,건설기계,남,50세,상해없음,화물,남,61세,중상
2017102800100357,2017년 10월 28일 13시,토요일,충청남도 태안군 태안읍,중상사고,0,1,0,0,차대차 - 기타,신호위반,건조,맑음,교차로 - 교차로안,화물,여,78세,상해없음,승용,남,68세,중상
2017102800100358,2017년 10월 28일 13시,토요일,충청남도 서천군 한산면,중상사고,0,1,5,0,차대차 - 측면충돌,안전운전불이행,건조,맑음,교차로 - 교차로안,화물,남,77세,상해없음,승용,여,56세,경상
2017102800100359,2017년 10월 28일 13시,토요일,충청남도 부여군 부여읍,중상사고,0,1,0,0,차대차 - 측면충돌,직진우회전진행방해,건조,맑음,교차로 - 교차로안,승용,남,57세,상해없음,이륜,남,63세,중상
2017102800100396,2017년 10월 28일 14시,토요일,충청남도 공주시 의당면,중상사고,0,1,0,0,차량단독 - 기타,기타,건조,맑음,주차장 - 주차장,승용,남,69세,중상,,,,
2017102800100397,2017년 10월 28일 14시,토요일,충청남도 천안시 동남구 안서동,중상사고,0,1,0,0,차대사람 - 기타,안전운전불이행,건조,맑음,기타 - 기타,승용,남,56세,상해없음,보행자,여,77세,중상
2017102800100455,2017년 10월 28일 15시,토요일,충청남도 보령시 대천동,중상사고,0,1,0,0,차대사람 - 횡단중,보행자보호의무위반,건조,맑음,단일로 - 기타,화물,남,33세,상해없음,보행자,여,62세,중상
2017102800100457,2017년 10월 28일 15시,토요일,충청남도 공주시 우성면,경상사고,0,0,2,0,차대차 - 추돌,안전운전불이행,건조,맑음,단일로 - 기타,승용,남,43세,상해없음,승용,남,27세,경상
2017102800100500,2017년 10월 28일 16시,토요일,충청남도 논산시 연산면,중상사고,0,1,0,0,차대차 - 측면충돌,교차로운행방법위반,건조,맑음,교차로 - 교차로부근,화물,남,59세,상해없음,이륜,남,89세,중상
2017102800100501,2017년 10월 28일 16시,토요일,충청남도 천안시 동남구 신부동,중상사고,0,1,0,0,차대차 - 기타,안전운전불이행,건조,맑음,단일로 - 기타,화물,남,57세,상해없음,화물,남,48세,중상
2017102800100544,2017년 10월 28일 17시,토요일,충청남도 부여군 은산면,경상사고,0,0,1,0,차대차 - 측면충돌,안전운전불이행,건조,맑음,단일로 - 기타,승용,남,53세,상해없음,이륜,남,48세,경상
2017102800100545,2017년 10월 28일 17시,토요일,충청남도 천안시 동남구 병천면,경상사고,0,0,1,0,차대사람 - 기타,안전운전불이행,건조,맑음,단일로 - 기타,승용,남,37세,상해없음,보행자,여,75세,경상
2017102800100600,2017년 10월 28일 18시,토요일,충청남도 홍성군 홍성읍,경상사고,0,0,2,0,차대차 - 측면충돌,안전운전불이행,건조,맑음,단일로 - 기타,승용,남,68세,상해없음,승용,여,39세,경상
2017102800100601,2017년 10월 28일 18시,토요일,충청남도 아산시 모종동,경상사고,0,0,1,0,차대사람 - 기타,안전운전불이행,건조,맑음,교차로 - 교차로안,화물,남,47세,상해없음,보행자,여,62세,경상
2017102800100602,2017년 10월 28일 18시,토요일,충청남도 당진시 원당리,중상사고,0,3,0,0,차대차 - 추돌,안전운전불이행,건조,맑음,교차로 - 교차로부근,화물,남,47세,상해없음,승용,남,41세,중상
2017102800100662,2017년 10월 28일 19시,토요일,충청남도 공주시 정안면,경상사고,0,0,1,0,차대차 - 추돌,안전운전불이행,건조,맑음,교차로 - 교차로부근,승용,여,52세,상해없음,화물,남,43세,경상
2017102800100664,2017년 10월 28일 19시,토요일,충청남도 금산군 군북면,경상사고,0,0,1,0,차대차 - 추돌,안전운전불이행,건조,맑음,단일로 - 기타,화물,남,50세,경상,승용,여,46세,기타불명
2017102800100707,2017년 10월 28일 20시,토요일,충청남도 아산시 탕정면,중상사고,0,1,0,0,차대차 - 정면충돌,중앙선침범,건조,맑음,단일로 - 기타,화물,남,69세,상해없음,이륜,남,42세,중상
2017102800100708,2017년 10월 28일 20시,토요일,충청남도 천안시 동남구 문화동,중상사고,0,1,0,0,차대사람 - 길가장자리구역통행중,안전운전불이행,건조,맑음,단일로 - 기타,승용,여,35세,상해없음,보행자,남,39세,중상
2017102800100709,2017년 10월 28일 20시,토요일,충청남도 천안시 동남구 신방동,경상사고,0,0,1,0,차대사람 - 횡단중,보행자보호의무위반,건조,맑음,단일로 - 기타,이륜,남,16세,상해없음,보행자,남,45세,경상
2017102800100764,2017년 10월 28일 22시,토요일,충청남도 공주시 신관동,중상사고,0,1,1,0,차대차 - 추돌,안전운전불이행,건조,맑음,단일로 - 교량,승용,남,31세,상해없음,이륜,남,36세,중상
2017102800100765,2017년 10월 28일 22시,토요일,충청남도 당진시 수청리,경상사고,0,0,4,0,차대차 - 정면충돌,신호위반,건조,맑음,단일로 - 기타,승용,남,33세,상해없음,승용,남,45세,경상
2017102800100782,2017년 10월 28일 23시,토요일,충청남도 아산시 염치읍,중상사고,0,1,0,0,차량단독 - 공작물충돌,안전운전불이행,건조,맑음,단일로 - 기타,승용,남,26세,중상,,,,
2017102900100045,2017년 10월 29일 01시,일요일,충청남도 천안시 서북구 성성동,경상사고,0,0,2,0,차량단독 - 공작물충돌,안전운전불이행,건조,맑음,단일로 - 기타,승용,남,25세,상해없음,,,,
2017102900100081,2017년 10월 29일 04시,일요일,충청남도 천안시 서북구 백석동,경상사고,0,0,3,0,차대차 - 추돌,안전거리미확보,건조,맑음,교차로 - 교차로부근,승용,남,37세,상해없음,승용,남,44세,경상
2017102900100089,2017년 10월 29일 05시,일요일,충청남도 아산시 음봉면,경상사고,0,0,1,0,차대차 - 추돌,안전운전불이행,건조,맑음,단일로 - 기타,승용,남,36세,상해없음,승용,남,34세,경상
2017102900100136,2017년 10월 29일 09시,일요일,충청남도 청양군 청남면,경상사고,0,0,1,0,차량단독 - 공작물충돌,안전운전불이행,건조,맑음,단일로 - 기타,사륜오토바이(ATV),여,76세,경상,,,,
2017102900100155,2017년 10월 29일 10시,일요일,충청남도 공주시 신관동,경상사고,0,0,6,1,차대차 - 측면충돌,신호위반,건조,맑음,교차로 - 교차로안,승합,남,52세,상해없음,승용,남,57세,상해없음
2017102900100201,2017년 10월 29일 12시,일요일,충청남도 서산시 동문동,경상사고,0,0,1,0,차대차 - 측면충돌,안전운전불이행,건조,맑음,교차로 - 교차로안,이륜,남,42세,상해없음,자전거,남,18세,경상
2017102900100202,2017년 10월 29일 12시,일요일,충청남도 서산시 수석동,경상사고,0,0,1,2,차대차 - 측면충돌,중앙선침범,건조,맑음,단일로 - 기타,승용,남,62세,상해없음,화물,남,36세,경상
2017102900100203,2017년 10월 29일 12시,일요일,충청남도 홍성군 광천읍,중상사고,0,1,0,0,차대차 - 측면충돌,중앙선침범,건조,맑음,단일로 - 기타,승용,남,79세,상해없음,승용,남,70세,상해없음
2017102900100230,2017년 10월 29일 13시,일요일,충청남도 부여군 홍산면,경상사고,0,0,1,0,차대차 - 측면충돌,중앙선침범,건조,맑음,교차로 - 교차로부근,이륜,남,82세,경상,화물,남,45세,상해없음
2017102900100258,2017년 10월 29일 14시,일요일,충청남도 공주시 우성면,경상사고,0,0,4,0,차대차 - 추돌,안전운전불이행,건조,맑음,단일로 - 기타,승용,남,49세,상해없음,승용,남,46세,경상
2017102900100292,2017년 10월 29일 15시,일요일,충청남도 보령시 주교면,경상사고,0,0,1,0,차대차 - 측면충돌,중앙선침범,건조,맑음,단일로 - 기타,화물,남,47세,상해없음,화물,남,33세,경상
2017102900100293,2017년 10월 29일 15시,일요일,충청남도 예산군 삽교읍,경상사고,0,0,1,0,차대차 - 측면충돌,안전운전불이행,건조,맑음,단일로 - 기타,자전거,남,80세,경상,화물,남,41세,상해없음
2017102900100327,2017년 10월 29일 16시,일요일,충청남도 아산시 방축동,중상사고,0,1,0,0,차대차 - 기타,안전운전불이행,건조,맑음,교차로 - 교차로안,승용,남,37세,상해없음,이륜,남,17세,중상
2017102900100328,2017년 10월 29일 16시,일요일,충청남도 예산군 예산읍,중상사고,0,2,2,1,차대차 - 측면충돌,직진우회전진행방해,건조,맑음,교차로 - 교차로안,승용,여,41세,경상,승용,여,53세,부상신고
2017102900100366,2017년 10월 29일 17시,일요일,충청남도 천안시 서북구 두정동,경상사고,0,0,1,0,차대차 - 측면충돌,안전운전불이행,건조,맑음,단일로 - 기타,자전거,남,25세,경상,승용,남,24세,상해없음
2017102900100412,2017년 10월 29일 18시,일요일,충청남도 천안시 서북구 백석동,경상사고,0,0,5,0,차대차 - 추돌,안전운전불이행,건조,맑음,교차로 - 교차로부근,승용,남,59세,상해없음,승용,남,34세,경상
2017102900100413,2017년 10월 29일 18시,일요일,충청남도 천안시 서북구 성정동,중상사고,0,1,1,0,차대차 - 측면충돌,과속,건조,맑음,단일로 - 기타,이륜,남,21세,중상,승용,여,29세,상해없음
2017102900100414,2017년 10월 29일 18시,일요일,충청남도 논산시 가야곡면,중상사고,0,1,0,0,차대사람 - 길가장자리구역통행중,안전운전불이행,건조,맑음,단일로 - 기타,기타불명,기타불명,미분류,기타불명,보행자,여,65세,중상
2017102900100486,2017년 10월 29일 20시,일요일,충청남도 홍성군 광천읍,경상사고,0,0,4,0,차대차 - 측면충돌,직진우회전진행방해,건조,맑음,교차로 - 교차로안,화물,남,45세,상해없음,승용,여,60세,경상
2017102900100487,2017년 10월 29일 20시,일요일,충청남도 예산군 오가면,중상사고,0,1,0,0,차대사람 - 차도통행중,안전운전불이행,건조,맑음,교차로 - 교차로부근,승용,남,36세,상해없음,보행자,여,74세,중상
2017102900100512,2017년 10월 29일 21시,일요일,충청남도 천안시 서북구 직산읍,부상신고사고,0,0,0,1,차대차 - 추돌,안전운전불이행,건조,맑음,단일로 - 기타,이륜,남,21세,부상신고,승용,남,26세,상해없음
2017102900100513,2017년 10월 29일 21시,일요일,충청남도 공주시 신기동,경상사고,0,0,1,0,차대차 - 추돌,안전운전불이행,건조,기타,단일로 - 기타,승용,남,50세,기타불명,화물,남,68세,경상
2017102900100532,2017년 10월 29일 22시,일요일,충청남도 서산시 성연면,경상사고,0,0,3,0,차대차 - 측면충돌,안전운전불이행,건조,맑음,교차로 - 교차로안,승용,남,41세,상해없음,승용,남,31세,경상
2017102900100554,2017년 10월 29일 23시,일요일,충청남도 천안시 서북구 불당동,경상사고,0,0,1,0,차대차 - 기타,신호위반,건조,맑음,교차로 - 교차로안,승용,여,40세,상해없음,승용,남,23세,경상
2017103000100071,2017년 10월 30일 05시,월요일,충청남도 아산시 음봉면,경상사고,0,0,1,0,차대차 - 추돌,안전운전불이행,건조,맑음,단일로 - 기타,화물,남,52세,상해없음,승용,남,36세,경상
2017103000100072,2017년 10월 30일 05시,월요일,충청남도 당진시 석문면,경상사고,0,0,2,0,차대차 - 기타,안전거리미확보,건조,맑음,단일로 - 기타,승용,남,37세,경상,화물,남,62세,상해없음
2017103000100093,2017년 10월 30일 06시,월요일,충청남도 서산시 대산읍,사망사고,1,0,0,0,차대사람 - 횡단중,안전운전불이행,건조,맑음,교차로 - 교차로부근,승용,남,58세,상해없음,보행자,여,85세,사망
2017103000100167,2017년 10월 30일 08시,월요일,충청남도 천안시 서북구 성정동,경상사고,0,0,2,0,차대차 - 측면충돌,교차로운행방법위반,건조,맑음,교차로 - 교차로안,승용,남,53세,상해없음,승용,남,45세,경상
2017103000100168,2017년 10월 30일 08시,월요일,충청남도 아산시 장존동,경상사고,0,0,2,0,차대차 - 측면충돌,안전운전불이행,건조,맑음,교차로 - 교차로안,승용,여,57세,경상,승용,남,36세,경상
2017103000100170,2017년 10월 30일 08시,월요일,충청남도 천안시 동남구 봉명동,중상사고,0,2,0,0,차대사람 - 횡단중,보행자보호의무위반,건조,맑음,교차로 - 교차로부근,승용,남,59세,상해없음,보행자,남,72세,중상
2017103000100241,2017년 10월 30일 10시,월요일,충청남도 천안시 서북구 쌍용동,경상사고,0,0,1,0,차량단독 - 기타,안전운전불이행,건조,맑음,단일로 - 기타,승합,남,42세,상해없음,,,,
2017103000100242,2017년 10월 30일 10시,월요일,충청남도 당진시 원당리,경상사고,0,0,1,0,차대사람 - 기타,안전운전불이행,건조,맑음,단일로 - 기타,화물,남,53세,상해없음,보행자,남,19세,경상
2017103000100314,2017년 10월 30일 12시,월요일,충청남도 당진시 채운동,중상사고,0,2,0,0,차대차 - 측면충돌,안전운전불이행,건조,맑음,단일로 - 기타,승용,남,46세,상해없음,이륜,남,15세,중상
2017103000100315,2017년 10월 30일 12시,월요일,충청남도 당진시 대덕리,경상사고,0,0,1,0,차대차 - 측면충돌,중앙선침범,건조,맑음,교차로 - 교차로부근,승용,남,55세,상해없음,승용,남,57세,경상
2017103000100342,2017년 10월 30일 13시,월요일,충청남도 홍성군 광천읍,경상사고,0,0,1,0,차대차 - 측면충돌,안전운전불이행,건조,맑음,교차로 - 교차로부근,화물,남,62세,상해없음,승용,남,76세,상해없음
2017103000100343,2017년 10월 30일 13시,월요일,충청남도 보령시 남포면,경상사고,0,0,1,0,차대차 - 측면충돌,직진우회전진행방해,건조,맑음,교차로 - 교차로안,승용,남,73세,상해없음,원동기,남,63세,경상
2017103000100393,2017년 10월 30일 14시,월요일,충청남도 천안시 서북구 성정동,중상사고,0,1,0,0,차대차 - 기타,차로위반,건조,맑음,교차로 - 교차로부근,승용,남,49세,상해없음,이륜,남,20세,중상
2017103000100394,2017년 10월 30일 14시,월요일,충청남도 천안시 동남구 원성동,경상사고,0,0,3,0,차대차 - 측면충돌,교차로운행방법위반,건조,맑음,교차로 - 교차로부근,승용,여,55세,상해없음,승용,남,50세,경상
2017103000100427,2017년 10월 30일 15시,월요일,충청남도 천안시 동남구 삼룡동,경상사고,0,0,2,0,차대차 - 측면충돌,안전거리미확보,건조,맑음,단일로 - 기타,건설기계,남,40세,상해없음,승용,여,44세,경상
2017103000100477,2017년 10월 30일 16시,월요일,충청남도 아산시 실옥동,중상사고,0,1,2,0,차대차 - 기타,신호위반,건조,맑음,교차로 - 교차로안,승용,남,75세,상해없음,승합,남,57세,중상
2017103000100478,2017년 10월 30일 16시,월요일,충청남도 예산군 예산읍,경상사고,0,0,1,0,차대차 - 기타,직진우회전진행방해,건조,맑음,교차로 - 교차로안,승용,남,58세,상해없음,승용,여,62세,경상
2017103000100479,2017년 10월 30일 16시,월요일,충청남도 당진시 읍내리,중상사고,0,1,0,0,차대사람 - 보도통행중,보행자보호의무위반,건조,맑음,교차로 - 교차로횡단보도내,승용,남,64세,상해없음,보행자,여,69세,중상
2017103000100586,2017년 10월 30일 18시,월요일,충청남도 서산시 해미면,중상사고,0,2,1,0,차대차 - 측면충돌,불법유턴,건조,맑음,교차로 - 교차로부근,승용,남,65세,상해없음,화물,남,21세,중상
2017103000100587,2017년 10월 30일 18시,월요일,충청남도 논산시 연산면,사망사고,1,0,0,0,차대사람 - 횡단중,안전운전불이행,건조,맑음,단일로 - 기타,승용,남,77세,상해없음,보행자,남,90세 이상,사망
2017103000100692,2017년 10월 30일 20시,월요일,충청남도 태안군 태안읍,중상사고,0,2,0,0,차대차 - 측면충돌,안전거리미확보,건조,맑음,단일로 - 기타,승용,남,69세,상해없음,특수,남,43세,중상
2017103000100693,2017년 10월 30일 20시,월요일,충청남도 천안시 서북구 업성동,중상사고,0,1,1,0,차대차 - 기타,신호위반,건조,맑음,교차로 - 교차로안,화물,남,38세,경상,승합,남,49세,중상
2017103000100694,2017년 10월 30일 20시,월요일,충청남도 공주시 반포면,경상사고,0,0,2,0,차대차 - 추돌,안전운전불이행,건조,맑음,단일로 - 기타,승용,남,41세,경상,건설기계,남,45세,경상
2017103000100739,2017년 10월 30일 22시,월요일,충청남도 예산군 덕산면,중상사고,0,1,0,0,차대사람 - 차도통행중,안전운전불이행,건조,맑음,교차로 - 교차로안,승용,여,44세,상해없음,보행자,여,54세,중상
2017103100100038,2017년 10월 31일 01시,화요일,충청남도 천안시 서북구 성정동,경상사고,0,0,1,0,차대차 - 기타,안전운전불이행,건조,맑음,단일로 - 기타,승용,남,32세,상해없음,승용,남,27세,경상
2017103100100039,2017년 10월 31일 01시,화요일,충청남도 천안시 동남구 신부동,경상사고,0,0,1,0,차대차 - 측면충돌,중앙선침범,건조,맑음,단일로 - 기타,기타불명,기타불명,미분류,기타불명,승용,남,25세,경상
2017103100100059,2017년 10월 31일 05시,화요일,충청남도 천안시 동남구 북면,중상사고,0,1,0,0,차대사람 - 횡단중,보행자보호의무위반,건조,맑음,단일로 - 기타,승용,여,40세,상해없음,보행자,여,82세,중상
2017103100100074,2017년 10월 31일 06시,화요일,충청남도 태안군 태안읍,중상사고,0,1,0,0,차대차 - 추돌,안전운전불이행,건조,맑음,단일로 - 기타,화물,남,60세,중상,건설기계,남,47세,상해없음
2017103100100092,2017년 10월 31일 07시,화요일,충청남도 태안군 안면읍,경상사고,0,0,1,0,차대차 - 측면충돌,직진우회전진행방해,건조,맑음,교차로 - 교차로안,승용,남,76세,상해없음,승용,남,52세,경상
2017103100100093,2017년 10월 31일 07시,화요일,충청남도 아산시 온천동,사망사고,1,0,0,0,차대사람 - 횡단중,보행자보호의무위반,건조,맑음,교차로 - 교차로횡단보도내,화물,남,75세,상해없음,보행자,여,62세,사망
2017103100100147,2017년 10월 31일 08시,화요일,충청남도 서천군 문산면,중상사고,0,1,0,0,차대차 - 측면충돌,안전운전불이행,건조,맑음,교차로 - 교차로안,승용,여,63세,중상,승합,남,63세,상해없음
2017103100100148,2017년 10월 31일 08시,화요일,충청남도 보령시 대천동,중상사고,0,1,0,0,차대차 - 기타,안전운전불이행,건조,맑음,교차로 - 교차로안,화물,남,68세,상해없음,자전거,남,76세,중상
2017103100100149,2017년 10월 31일 08시,화요일,충청남도 당진시 석문면,경상사고,0,0,1,0,차대차 - 기타,직진우회전진행방해,건조,맑음,교차로 - 교차로안,승용,남,75세,상해없음,승용,남,21세,경상
2017103100100203,2017년 10월 31일 09시,화요일,충청남도 천안시 서북구 쌍용동,경상사고,0,0,1,0,차대차 - 측면충돌,안전운전불이행,건조,맑음,단일로 - 기타,승합,여,37세,상해없음,승용,여,45세,경상
2017103100100204,2017년 10월 31일 09시,화요일,충청남도 당진시 읍내리,중상사고,0,1,0,0,차대사람 - 횡단중,보행자보호의무위반,건조,맑음,교차로 - 교차로횡단보도내,승용,남,73세,상해없음,보행자,남,86세,중상
2017103100100205,2017년 10월 31일 09시,화요일,충청남도 천안시 동남구 신부동,경상사고,0,0,1,0,차대차 - 추돌,안전운전불이행,건조,맑음,단일로 - 기타,승용,남,38세,상해없음,승용,남,72세,경상
2017103100100238,2017년 10월 31일 10시,화요일,충청남도 아산시 도고면,중상사고,0,1,0,0,차대차 - 추돌,안전운전불이행,건조,맑음,교차로 - 교차로부근,승용,여,31세,상해없음,승용,남,31세,중상
2017103100100341,2017년 10월 31일 13시,화요일,충청남도 서산시 동문동,경상사고,0,0,1,0,차대사람 - 보도통행중,보행자보호의무위반,건조,맑음,교차로 - 교차로안,승용,여,42세,기타불명,보행자,남,84세,경상
2017103100100342,2017년 10월 31일 13시,화요일,충청남도 서천군 문산면,중상사고,0,1,0,1,차대차 - 측면충돌,직진우회전진행방해,건조,맑음,교차로 - 교차로안,화물,남,69세,부상신고,승용,남,65세,중상
2017103100100343,2017년 10월 31일 13시,화요일,충청남도 천안시 동남구 안서동,경상사고,0,0,1,0,차대사람 - 길가장자리구역통행중,안전운전불이행,건조,맑음,단일로 - 기타,승용,여,54세,기타불명,보행자,여,20세,경상
2017103100100389,2017년 10월 31일 14시,화요일,충청남도 서산시 대산읍,경상사고,0,0,1,0,차대차 - 측면충돌,안전거리미확보,건조,맑음,단일로 - 기타,특수,남,54세,상해없음,승용,여,46세,상해없음
2017103100100390,2017년 10월 31일 14시,화요일,충청남도 천안시 서북구 입장면,중상사고,0,1,0,0,차대차 - 측면충돌,안전거리미확보,건조,맑음,단일로 - 교량,이륜,남,71세,중상,승용,여,41세,상해없음
2017103100100391,2017년 10월 31일 14시,화요일,충청남도 홍성군 구항면,중상사고,0,4,0,0,차대차 - 측면충돌,신호위반,건조,맑음,교차로 - 교차로안,승용,남,66세,상해없음,승용,남,80세,중상
2017103100100431,2017년 10월 31일 15시,화요일,충청남도 천안시 서북구 와촌동,경상사고,0,0,1,0,차대차 - 기타,교차로운행방법위반,건조,맑음,교차로 - 교차로부근,승용,남,31세,상해없음,승용,여,29세,상해없음
2017103100100432,2017년 10월 31일 15시,화요일,충청남도 부여군 장암면,사망사고,1,0,0,0,차대사람 - 기타,안전운전불이행,건조,맑음,단일로 - 기타,건설기계,남,60세,상해없음,보행자,남,71세,사망
2017103100100433,2017년 10월 31일 15시,화요일,충청남도 부여군 부여읍,경상사고,0,0,1,0,차대차 - 측면충돌,안전운전불이행,건조,맑음,교차로 - 교차로안,승용,여,42세,상해없음,승용,남,47세,경상
2017103100100434,2017년 10월 31일 15시,화요일,충청남도 금산군 금산읍,중상사고,0,1,0,0,차대차 - 측면충돌,중앙선침범,건조,맑음,교차로 - 교차로부근,이륜,남,75세,중상,승합,남,79세,상해없음
2017103100100477,2017년 10월 31일 16시,화요일,충청남도 아산시 배방읍,경상사고,0,0,1,0,차대사람 - 기타,보행자보호의무위반,건조,맑음,교차로 - 교차로안,승합,남,54세,상해없음,보행자,여,10세,경상
2017103100100478,2017년 10월 31일 16시,화요일,충청남도 아산시 배방읍,경상사고,0,0,1,0,차대차 - 측면충돌,차로위반,건조,맑음,단일로 - 기타,승용,남,59세,상해없음,승용,남,40세,경상
2017103100100529,2017년 10월 31일 17시,화요일,충청남도 태안군 태안읍,경상사고,0,0,1,0,차대차 - 측면충돌,직진우회전진행방해,건조,맑음,교차로 - 교차로안,승용,남,68세,상해없음,화물,남,79세,경상
2017103100100574,2017년 10월 31일 18시,화요일,충청남도 부여군 부여읍,중상사고,0,1,0,0,차대차 - 측면충돌,안전운전불이행,건조,맑음,단일로 - 기타,승용,여,49세,상해없음,이륜,남,15세,중상
2017103100100669,2017년 10월 31일 20시,화요일,충청남도 천안시 서북구 성환읍,중상사고,0,1,0,0,차대차 - 기타,중앙선침범,건조,맑음,교차로 - 교차로부근,승용,남,38세,상해없음,승용,남,42세,중상
2017103100100699,2017년 10월 31일 21시,화요일,충청남도 천안시 서북구 백석동,경상사고,0,0,2,0,차대차 - 기타,교차로운행방법위반,건조,맑음,교차로 - 교차로안,승용,남,49세,상해없음,승용,여,49세,경상
2017103100100700,2017년 10월 31일 21시,화요일,충청남도 보령시 대천동,경상사고,0,0,2,0,차대차 - 측면충돌,안전운전불이행,건조,맑음,교차로 - 교차로안,승용,남,35세,상해없음,승용,남,74세,경상
2017103100100702,2017년 10월 31일 21시,화요일,충청남도 예산군 응봉면,중상사고,0,4,0,0,차대차 - 측면충돌,신호위반,건조,맑음,교차로 - 교차로안,승용,여,69세,중상,승용,남,41세,중상
2017103100100703,2017년 10월 31일 21시,화요일,충청남도 천안시 동남구 안서동,경상사고,0,0,3,0,차대차 - 기타,신호위반,건조,맑음,교차로 - 교차로부근,승용,여,36세,경상,승용,여,26세,상해없음