사고번호,사고일시,요일,시군구,사고내용,사망자수,중상자수,경상자수,부상신고자수,사고유형,법규위반,노면상태,기상상태,도로형태,가해운전자 차종,가해운전자 성별,가해운전자 연령,가해운전자 상해정도,피해운전자 차종,피해운전자 성별,피해운전자 연령,피해운전자 상해정도
2017110500100069,2017년 11월 5일 04시,일요일,충청남도 보령시 웅천읍,경상사고,0,0,1,0,차량단독 - 공작물충돌,안전운전불이행,건조,맑음,단일로 - 기타,승용,남,26세,경상,,,,
2017110500100098,2017년 11월 5일 07시,일요일,충청남도 당진시 수청리,중상사고,0,1,1,0,차대차 - 측면충돌,신호위반,건조,맑음,교차로 - 교차로안,승용,남,46세,상해없음,승용,남,33세,중상
2017110500100121,2017년 11월 5일 09시,일요일,충청남도 천안시 동남구 수신면,중상사고,0,1,0,0,차대차 - 측면충돌,직진우회전진행방해,건조,맑음,교차로 - 교차로안,승용,남,40세,상해없음,이륜,남,36세,중상
2017110500100198,2017년 11월 5일 12시,일요일,충청남도 태안군 태안읍,경상사고,0,0,1,0,차대차 - 측면충돌,신호위반,건조,맑음,교차로 - 교차로안,화물,남,63세,상해없음,이륜,여,75세,경상
2017110500100218,2017년 11월 5일 13시,일요일,충청남도 아산시 장존동,중상사고,0,1,1,0,차대차 - 기타,중앙선침범,건조,맑음,단일로 - 기타,승용,여,37세,상해없음,승용,여,54세,중상
2017110500100251,2017년 11월 5일 14시,일요일,충청남도 논산시 양촌면,중상사고,0,1,0,0,차대차 - 측면충돌,기타,건조,맑음,교차로 - 교차로안,화물,남,63세,상해없음,농기계,남,51세,중상
2017110500100346,2017년 11월 5일 17시,일요일,충청남도 태안군 안면읍,경상사고,0,0,1,0,차대차 - 기타,안전운전불이행,건조,맑음,단일로 - 기타,기타불명,기타불명,미분류,기타불명,화물,남,62세,상해없음
2017110500100347,2017년 11월 5일 17시,일요일,충청남도 서산시 읍내동,경상사고,0,0,1,0,차대차 - 측면충돌,직진우회전진행방해,건조,맑음,교차로 - 교차로안,승용,여,20세,상해없음,자전거,남,11세,경상
2017110500100348,2017년 11월 5일 17시,일요일,충청남도 공주시 우성면,중상사고,0,6,1,0,차대차 - 기타,안전운전불이행,건조,맑음,단일로 - 기타,승용,남,44세,중상,승용,남,28세,경상
2017110500100388,2017년 11월 5일 18시,일요일,충청남도 서천군 장항읍,경상사고,0,0,1,0,차대차 - 측면충돌,직진우회전진행방해,건조,맑음,교차로 - 교차로안,승용,남,65세,상해없음,이륜,남,65세,경상
2017110500100389,2017년 11월 5일 18시,일요일,충청남도 예산군 봉산면,경상사고,0,0,1,0,차대사람 - 길가장자리구역통행중,안전운전불이행,건조,맑음,단일로 - 기타,승용,여,59세,상해없음,보행자,남,79세,경상
2017110500100390,2017년 11월 5일 18시,일요일,충청남도 부여군 부여읍,중상사고,0,1,0,0,차대사람 - 기타,안전운전불이행,건조,맑음,단일로 - 기타,승용,여,50세,상해없음,보행자,남,53세,중상
2017110500100391,2017년 11월 5일 18시,일요일,충청남도 천안시 동남구 광덕면,중상사고,0,1,3,0,차대차 - 기타,안전운전불이행,건조,맑음,단일로 - 터널,승용,남,27세,경상,화물,남,57세,중상
2017110500100485,2017년 11월 5일 21시,일요일,충청남도 아산시 송악면,중상사고,0,1,2,0,차대차 - 기타,안전운전불이행,건조,맑음,단일로 - 기타,승용,남,34세,상해없음,승용,여,31세,상해없음
2017110500100486,2017년 11월 5일 21시,일요일,충청남도 천안시 동남구 안서동,경상사고,0,0,1,0,차대차 - 정면충돌,중앙선침범,건조,맑음,단일로 - 기타,승용,남,25세,상해없음,승용,여,61세,경상
2017110500100506,2017년 11월 5일 22시,일요일,충청남도 천안시 동남구 신부동,경상사고,0,0,1,0,차대사람 - 길가장자리구역통행중,보행자보호의무위반,건조,맑음,단일로 - 기타,승용,남,19세,상해없음,보행자,남,19세,경상
2017110600100028,2017년 11월 6일 00시,월요일,충청남도 당진시 원당리,중상사고,0,1,0,0,차대차 - 측면충돌,중앙선침범,건조,맑음,단일로 - 기타,승용,남,32세,상해없음,승용,여,52세,중상
2017110600100029,2017년 11월 6일 00시,월요일,충청남도 천안시 동남구 구성동,중상사고,0,1,1,0,차대차 - 측면충돌,안전운전불이행,건조,맑음,단일로 - 기타,승용,남,29세,상해없음,승용,남,62세,경상
2017110600100044,2017년 11월 6일 02시,월요일,충청남도 아산시 권곡동,사망사고,1,0,0,0,차량단독 - 공작물충돌,안전운전불이행,건조,맑음,교차로 - 교차로안,승용,남,43세,사망,,,,
2017110600100092,2017년 11월 6일 07시,월요일,충청남도 서천군 종천면,경상사고,0,0,2,0,차량단독 - 기타,안전운전불이행,건조,맑음,단일로 - 기타,승용,여,57세,경상,,,,
2017110600100093,2017년 11월 6일 07시,월요일,충청남도 천안시 동남구 동면,경상사고,0,0,1,0,차대차 - 기타,중앙선침범,건조,맑음,단일로 - 기타,기타불명,기타불명,미분류,기타불명,승용,남,88세,경상
2017110600100171,2017년 11월 6일 09시,월요일,충청남도 천안시 서북구 성정동,중상사고,0,1,0,0,차대차 - 기타,안전거리미확보,건조,맑음,단일로 - 기타,승용,남,26세,상해없음,승합,남,60세,상해없음
2017110600100231,2017년 11월 6일 11시,월요일,충청남도 아산시 배방읍,경상사고,0,0,1,1,차대차 - 정면충돌,중앙선침범,건조,맑음,단일로 - 기타,승용,남,56세,부상신고,승용,남,46세,경상
2017110600100232,2017년 11월 6일 11시,월요일,충청남도 천안시 동남구 풍세면,경상사고,0,0,1,0,차대차 - 측면충돌,안전운전불이행,건조,맑음,단일로 - 기타,화물,남,45세,상해없음,승용,남,34세,경상
2017110600100290,2017년 11월 6일 13시,월요일,충청남도 태안군 안면읍,중상사고,0,1,0,0,차대차 - 측면충돌,교차로운행방법위반,건조,맑음,교차로 - 교차로안,승용,남,64세,상해없음,이륜,남,58세,중상
2017110600100362,2017년 11월 6일 15시,월요일,충청남도 서산시 석림동,사망사고,1,0,0,0,차대차 - 측면충돌,안전운전불이행,건조,맑음,교차로 - 교차로안,승용,여,25세,상해없음,이륜,남,80세,사망
2017110600100396,2017년 11월 6일 16시,월요일,충청남도 천안시 서북구 두정동,경상사고,0,0,1,0,차대차 - 기타,안전운전불이행,건조,맑음,교차로 - 교차로안,승용,여,58세,상해없음,승용,남,45세,경상
2017110600100397,2017년 11월 6일 16시,월요일,충청남도 홍성군 은하면,경상사고,0,0,1,0,차대차 - 정면충돌,안전운전불이행,건조,맑음,단일로 - 기타,이륜,남,72세,경상,승합,남,57세,상해없음
2017110600100444,2017년 11월 6일 17시,월요일,충청남도 당진시 송악읍,경상사고,0,0,1,0,차대차 - 측면충돌,교차로운행방법위반,건조,맑음,교차로 - 교차로안,화물,남,65세,상해없음,승합,남,62세,경상
2017110600100497,2017년 11월 6일 18시,월요일,충청남도 천안시 서북구 성환읍,경상사고,0,0,1,0,차대차 - 추돌,안전거리미확보,건조,맑음,교차로 - 교차로부근,화물,남,69세,상해없음,승용,남,54세,경상
2017110600100498,2017년 11월 6일 18시,월요일,충청남도 천안시 서북구 백석동,경상사고,0,0,1,0,차대차 - 기타,안전거리미확보,건조,맑음,단일로 - 기타,승용,남,29세,상해없음,승용,여,62세,경상
2017110600100499,2017년 11월 6일 18시,월요일,충청남도 아산시 둔포면,경상사고,0,0,3,0,차대차 - 추돌,안전운전불이행,건조,맑음,단일로 - 고가도로위,화물,남,45세,상해없음,화물,여,54세,경상
2017110600100500,2017년 11월 6일 18시,월요일,충청남도 당진시 원당리,중상사고,0,1,0,0,차대차 - 추돌,안전운전불이행,건조,맑음,단일로 - 기타,화물,남,23세,상해없음,승용,여,37세,중상
2017110600100501,2017년 11월 6일 18시,월요일,충청남도 금산군 금산읍,중상사고,0,1,0,0,차대사람 - 횡단중,안전운전불이행,건조,맑음,교차로 - 교차로안,화물,남,33세,상해없음,보행자,남,65세,중상
2017110600100560,2017년 11월 6일 19시,월요일,충청남도 아산시 음봉면,경상사고,0,0,1,0,차대차 - 기타,안전운전불이행,건조,맑음,교차로 - 교차로안,승용,여,34세,상해없음,화물,남,45세,경상
2017110600100606,2017년 11월 6일 21시,월요일,충청남도 예산군 예산읍,경상사고,0,0,1,0,차대사람 - 차도통행중,안전운전불이행,건조,맑음,단일로 - 기타,승용,남,44세,상해없음,보행자,남,37세,경상
2017110700100058,2017년 11월 7일 03시,화요일,충청남도 천안시 서북구 성환읍,경상사고,0,0,1,0,차대차 - 추돌,안전운전불이행,건조,맑음,교차로 - 교차로부근,승용,남,27세,경상,화물,남,58세,기타불명
2017110700100064,2017년 11월 7일 04시,화요일,충청남도 천안시 서북구 두정동,경상사고,0,0,1,0,차대차 - 측면충돌,신호위반,건조,맑음,교차로 - 교차로안,승용,남,36세,상해없음,승용,남,24세,경상
2017110700100110,2017년 11월 7일 07시,화요일,충청남도 서천군 마서면,경상사고,0,0,1,1,차대차 - 측면충돌,신호위반,건조,맑음,교차로 - 교차로안,승용,여,48세,부상신고,화물,남,64세,경상
2017110700100111,2017년 11월 7일 07시,화요일,충청남도 서천군 마서면,중상사고,0,1,0,0,차대사람 - 차도통행중,안전운전불이행,건조,맑음,단일로 - 기타,화물,남,61세,상해없음,보행자,여,78세,중상
2017110700100141,2017년 11월 7일 08시,화요일,충청남도 서천군 한산면,중상사고,0,1,1,0,차대차 - 측면충돌,직진우회전진행방해,건조,맑음,교차로 - 교차로안,승합,여,60세,경상,승용,여,59세,중상
2017110700100142,2017년 11월 7일 08시,화요일,충청남도 천안시 동남구 신부동,중상사고,0,1,0,0,차대사람 - 횡단중,보행자보호의무위반,건조,맑음,교차로 - 교차로안,승용,여,44세,상해없음,보행자,여,21세,중상
2017110700100180,2017년 11월 7일 09시,화요일,충청남도 서산시 성연면,사망사고,1,0,0,0,차대차 - 추돌,안전운전불이행,건조,맑음,단일로 - 기타,이륜,남,85세,사망,화물,남,74세,상해없음
2017110700100181,2017년 11월 7일 09시,화요일,충청남도 서산시 잠홍동,중상사고,0,1,0,0,차대사람 - 횡단중,보행자보호의무위반,건조,맑음,교차로 - 교차로횡단보도내,화물,남,72세,상해없음,보행자,남,76세,중상
2017110700100215,2017년 11월 7일 10시,화요일,충청남도 서산시 읍내동,부상신고사고,0,0,0,1,차대차 - 측면충돌,신호위반,건조,맑음,교차로 - 교차로부근,이륜,남,80세,부상신고,화물,남,62세,상해없음
2017110700100239,2017년 11월 7일 11시,화요일,충청남도 공주시 금학동,경상사고,0,0,1,0,차대차 - 측면충돌,신호위반,건조,맑음,교차로 - 교차로안,화물,남,67세,상해없음,승합,남,52세,경상
2017110700100267,2017년 11월 7일 12시,화요일,충청남도 공주시 신관동,경상사고,0,0,1,0,차대차 - 측면충돌,안전운전불이행,건조,맑음,교차로 - 교차로안,승용,여,63세,기타불명,이륜,남,69세,경상
2017110700100293,2017년 11월 7일 13시,화요일,충청남도 공주시 정안면,중상사고,0,1,1,0,차대차 - 추돌,안전운전불이행,건조,맑음,교차로 - 교차로부근,화물,남,43세,기타불명,화물,남,44세,중상
2017110700100380,2017년 11월 7일 16시,화요일,충청남도 아산시 둔포면,중상사고,0,1,1,0,차대차 - 측면충돌,안전운전불이행,건조,맑음,기타 - 기타,승용,남,55세,상해없음,화물,남,52세,경상
2017110700100421,2017년 11월 7일 17시,화요일,충청남도 서산시 석남동,중상사고,0,1,0,0,차대차 - 기타,직진우회전진행방해,건조,맑음,교차로 - 교차로안,승합,남,38세,상해없음,자전거,여,72세,중상
2017110700100422,2017년 11월 7일 17시,화요일,충청남도 보령시 동대동,중상사고,0,2,2,0,차대차 - 추돌,안전운전불이행,젖음/습기,비,교차로 - 교차로부근,화물,남,67세,상해없음,승용,여,26세,중상
2017110700100473,2017년 11월 7일 18시,화요일,충청남도 태안군 남면,중상사고,0,1,0,0,차대사람 - 길가장자리구역통행중,안전운전불이행,건조,기타,단일로 - 기타,승용,여,48세,상해없음,보행자,남,81세,중상
2017110700100474,2017년 11월 7일 18시,화요일,충청남도 홍성군 홍북읍,경상사고,0,0,1,0,차대사람 - 기타,안전운전불이행,건조,흐림,기타 - 기타,승용,여,45세,상해없음,보행자,여,41세,경상
2017110700100475,2017년 11월 7일 18시,화요일,충청남도 홍성군 홍동면,경상사고,0,0,2,0,차대차 - 추돌,안전운전불이행,젖음/습기,흐림,단일로 - 기타,승용,남,55세,경상,화물,남,44세,상해없음
2017110700100476,2017년 11월 7일 18시,화요일,충청남도 서천군 화양면,중상사고,0,1,0,0,차대차 - 측면충돌,안전운전불이행,건조,맑음,단일로 - 기타,승용,여,58세,상해없음,자전거,남,77세,중상
2017110700100477,2017년 11월 7일 18시,화요일,충청남도 보령시 대천동,경상사고,0,0,1,0,차대사람 - 횡단중,안전운전불이행,젖음/습기,비,단일로 - 기타,화물,남,69세,상해없음,보행자,남,60세,경상
2017110700100478,2017년 11월 7일 18시,화요일,충청남도 공주시 신풍면,경상사고,0,0,1,0,차량단독 - 전도전복,안전운전불이행,젖음/습기,비,단일로 - 기타,승용,여,51세,경상,미분류,미분류,미분류,미분류
2017110700100479,2017년 11월 7일 18시,화요일,충청남도 공주시 사곡면,중상사고,0,1,0,0,차대차 - 추돌,안전운전불이행,젖음/습기,비,단일로 - 기타,승용,여,40세,중상,승용,남,47세,상해없음
2017110700100527,2017년 11월 7일 19시,화요일,충청남도 금산군 추부면,경상사고,0,0,2,0,차대사람 - 기타,안전운전불이행,건조,맑음,교차로 - 교차로횡단보도내,승용,남,31세,상해없음,보행자,남,61세,경상
2017110700100528,2017년 11월 7일 19시,화요일,충청남도 금산군 금성면,중상사고,0,1,0,0,차대사람 - 차도통행중,안전운전불이행,건조,맑음,단일로 - 기타,승용,남,38세,상해없음,보행자,남,60세,중상
2017110700100570,2017년 11월 7일 20시,화요일,충청남도 천안시 서북구 성정동,경상사고,0,0,1,0,차대차 - 측면충돌,안전거리미확보,건조,기타,단일로 - 기타,승용,남,45세,상해없음,이륜,남,22세,경상
2017110700100571,2017년 11월 7일 20시,화요일,충청남도 아산시 배방읍,경상사고,0,0,1,0,차대사람 - 횡단중,안전운전불이행,건조,맑음,단일로 - 기타,승용,남,27세,상해없음,보행자,여,56세,경상
2017110700100604,2017년 11월 7일 21시,화요일,충청남도 천안시 서북구 쌍용동,경상사고,0,0,1,0,차대차 - 측면충돌,안전운전불이행,건조,맑음,교차로 - 교차로안,승합,여,49세,상해없음,이륜,남,50세,경상
2017110700100656,2017년 11월 7일 23시,화요일,충청남도 천안시 서북구 쌍용동,경상사고,0,0,1,0,차대차 - 측면충돌,안전운전불이행,건조,맑음,단일로 - 기타,승용,남,64세,상해없음,승용,남,57세,경상
2017110800100025,2017년 11월 8일 00시,수요일,충청남도 천안시 서북구 성정동,중상사고,0,1,0,0,차대사람 - 기타,안전운전불이행,건조,맑음,단일로 - 기타,승용,남,25세,상해없음,보행자,남,20세,중상
2017110800100057,2017년 11월 8일 03시,수요일,충청남도 아산시 둔포면,부상신고사고,0,0,0,1,차량단독 - 공작물충돌,안전운전불이행,건조,맑음,단일로 - 기타,승용,남,36세,상해없음,,,,
2017110800100058,2017년 11월 8일 03시,수요일,충청남도 아산시 방축동,경상사고,0,0,2,0,차대차 - 추돌,안전운전불이행,건조,맑음,단일로 - 기타,승용,남,45세,상해없음,승용,여,32세,경상
2017110800100114,2017년 11월 8일 07시,수요일,충청남도 논산시 노성면,경상사고,0,0,1,0,차대차 - 측면충돌,안전운전불이행,젖음/습기,안개,단일로 - 기타,승용,여,22세,경상,화물,남,56세,기타불명
2017110800100115,2017년 11월 8일 07시,수요일,충청남도 계룡시 엄사면,중상사고,0,1,0,0,차대차 - 측면충돌,교차로운행방법위반,건조,맑음,교차로 - 교차로안,자전거,남,12세,중상,승용,남,58세,상해없음
2017110800100116,2017년 11월 8일 07시,수요일,충청남도 서천군 장항읍,경상사고,0,0,1,0,차량단독 - 도로외이탈 - 기타,안전운전불이행,건조,맑음,단일로 - 기타,승용,남,37세,경상,,,,
2017110800100150,2017년 11월 8일 08시,수요일,충청남도 천안시 서북구 두정동,경상사고,0,0,1,0,차대차 - 기타,안전운전불이행,건조,맑음,단일로 - 기타,승용,여,40세,상해없음,승용,남,24세,상해없음
2017110800100226,2017년 11월 8일 10시,수요일,충청남도 금산군 남일면,중상사고,0,1,0,0,차량단독 - 공작물충돌,안전운전불이행,건조,맑음,단일로 - 기타,이륜,남,52세,중상,,,,
2017110800100256,2017년 11월 8일 11시,수요일,충청남도 태안군 이원면,경상사고,0,0,2,0,차대차 - 측면충돌,안전운전불이행,건조,맑음,단일로 - 기타,승용,남,76세,상해없음,승용,여,57세,경상
2017110800100285,2017년 11월 8일 12시,수요일,충청남도 서천군 마서면,경상사고,0,0,1,0,차대차 - 측면충돌,신호위반,건조,맑음,교차로 - 교차로안,승용,여,67세,상해없음,승용,여,69세,경상
2017110800100286,2017년 11월 8일 12시,수요일,충청남도 공주시 이인면,경상사고,0,0,1,0,차대차 - 후진중충돌,안전운전불이행,건조,맑음,단일로 - 기타,승용,남,58세,상해없음,화물,남,49세,상해없음
2017110800100287,2017년 11월 8일 12시,수요일,충청남도 천안시 동남구 광덕면,경상사고,0,0,1,0,차대차 - 측면충돌,안전운전불이행,건조,맑음,교차로 - 교차로안,원동기,남,19세,경상,승용,남,53세,상해없음
2017110800100319,2017년 11월 8일 13시,수요일,충청남도 당진시 합덕읍,경상사고,0,0,1,0,차대차 - 측면충돌,기타,건조,맑음,교차로 - 교차로안,이륜,남,79세,경상,화물,여,57세,상해없음
2017110800100383,2017년 11월 8일 15시,수요일,충청남도 서산시 읍내동,경상사고,0,0,1,0,차대차 - 추돌,안전운전불이행,건조,맑음,교차로 - 교차로부근,승용,남,46세,상해없음,화물,남,52세,상해없음
2017110800100384,2017년 11월 8일 15시,수요일,충청남도 천안시 동남구 영성동,경상사고,0,0,3,0,차대차 - 측면충돌,안전운전불이행,건조,맑음,단일로 - 고가도로위,승용,남,20세,경상,승용,여,59세,경상
2017110800100427,2017년 11월 8일 16시,수요일,충청남도 천안시 서북구 직산읍,경상사고,0,0,1,0,차대차 - 기타,안전운전불이행,건조,맑음,교차로 - 교차로안,승용,남,56세,경상,화물,남,44세,상해없음
2017110800100428,2017년 11월 8일 16시,수요일,충청남도 공주시 유구읍,중상사고,0,1,0,0,차대차 - 정면충돌,안전운전불이행,젖음/습기,맑음,교차로 - 교차로안,화물,남,56세,상해없음,승용,여,58세,중상
2017110800100481,2017년 11월 8일 17시,수요일,충청남도 천안시 서북구 쌍용동,경상사고,0,0,1,0,차대차 - 기타,차로위반,건조,맑음,단일로 - 기타,승용,남,76세,상해없음,승용,남,38세,경상
2017110800100482,2017년 11월 8일 17시,수요일,충청남도 아산시 음봉면,경상사고,0,0,1,0,차대차 - 기타,안전운전불이행,건조,맑음,교차로 - 교차로안,승용,여,41세,경상,화물,남,55세,상해없음
2017110800100483,2017년 11월 8일 17시,수요일,충청남도 공주시 신관동,경상사고,0,0,2,0,차대차 - 추돌,안전운전불이행,건조,맑음,교차로 - 교차로안,승용,여,65세,상해없음,승합,남,43세,경상
2017110800100528,2017년 11월 8일 18시,수요일,충청남도 공주시 우성면,중상사고,0,1,0,0,차대차 - 추돌,안전운전불이행,건조,맑음,단일로 - 기타,승용,남,29세,기타불명,승용,남,64세,중상
2017110800100529,2017년 11월 8일 18시,수요일,충청남도 공주시 이인면,부상신고사고,0,0,0,1,차량단독 - 도로외이탈 - 추락,안전운전불이행,건조,맑음,단일로 - 기타,승용,남,63세,부상신고,,,,
2017110800100622,2017년 11월 8일 20시,수요일,충청남도 천안시 서북구 쌍용동,중상사고,0,1,1,0,차대차 - 측면충돌,신호위반,건조,맑음,교차로 - 교차로안,승용,남,37세,상해없음,이륜,남,16세,경상
2017110800100655,2017년 11월 8일 21시,수요일,충청남도 서산시 예천동,경상사고,0,0,2,0,차대차 - 추돌,안전운전불이행,건조,맑음,교차로 - 교차로부근,승용,남,26세,상해없음,승용,여,30세,경상
2017110800100656,2017년 11월 8일 21시,수요일,충청남도 천안시 서북구 성환읍,경상사고,0,0,1,0,차대차 - 기타,안전운전불이행,건조,맑음,교차로 - 교차로안,이륜,남,15세,경상,승용,남,49세,상해없음
2017110800100657,2017년 11월 8일 21시,수요일,충청남도 아산시 탕정면,경상사고,0,0,1,0,차대차 - 추돌,안전운전불이행,건조,맑음,단일로 - 기타,화물,남,63세,경상,승용,남,32세,상해없음
2017110800100685,2017년 11월 8일 22시,수요일,충청남도 아산시 신창면,경상사고,0,0,2,0,차대차 - 정면충돌,중앙선침범,건조,맑음,단일로 - 기타,승용,남,45세,상해없음,승용,남,27세,경상
2017110900100106,2017년 11월 9일 07시,목요일,충청남도 태안군 태안읍,경상사고,0,0,1,0,차대차 - 추돌,안전운전불이행,건조,맑음,단일로 - 기타,화물,남,47세,상해없음,승용,여,45세,경상
2017110900100182,2017년 11월 9일 09시,목요일,충청남도 천안시 동남구 목천읍,경상사고,0,0,2,0,차대차 - 추돌,안전운전불이행,건조,맑음,단일로 - 기타,승용,남,26세,상해없음,승용,남,55세,경상
2017110900100217,2017년 11월 9일 10시,목요일,충청남도 당진시 신평면,경상사고,0,0,1,0,차대차 - 측면충돌,직진우회전진행방해,건조,맑음,교차로 - 교차로안,화물,남,58세,상해없음,승용,남,55세,경상
2017110900100270,2017년 11월 9일 12시,목요일,충청남도 논산시 강경읍,경상사고,0,0,1,0,차대사람 - 횡단중,안전운전불이행,건조,맑음,교차로 - 교차로안,화물,남,59세,상해없음,보행자,남,62세,경상
2017110900100314,2017년 11월 9일 14시,목요일,충청남도 태안군 태안읍,중상사고,0,2,0,0,차대차 - 추돌,안전운전불이행,건조,맑음,교차로 - 교차로부근,승용,남,48세,상해없음,승용,남,55세,중상
2017110900100315,2017년 11월 9일 14시,목요일,충청남도 논산시 연무읍,중상사고,0,4,1,0,차대차 - 측면충돌,교차로운행방법위반,건조,맑음,교차로 - 교차로안,승용,남,53세,중상,승용,남,67세,중상
2017110900100316,2017년 11월 9일 14시,목요일,충청남도 아산시 염치읍,경상사고,0,0,3,0,차대차 - 추돌,안전운전불이행,건조,맑음,교차로 - 교차로부근,승용,남,75세,기타불명,승용,여,55세,경상
2017110900100359,2017년 11월 9일 15시,목요일,충청남도 공주시 의당면,경상사고,0,0,1,0,차량단독 - 공작물충돌,안전운전불이행,건조,맑음,단일로 - 기타,승용,남,44세,경상,,,,
2017110900100400,2017년 11월 9일 16시,목요일,충청남도 천안시 동남구 봉명동,중상사고,0,1,0,0,차대사람 - 기타,기타,건조,맑음,단일로 - 기타,승용,여,36세,상해없음,보행자,여,8세,중상
2017110900100433,2017년 11월 9일 17시,목요일,충청남도 천안시 서북구 성성동,경상사고,0,0,2,0,차대차 - 측면충돌,안전운전불이행,건조,맑음,교차로 - 교차로안,화물,남,43세,상해없음,승용,남,21세,경상
2017110900100434,2017년 11월 9일 17시,목요일,충청남도 천안시 서북구 성정동,경상사고,0,0,1,0,차대차 - 측면충돌,안전거리미확보,건조,맑음,단일로 - 기타,화물,남,75세,상해없음,승용,여,23세,경상
2017110900100435,2017년 11월 9일 17시,목요일,충청남도 논산시 은진면,경상사고,0,0,1,0,차대차 - 추돌,안전거리미확보,건조,맑음,단일로 - 기타,승용,여,55세,상해없음,승용,여,45세,경상
2017110900100436,2017년 11월 9일 17시,목요일,충청남도 보령시 웅천읍,경상사고,0,0,1,0,차대사람 - 횡단중,안전운전불이행,건조,맑음,단일로 - 기타,화물,남,56세,상해없음,보행자,남,78세,경상
2017110900100437,2017년 11월 9일 17시,목요일,충청남도 당진시 채운동,경상사고,0,0,1,0,차대차 - 측면충돌,직진우회전진행방해,건조,맑음,교차로 - 교차로안,승용,남,71세,상해없음,이륜,남,54세,경상
2017110900100501,2017년 11월 9일 18시,목요일,충청남도 태안군 태안읍,중상사고,0,1,2,0,차대차 - 측면충돌,신호위반,건조,맑음,교차로 - 교차로안,승용,여,57세,상해없음,승용,남,54세,경상
2017110900100502,2017년 11월 9일 18시,목요일,충청남도 태안군 원북면,중상사고,0,1,0,0,차대차 - 측면충돌,안전운전불이행,건조,맑음,교차로 - 교차로안,화물,남,47세,상해없음,승용,남,49세,중상
2017110900100503,2017년 11월 9일 18시,목요일,충청남도 천안시 서북구 성정동,경상사고,0,0,1,0,차대차 - 측면충돌,신호위반,건조,맑음,교차로 - 교차로안,승용,남,25세,상해없음,원동기,남,36세,경상
2017110900100504,2017년 11월 9일 18시,목요일,충청남도 천안시 서북구 쌍용동,경상사고,0,0,1,0,차대차 - 추돌,안전운전불이행,건조,맑음,단일로 - 기타,승용,남,49세,상해없음,승용,남,24세,경상
2017110900100505,2017년 11월 9일 18시,목요일,충청남도 천안시 서북구 쌍용동,경상사고,0,0,2,0,차대차 - 측면충돌,안전거리미확보,건조,맑음,단일로 - 기타,승용,여,53세,상해없음,승용,남,23세,경상
2017110900100506,2017년 11월 9일 18시,목요일,충청남도 천안시 서북구 성정동,경상사고,0,0,1,0,차대차 - 기타,안전거리미확보,건조,맑음,교차로 - 교차로부근,승용,남,57세,상해없음,기타불명,기타불명,미분류,기타불명
2017110900100507,2017년 11월 9일 18시,목요일,충청남도 홍성군 광천읍,경상사고,0,0,1,0,차대사람 - 기타,안전운전불이행,건조,맑음,단일로 - 기타,승합,남,58세,상해없음,보행자,여,24세,경상
2017110900100508,2017년 11월 9일 18시,목요일,충청남도 공주시 중학동,중상사고,0,1,0,0,차대차 - 측면충돌,중앙선침범,건조,맑음,단일로 - 기타,승용,남,52세,상해없음,이륜,남,50세,중상
2017110900100509,2017년 11월 9일 18시,목요일,충청남도 천안시 동남구 병천면,경상사고,0,0,2,0,차대차 - 기타,직진우회전진행방해,건조,맑음,교차로 - 교차로안,승용,여,33세,상해없음,농기계,남,70세,경상
2017110900100554,2017년 11월 9일 19시,목요일,충청남도 논산시 연무읍,경상사고,0,0,2,0,차대차 - 측면충돌,안전운전불이행,건조,맑음,교차로 - 교차로부근,화물,남,50세,경상,화물,남,37세,기타불명
2017110900100590,2017년 11월 9일 20시,목요일,충청남도 천안시 서북구 성정동,경상사고,0,0,1,0,차대사람 - 기타,안전운전불이행,건조,맑음,교차로 - 교차로안,승합,남,47세,상해없음,보행자,남,57세,경상
2017110900100659,2017년 11월 9일 22시,목요일,충청남도 태안군 태안읍,경상사고,0,0,1,0,차대차 - 측면충돌,안전운전불이행,건조,맑음,단일로 - 기타,화물,남,49세,상해없음,승용,남,26세,경상
2017111000100031,2017년 11월 10일 00시,금요일,충청남도 당진시 석문면,부상신고사고,0,0,0,1,차량단독 - 공작물충돌,안전운전불이행,건조,맑음,단일로 - 기타,승용,남,55세,부상신고,,,,
2017111000100048,2017년 11월 10일 01시,금요일,충청남도 당진시 석문면,중상사고,0,1,0,0,차대사람 - 횡단중,보행자보호의무위반,건조,맑음,교차로 - 교차로횡단보도내,승용,남,59세,상해없음,보행자,남,55세,중상
2017111000100065,2017년 11월 10일 02시,금요일,충청남도 당진시 채운동,중상사고,0,1,0,0,차대차 - 측면충돌,안전운전불이행,건조,맑음,단일로 - 기타,승용,남,45세,상해없음,자전거,여,56세,중상
2017111000100072,2017년 11월 10일 03시,금요일,충청남도 예산군 덕산면,중상사고,0,1,0,0,차량단독 - 공작물충돌,안전운전불이행,건조,맑음,단일로 - 기타,승용,남,27세,상해없음,,,,
2017111000100102,2017년 11월 10일 06시,금요일,충청남도 아산시 배방읍,경상사고,0,0,2,0,차대차 - 측면충돌,신호위반,건조,맑음,교차로 - 교차로안,승용,남,38세,기타불명,승용,남,42세,경상