사고번호,사고일시,요일,시군구,사고내용,사망자수,중상자수,경상자수,부상신고자수,사고유형,법규위반,노면상태,기상상태,도로형태,가해운전자 차종,가해운전자 성별,가해운전자 연령,가해운전자 상해정도,피해운전자 차종,피해운전자 성별,피해운전자 연령,피해운전자 상해정도
2017111000100104,2017년 11월 10일 06시,금요일,충청남도 당진시 송악읍,경상사고,0,0,2,0,차대차 - 측면충돌,교차로운행방법위반,건조,맑음,교차로 - 교차로안,화물,남,46세,상해없음,승용,남,45세,경상
2017111000100123,2017년 11월 10일 07시,금요일,충청남도 서천군 장항읍,중상사고,0,1,1,0,차대차 - 측면충돌,직진우회전진행방해,건조,맑음,교차로 - 교차로안,승용,여,55세,중상,승용,남,51세,경상
2017111000100124,2017년 11월 10일 07시,금요일,충청남도 천안시 동남구 풍세면,경상사고,0,0,1,0,차대차 - 후진중충돌,안전운전불이행,건조,맑음,교차로 - 교차로안,화물,남,63세,상해없음,승용,남,42세,경상
2017111000100194,2017년 11월 10일 09시,금요일,충청남도 천안시 서북구 불당동,경상사고,0,0,1,0,차대차 - 측면충돌,안전거리미확보,건조,맑음,단일로 - 기타,화물,남,48세,상해없음,승용,남,52세,경상
2017111000100195,2017년 11월 10일 09시,금요일,충청남도 홍성군 구항면,경상사고,0,0,2,0,차대차 - 측면충돌,신호위반,건조,맑음,교차로 - 교차로안,승용,남,71세,상해없음,승용,남,60세,경상
2017111000100196,2017년 11월 10일 09시,금요일,충청남도 아산시 온천동,중상사고,0,1,0,0,차대사람 - 기타,안전운전불이행,건조,맑음,교차로 - 교차로안,승용,남,63세,상해없음,보행자,남,26세,중상
2017111000100222,2017년 11월 10일 10시,금요일,충청남도 논산시 연산면,사망사고,1,0,0,0,차대차 - 측면충돌,신호위반,건조,맑음,교차로 - 교차로안,이륜,여,72세,사망,화물,남,51세,상해없음
2017111000100255,2017년 11월 10일 11시,금요일,충청남도 서산시 대산읍,경상사고,0,0,1,0,차대사람 - 기타,안전운전불이행,건조,맑음,단일로 - 기타,화물,남,50세,상해없음,보행자,남,66세,경상
2017111000100280,2017년 11월 10일 12시,금요일,충청남도 청양군 청양읍,경상사고,0,0,2,0,차대차 - 측면충돌,신호위반,건조,맑음,교차로 - 교차로안,승용,여,54세,경상,승용,남,62세,경상
2017111000100281,2017년 11월 10일 12시,금요일,충청남도 청양군 비봉면,중상사고,0,1,1,0,차대차 - 측면충돌,신호위반,건조,맑음,교차로 - 교차로안,승용,남,49세,상해없음,승용,남,60세,경상
2017111000100303,2017년 11월 10일 13시,금요일,충청남도 보령시 대천동,중상사고,0,1,1,0,차대차 - 측면충돌,직진우회전진행방해,건조,맑음,교차로 - 교차로안,승용,남,57세,상해없음,승용,여,56세,중상
2017111000100304,2017년 11월 10일 13시,금요일,충청남도 공주시 신관동,중상사고,0,1,1,0,차대사람 - 횡단중,보행자보호의무위반,건조,맑음,교차로 - 교차로횡단보도내,승용,남,33세,상해없음,보행자,여,42세,중상
2017111000100305,2017년 11월 10일 13시,금요일,충청남도 천안시 동남구 대흥동,중상사고,0,1,0,0,차대사람 - 횡단중,안전운전불이행,건조,맑음,단일로 - 기타,승용,여,39세,상해없음,보행자,남,21세,중상
2017111000100371,2017년 11월 10일 15시,금요일,충청남도 태안군 고남면,중상사고,0,2,0,0,차대차 - 정면충돌,안전운전불이행,건조,맑음,교차로 - 교차로안,승합,남,52세,상해없음,화물,남,39세,중상
2017111000100372,2017년 11월 10일 15시,금요일,충청남도 홍성군 서부면,중상사고,0,1,0,0,차대차 - 기타,안전운전불이행,젖음/습기,비,단일로 - 기타,기타불명,기타불명,미분류,기타불명,이륜,남,81세,중상
2017111000100373,2017년 11월 10일 15시,금요일,충청남도 공주시 반포면,중상사고,0,1,2,0,차대차 - 기타,안전운전불이행,건조,맑음,단일로 - 기타,승용,남,57세,상해없음,화물,남,27세,중상
2017111000100374,2017년 11월 10일 15시,금요일,충청남도 예산군 덕산면,경상사고,0,0,2,0,차대차 - 측면충돌,직진우회전진행방해,건조,맑음,교차로 - 교차로안,승용,여,55세,상해없음,승용,여,79세,경상
2017111000100375,2017년 11월 10일 15시,금요일,충청남도 당진시 석문면,중상사고,0,1,1,0,차대차 - 측면충돌,교차로운행방법위반,건조,맑음,교차로 - 교차로안,화물,남,42세,경상,화물,남,61세,중상
2017111000100418,2017년 11월 10일 16시,금요일,충청남도 아산시 송악면,중상사고,0,1,0,0,차대차 - 추돌,안전운전불이행,젖음/습기,비,단일로 - 기타,화물,남,30세,상해없음,승용,남,38세,중상
2017111000100419,2017년 11월 10일 16시,금요일,충청남도 공주시 반죽동,중상사고,0,1,0,0,차대차 - 측면충돌,신호위반,젖음/습기,비,교차로 - 교차로안,이륜,남,77세,중상,승용,남,27세,상해없음
2017111000100420,2017년 11월 10일 16시,금요일,충청남도 천안시 동남구 원성동,경상사고,0,0,1,0,차대차 - 추돌,안전운전불이행,건조,맑음,단일로 - 기타,승용,여,37세,상해없음,승용,남,34세,경상
2017111000100461,2017년 11월 10일 17시,금요일,충청남도 논산시 성동면,중상사고,0,1,0,0,차대사람 - 길가장자리구역통행중,안전운전불이행,젖음/습기,비,교차로 - 교차로부근,승용,여,30세,상해없음,보행자,남,20세,중상
2017111000100462,2017년 11월 10일 17시,금요일,충청남도 서천군 장항읍,중상사고,0,1,0,0,차대차 - 추돌,안전운전불이행,젖음/습기,비,단일로 - 기타,화물,남,65세,상해없음,자전거,남,46세,중상
2017111000100463,2017년 11월 10일 17시,금요일,충청남도 공주시 정안면,경상사고,0,0,1,0,차대차 - 추돌,안전운전불이행,젖음/습기,비,교차로 - 교차로부근,승용,여,43세,상해없음,승용,여,49세,경상
2017111000100522,2017년 11월 10일 18시,금요일,충청남도 천안시 서북구 성정동,중상사고,0,1,0,0,차대차 - 측면충돌,안전운전불이행,젖음/습기,비,교차로 - 교차로부근,승용,남,24세,상해없음,이륜,남,38세,중상
2017111000100523,2017년 11월 10일 18시,금요일,충청남도 천안시 서북구 성정동,경상사고,0,0,1,0,차대차 - 추돌,안전운전불이행,젖음/습기,비,단일로 - 고가도로위,승용,남,69세,상해없음,승용,여,38세,경상
2017111000100524,2017년 11월 10일 18시,금요일,충청남도 천안시 서북구 불당동,경상사고,0,0,2,0,차대차 - 추돌,안전운전불이행,젖음/습기,비,단일로 - 기타,승용,남,56세,상해없음,승용,남,49세,경상
2017111000100525,2017년 11월 10일 18시,금요일,충청남도 논산시 취암동,중상사고,0,1,0,0,차대사람 - 길가장자리구역통행중,안전운전불이행,건조,흐림,단일로 - 기타,승용,남,51세,상해없음,보행자,여,57세,중상
2017111000100526,2017년 11월 10일 18시,금요일,충청남도 아산시 배방읍,경상사고,0,0,1,0,차대사람 - 횡단중,보행자보호의무위반,건조,맑음,교차로 - 교차로횡단보도내,승합,남,57세,상해없음,보행자,남,51세,경상
2017111000100527,2017년 11월 10일 18시,금요일,충청남도 공주시 신관동,경상사고,0,0,3,0,차대차 - 기타,교차로운행방법위반,젖음/습기,흐림,교차로 - 교차로안,화물,여,33세,상해없음,승합,남,47세,상해없음
2017111000100528,2017년 11월 10일 18시,금요일,충청남도 당진시 대덕리,경상사고,0,0,2,0,차대차 - 측면충돌,교차로운행방법위반,건조,맑음,교차로 - 교차로안,승용,여,45세,경상,화물,남,50세,경상
2017111000100596,2017년 11월 10일 19시,금요일,충청남도 아산시 탕정면,경상사고,0,0,1,0,차대차 - 추돌,안전운전불이행,젖음/습기,맑음,기타 - 기타,화물,남,55세,상해없음,건설기계,남,32세,경상
2017111000100643,2017년 11월 10일 20시,금요일,충청남도 태안군 근흥면,중상사고,0,1,2,0,차대차 - 추돌,안전운전불이행,건조,맑음,단일로 - 기타,화물,남,53세,상해없음,승용,남,29세,경상
2017111000100644,2017년 11월 10일 20시,금요일,충청남도 천안시 동남구 병천면,경상사고,0,0,1,0,차대차 - 정면충돌,중앙선침범,건조,맑음,단일로 - 기타,승용,남,49세,상해없음,원동기,남,65세,경상
2017111000100683,2017년 11월 10일 21시,금요일,충청남도 천안시 동남구 구성동,경상사고,0,0,1,0,차대차 - 기타,안전운전불이행,건조,맑음,교차로 - 교차로부근,승용,여,53세,상해없음,승용,남,30세,경상
2017111000100709,2017년 11월 10일 22시,금요일,충청남도 천안시 서북구 쌍용동,중상사고,0,1,0,0,차대차 - 기타,안전운전불이행,건조,맑음,단일로 - 기타,승용,남,45세,상해없음,원동기,남,22세,중상
2017111000100710,2017년 11월 10일 22시,금요일,충청남도 논산시 연무읍,중상사고,0,1,0,0,차대차 - 측면충돌,안전운전불이행,건조,맑음,단일로 - 기타,화물,남,67세,상해없음,화물,남,48세,중상
2017111000100734,2017년 11월 10일 23시,금요일,충청남도 천안시 서북구 성성동,경상사고,0,0,1,0,차대차 - 추돌,안전운전불이행,건조,맑음,단일로 - 기타,승용,남,55세,상해없음,승용,남,33세,경상
2017111100100040,2017년 11월 11일 00시,토요일,충청남도 천안시 서북구 불당동,중상사고,0,1,4,0,차대차 - 추돌,안전운전불이행,건조,맑음,단일로 - 기타,승용,남,28세,상해없음,승용,남,43세,경상
2017111100100041,2017년 11월 11일 00시,토요일,충청남도 천안시 동남구 신부동,경상사고,0,0,2,0,차대차 - 후진중충돌,안전운전불이행,건조,맑음,단일로 - 기타,승용,여,26세,상해없음,승용,여,44세,경상
2017111100100059,2017년 11월 11일 01시,토요일,충청남도 금산군 남이면,경상사고,0,0,1,0,차대차 - 정면충돌,중앙선침범,젖음/습기,맑음,단일로 - 기타,승용,남,58세,경상,승용,여,50세,상해없음
2017111100100078,2017년 11월 11일 03시,토요일,충청남도 당진시 송악읍,사망사고,2,1,0,0,차대차 - 정면충돌,중앙선침범,건조,맑음,단일로 - 기타,승용,남,45세,사망,화물,남,35세,중상
2017111100100088,2017년 11월 11일 04시,토요일,충청남도 금산군 추부면,경상사고,0,0,1,0,차대차 - 추돌,안전운전불이행,젖음/습기,맑음,단일로 - 기타,승용,남,30세,상해없음,화물,남,59세,경상
2017111100100131,2017년 11월 11일 07시,토요일,충청남도 공주시 반포면,경상사고,0,0,1,0,차대차 - 추돌,안전운전불이행,건조,맑음,기타 - 기타,승용,남,53세,상해없음,화물,남,46세,경상
2017111100100132,2017년 11월 11일 07시,토요일,충청남도 당진시 채운동,경상사고,0,0,1,0,차대차 - 측면충돌,신호위반,건조,맑음,교차로 - 교차로안,승용,남,51세,상해없음,승용,남,45세,경상
2017111100100155,2017년 11월 11일 08시,토요일,충청남도 서산시 음암면,중상사고,0,1,0,0,차량단독 - 도로외이탈 - 추락,안전운전불이행,건조,맑음,단일로 - 기타,승용,남,39세,중상,,,,
2017111100100156,2017년 11월 11일 08시,토요일,충청남도 논산시 연무읍,경상사고,0,0,1,0,차대차 - 기타,안전운전불이행,건조,맑음,교차로 - 교차로부근,기타불명,기타불명,미분류,기타불명,자전거,남,68세,경상
2017111100100157,2017년 11월 11일 08시,토요일,충청남도 부여군 부여읍,중상사고,0,1,0,0,차대차 - 측면충돌,교차로운행방법위반,건조,맑음,교차로 - 교차로안,승용,여,43세,상해없음,자전거,여,69세,중상
2017111100100181,2017년 11월 11일 09시,토요일,충청남도 천안시 서북구 백석동,경상사고,0,0,2,0,차대차 - 측면충돌,신호위반,건조,맑음,교차로 - 교차로안,승용,남,55세,상해없음,승용,남,23세,경상
2017111100100182,2017년 11월 11일 09시,토요일,충청남도 부여군 장암면,중상사고,0,1,0,0,차대차 - 측면충돌,안전운전불이행,건조,맑음,단일로 - 기타,이륜,남,75세,중상,화물,남,34세,상해없음
2017111100100205,2017년 11월 11일 10시,토요일,충청남도 논산시 은진면,경상사고,0,0,1,0,차대차 - 추돌,안전운전불이행,건조,맑음,단일로 - 기타,승용,남,67세,상해없음,화물,남,59세,경상
2017111100100243,2017년 11월 11일 11시,토요일,충청남도 아산시 배방읍,경상사고,0,0,1,0,차대차 - 기타,안전운전불이행,건조,맑음,단일로 - 기타,승용,남,27세,상해없음,승용,여,31세,경상
2017111100100283,2017년 11월 11일 12시,토요일,충청남도 천안시 동남구 신부동,경상사고,0,0,1,0,차대차 - 측면충돌,신호위반,건조,맑음,단일로 - 기타,승용,남,47세,상해없음,이륜,남,38세,경상
2017111100100284,2017년 11월 11일 12시,토요일,충청남도 천안시 동남구 풍세면,경상사고,0,0,2,0,차대차 - 추돌,안전운전불이행,건조,맑음,단일로 - 기타,승용,남,64세,상해없음,승용,남,42세,경상
2017111100100332,2017년 11월 11일 13시,토요일,충청남도 태안군 태안읍,중상사고,0,3,0,0,차대차 - 측면충돌,신호위반,건조,맑음,교차로 - 교차로안,승용,남,63세,상해없음,승용,남,55세,중상
2017111100100333,2017년 11월 11일 13시,토요일,충청남도 태안군 원북면,경상사고,0,0,1,0,차대차 - 측면충돌,안전운전불이행,건조,맑음,단일로 - 기타,화물,남,47세,경상,승합,남,57세,상해없음
2017111100100334,2017년 11월 11일 13시,토요일,충청남도 예산군 응봉면,중상사고,0,1,0,0,차대차 - 측면충돌,신호위반,건조,맑음,교차로 - 교차로안,승용,남,30세,중상,건설기계,남,59세,상해없음
2017111100100335,2017년 11월 11일 13시,토요일,충청남도 천안시 동남구 안서동,중상사고,0,1,0,0,차대차 - 추돌,안전운전불이행,건조,맑음,단일로 - 기타,승용,남,66세,상해없음,승용,남,39세,중상
2017111100100376,2017년 11월 11일 14시,토요일,충청남도 공주시 신관동,경상사고,0,0,1,0,차량단독 - 기타,기타,건조,맑음,교차로 - 교차로부근,승합,남,48세,상해없음,,,,
2017111100100412,2017년 11월 11일 15시,토요일,충청남도 천안시 동남구 신방동,경상사고,0,0,1,0,차대차 - 측면충돌,안전거리미확보,건조,맑음,교차로 - 교차로부근,승용,남,49세,상해없음,화물,남,49세,경상
2017111100100450,2017년 11월 11일 16시,토요일,충청남도 아산시 온천동,경상사고,0,0,1,0,차대사람 - 기타,안전운전불이행,건조,맑음,단일로 - 기타,승용,남,55세,상해없음,보행자,남,61세,경상
2017111100100494,2017년 11월 11일 17시,토요일,충청남도 천안시 서북구 성환읍,중상사고,0,1,0,0,차대사람 - 기타,안전운전불이행,건조,맑음,단일로 - 기타,승합,남,50세,상해없음,보행자,남,5세,중상
2017111100100495,2017년 11월 11일 17시,토요일,충청남도 아산시 배방읍,중상사고,0,1,0,0,차대차 - 기타,신호위반,건조,맑음,교차로 - 교차로안,승용,여,34세,상해없음,승용,여,40세,중상
2017111100100496,2017년 11월 11일 17시,토요일,충청남도 공주시 신풍면,중상사고,0,3,1,0,차대차 - 정면충돌,중앙선침범,건조,맑음,단일로 - 기타,승용,남,42세,중상,승합,남,64세,중상
2017111100100552,2017년 11월 11일 18시,토요일,충청남도 천안시 서북구 직산읍,경상사고,0,0,1,0,차대차 - 기타,안전운전불이행,건조,맑음,교차로 - 교차로안,승용,남,40세,경상,승용,남,47세,상해없음
2017111100100553,2017년 11월 11일 18시,토요일,충청남도 예산군 신암면,중상사고,0,1,0,0,차대차 - 추돌,안전운전불이행,건조,맑음,단일로 - 기타,승용,남,57세,상해없음,이륜,남,67세,중상
2017111100100554,2017년 11월 11일 18시,토요일,충청남도 당진시 읍내리,경상사고,0,0,1,0,차대사람 - 횡단중,보행자보호의무위반,건조,맑음,교차로 - 교차로횡단보도내,기타불명,기타불명,미분류,기타불명,보행자,여,13세,경상
2017111100100596,2017년 11월 11일 19시,토요일,충청남도 서산시 음암면,경상사고,0,0,2,0,차대차 - 추돌,안전운전불이행,건조,맑음,교차로 - 교차로부근,승용,남,60세,상해없음,승용,남,32세,경상
2017111100100598,2017년 11월 11일 19시,토요일,충청남도 천안시 동남구 삼룡동,경상사고,0,0,1,0,차대차 - 측면충돌,안전거리미확보,건조,맑음,단일로 - 기타,승용,남,70세,상해없음,승용,남,29세,경상
2017111100100634,2017년 11월 11일 20시,토요일,충청남도 예산군 덕산면,중상사고,0,1,4,0,차대차 - 추돌,안전운전불이행,건조,맑음,교차로 - 교차로부근,승용,여,61세,중상,승용,남,56세,경상
2017111100100651,2017년 11월 11일 21시,토요일,충청남도 보령시 동대동,중상사고,0,1,2,0,차대차 - 측면충돌,안전운전불이행,건조,맑음,단일로 - 기타,원동기,남,44세,중상,승용,남,23세,경상
2017111100100652,2017년 11월 11일 21시,토요일,충청남도 당진시 정미면,중상사고,0,3,2,0,차대차 - 기타,신호위반,건조,흐림,교차로 - 교차로안,승용,여,44세,상해없음,승용,여,34세,중상
2017111100100681,2017년 11월 11일 22시,토요일,충청남도 홍성군 홍성읍,경상사고,0,0,1,0,차대차 - 기타,중앙선침범,건조,맑음,단일로 - 기타,이륜,남,19세,상해없음,이륜,남,28세,경상
2017111100100704,2017년 11월 11일 23시,토요일,충청남도 논산시 취암동,경상사고,0,0,1,0,차대사람 - 횡단중,안전운전불이행,건조,맑음,단일로 - 기타,승용,남,64세,상해없음,보행자,남,19세,경상
2017111100100705,2017년 11월 11일 23시,토요일,충청남도 홍성군 서부면,경상사고,0,0,2,0,차대차 - 추돌,안전운전불이행,건조,맑음,단일로 - 기타,화물,남,46세,상해없음,승용,남,58세,경상
2017111200100033,2017년 11월 12일 01시,일요일,충청남도 천안시 서북구 두정동,경상사고,0,0,1,0,차대사람 - 기타,안전운전불이행,건조,맑음,교차로 - 교차로부근,승용,남,22세,상해없음,보행자,남,32세,경상
2017111200100034,2017년 11월 12일 01시,일요일,충청남도 논산시 부적면,경상사고,0,0,1,0,차대차 - 추돌,안전운전불이행,건조,맑음,교차로 - 교차로안,승용,남,27세,경상,화물,남,37세,상해없음
2017111200100057,2017년 11월 12일 03시,일요일,충청남도 당진시 석문면,경상사고,0,0,2,0,차량단독 - 도로외이탈 - 기타,안전운전불이행,건조,맑음,교차로 - 교차로안,승용,남,27세,경상,,,,
2017111200100070,2017년 11월 12일 04시,일요일,충청남도 아산시 모종동,중상사고,0,1,0,0,차대차 - 추돌,안전운전불이행,건조,맑음,교차로 - 교차로부근,승용,남,19세,상해없음,승용,여,50세,중상
2017111200100084,2017년 11월 12일 06시,일요일,충청남도 서산시 읍내동,경상사고,0,0,1,0,차대사람 - 횡단중,신호위반,건조,맑음,교차로 - 교차로안,화물,남,47세,상해없음,보행자,남,67세,경상
2017111200100101,2017년 11월 12일 07시,일요일,충청남도 태안군 안면읍,중상사고,0,1,0,0,차대사람 - 횡단중,보행자보호의무위반,건조,맑음,교차로 - 교차로부근,승용,여,39세,상해없음,보행자,여,77세,중상
2017111200100102,2017년 11월 12일 07시,일요일,충청남도 서천군 서천읍,경상사고,0,0,2,0,차대차 - 측면충돌,안전운전불이행,건조,맑음,단일로 - 기타,승용,남,66세,상해없음,승용,여,36세,경상
2017111200100117,2017년 11월 12일 08시,일요일,충청남도 공주시 금성동,중상사고,0,1,0,0,차대사람 - 기타,안전운전불이행,건조,맑음,단일로 - 기타,승용,여,57세,상해없음,보행자,여,75세,중상
2017111200100149,2017년 11월 12일 10시,일요일,충청남도 공주시 유구읍,경상사고,0,0,2,0,차대차 - 측면충돌,안전운전불이행,건조,맑음,단일로 - 기타,화물,남,66세,경상,승용,남,47세,경상
2017111200100169,2017년 11월 12일 11시,일요일,충청남도 천안시 서북구 쌍용동,경상사고,0,0,1,0,차대차 - 측면충돌,신호위반,건조,맑음,교차로 - 교차로안,승용,남,57세,상해없음,승용,여,43세,경상
2017111200100198,2017년 11월 12일 12시,일요일,충청남도 공주시 소학동,경상사고,0,0,1,0,차대차 - 기타,안전운전불이행,건조,맑음,기타 - 기타,승용,남,57세,상해없음,이륜,남,68세,경상
2017111200100199,2017년 11월 12일 12시,일요일,충청남도 천안시 동남구 목천읍,경상사고,0,0,3,0,차대차 - 추돌,안전운전불이행,건조,맑음,단일로 - 기타,승용,여,44세,상해없음,승용,남,61세,경상
2017111200100237,2017년 11월 12일 13시,일요일,충청남도 당진시 읍내리,경상사고,0,0,3,0,차대차 - 측면충돌,교차로운행방법위반,건조,맑음,교차로 - 교차로부근,화물,남,64세,상해없음,승용,남,41세,상해없음
2017111200100267,2017년 11월 12일 14시,일요일,충청남도 논산시 은진면,경상사고,0,0,1,0,차대차 - 측면충돌,안전운전불이행,건조,맑음,교차로 - 교차로부근,승용,남,82세,상해없음,농기계,남,73세,경상
2017111200100268,2017년 11월 12일 14시,일요일,충청남도 서천군 서천읍,경상사고,0,0,1,0,차대사람 - 기타,안전운전불이행,건조,맑음,주차장 - 주차장,승용,남,61세,상해없음,보행자,남,39세,경상
2017111200100269,2017년 11월 12일 14시,일요일,충청남도 보령시 동대동,경상사고,0,0,1,0,차대차 - 기타,안전운전불이행,건조,맑음,단일로 - 기타,승합,남,36세,기타불명,이륜,남,38세,경상
2017111200100342,2017년 11월 12일 16시,일요일,충청남도 서산시 동문동,경상사고,0,0,1,0,차대사람 - 길가장자리구역통행중,안전운전불이행,건조,맑음,교차로 - 교차로안,승용,여,33세,상해없음,보행자,남,74세,경상
2017111200100343,2017년 11월 12일 16시,일요일,충청남도 보령시 대천동,경상사고,0,0,1,0,차대차 - 측면충돌,안전거리미확보,건조,맑음,교차로 - 교차로안,승용,남,47세,기타불명,승합,남,51세,경상
2017111200100376,2017년 11월 12일 17시,일요일,충청남도 서산시 대산읍,사망사고,1,0,0,0,차대차 - 추돌,안전거리미확보,건조,맑음,단일로 - 기타,이륜,남,52세,사망,농기계,남,47세,상해없음
2017111200100377,2017년 11월 12일 17시,일요일,충청남도 천안시 서북구 쌍용동,경상사고,0,0,1,0,차대차 - 기타,안전운전불이행,건조,맑음,교차로 - 교차로부근,승용,여,42세,상해없음,승용,남,36세,경상
2017111200100378,2017년 11월 12일 17시,일요일,충청남도 논산시 광석면,중상사고,0,1,0,0,차대차 - 측면충돌,직진우회전진행방해,건조,맑음,교차로 - 교차로안,농기계,남,57세,상해없음,화물,남,55세,중상
2017111200100380,2017년 11월 12일 17시,일요일,충청남도 천안시 동남구 청당동,경상사고,0,0,1,0,차대차 - 기타,안전운전불이행,건조,맑음,단일로 - 기타,승용,여,23세,상해없음,이륜,남,16세,경상
2017111200100420,2017년 11월 12일 18시,일요일,충청남도 아산시 인주면,경상사고,0,0,3,0,차대차 - 측면충돌,안전운전불이행,건조,맑음,교차로 - 교차로안,승용,남,62세,상해없음,승용,여,46세,경상
2017111200100421,2017년 11월 12일 18시,일요일,충청남도 공주시 유구읍,중상사고,0,1,0,0,차대사람 - 횡단중,안전운전불이행,건조,맑음,단일로 - 기타,승용,여,45세,상해없음,보행자,남,56세,중상
2017111200100423,2017년 11월 12일 18시,일요일,충청남도 천안시 동남구 수신면,경상사고,0,0,1,0,차대사람 - 기타,안전운전불이행,건조,맑음,단일로 - 기타,승용,남,54세,상해없음,보행자,남,72세,경상
2017111200100424,2017년 11월 12일 18시,일요일,충청남도 천안시 동남구 사직동,경상사고,0,0,1,0,차대사람 - 기타,보행자보호의무위반,건조,맑음,단일로 - 기타,승용,남,28세,상해없음,보행자,여,55세,경상
2017111200100457,2017년 11월 12일 19시,일요일,충청남도 서산시 석림동,중상사고,0,1,0,0,차대차 - 측면충돌,안전운전불이행,건조,맑음,단일로 - 기타,승용,남,47세,상해없음,이륜,남,35세,중상
2017111200100458,2017년 11월 12일 19시,일요일,충청남도 논산시 내동,중상사고,0,1,0,0,차대차 - 측면충돌,직진우회전진행방해,건조,맑음,교차로 - 교차로안,승용,남,65세,상해없음,승용,여,25세,중상
2017111200100491,2017년 11월 12일 20시,일요일,충청남도 천안시 동남구 신부동,중상사고,0,1,0,0,차대사람 - 기타,안전운전불이행,건조,맑음,단일로 - 기타,승용,남,55세,상해없음,보행자,여,22세,중상
2017111200100518,2017년 11월 12일 21시,일요일,충청남도 천안시 서북구 백석동,중상사고,0,1,1,0,차대차 - 추돌,안전운전불이행,건조,맑음,교차로 - 교차로부근,승용,여,25세,상해없음,승용,남,27세,중상
2017111200100519,2017년 11월 12일 21시,일요일,충청남도 아산시 송악면,경상사고,0,0,1,0,차대차 - 추돌,안전운전불이행,건조,맑음,단일로 - 기타,화물,남,55세,상해없음,승용,여,48세,경상
2017111200100520,2017년 11월 12일 21시,일요일,충청남도 서천군 서천읍,경상사고,0,0,2,0,차대차 - 측면충돌,신호위반,건조,맑음,교차로 - 교차로안,승용,남,19세,상해없음,승용,여,50세,경상
2017111200100546,2017년 11월 12일 22시,일요일,충청남도 서산시 석림동,경상사고,0,0,2,0,차대차 - 추돌,안전운전불이행,건조,맑음,교차로 - 교차로부근,승용,남,22세,상해없음,승용,남,30세,경상
2017111200100565,2017년 11월 12일 23시,일요일,충청남도 천안시 서북구 성거읍,경상사고,0,0,2,0,차대차 - 추돌,안전운전불이행,건조,맑음,교차로 - 교차로부근,승용,남,46세,상해없음,승용,남,68세,경상
2017111300100062,2017년 11월 13일 05시,월요일,충청남도 아산시 탕정면,경상사고,0,0,2,0,차대차 - 측면충돌,차로위반,건조,맑음,단일로 - 기타,승합,남,56세,상해없음,승용,남,28세,경상
2017111300100074,2017년 11월 13일 06시,월요일,충청남도 보령시 웅천읍,사망사고,2,1,0,0,차대차 - 추돌,안전운전불이행,건조,맑음,단일로 - 기타,승용,남,74세,사망,화물,남,53세,기타불명
2017111300100130,2017년 11월 13일 08시,월요일,충청남도 천안시 서북구 성환읍,경상사고,0,0,1,0,차대차 - 기타,안전거리미확보,건조,맑음,단일로 - 기타,화물,남,53세,상해없음,승용,남,25세,경상
2017111300100131,2017년 11월 13일 08시,월요일,충청남도 천안시 동남구 광덕면,경상사고,0,0,2,0,차대차 - 정면충돌,신호위반,건조,맑음,교차로 - 교차로안,승용,남,22세,경상,건설기계,남,57세,경상
2017111300100169,2017년 11월 13일 09시,월요일,충청남도 아산시 온천동,경상사고,0,0,1,0,차대사람 - 길가장자리구역통행중,안전운전불이행,건조,맑음,단일로 - 기타,승용,남,19세,상해없음,보행자,여,80세,경상
2017111300100203,2017년 11월 13일 10시,월요일,충청남도 논산시 부적면,중상사고,0,1,1,0,차대차 - 추돌,안전운전불이행,건조,맑음,교차로 - 교차로부근,건설기계,남,60세,상해없음,승합,남,75세,중상
2017111300100204,2017년 11월 13일 10시,월요일,충청남도 천안시 동남구 신부동,중상사고,0,1,0,0,차대차 - 측면충돌,안전운전불이행,건조,맑음,교차로 - 교차로부근,승용,여,45세,상해없음,자전거,여,48세,중상
2017111300100274,2017년 11월 13일 12시,월요일,충청남도 서산시 동문동,중상사고,0,1,0,0,차대차 - 측면충돌,안전거리미확보,건조,맑음,단일로 - 기타,화물,남,52세,상해없음,승용,여,50세,중상
2017111300100275,2017년 11월 13일 12시,월요일,충청남도 논산시 은진면,중상사고,0,1,0,0,차대차 - 추돌,안전운전불이행,건조,맑음,단일로 - 기타,승용,남,54세,상해없음,승용,남,26세,중상
2017111300100276,2017년 11월 13일 12시,월요일,충청남도 아산시 모종동,경상사고,0,0,2,0,차대차 - 측면충돌,안전운전불이행,건조,맑음,기타 - 기타,승용,남,66세,상해없음,승용,여,58세,경상
2017111300100277,2017년 11월 13일 12시,월요일,충청남도 공주시 반포면,경상사고,0,0,1,0,차대차 - 추돌,안전운전불이행,건조,맑음,교차로 - 교차로부근,승용,남,67세,상해없음,승용,여,47세,경상
2017111300100303,2017년 11월 13일 13시,월요일,충청남도 논산시 광석면,중상사고,0,1,0,0,차대차 - 측면충돌,교차로운행방법위반,건조,맑음,교차로 - 교차로부근,승용,남,74세,상해없음,이륜,남,75세,중상