사고번호,사고일시,요일,시군구,사고내용,사망자수,중상자수,경상자수,부상신고자수,사고유형,법규위반,노면상태,기상상태,도로형태,가해운전자 차종,가해운전자 성별,가해운전자 연령,가해운전자 상해정도,피해운전자 차종,피해운전자 성별,피해운전자 연령,피해운전자 상해정도
2017111300100304,2017년 11월 13일 13시,월요일,충청남도 공주시 금성동,중상사고,0,1,1,0,차대차 - 측면충돌,안전운전불이행,건조,맑음,교차로 - 교차로부근,화물,남,72세,기타불명,이륜,남,73세,경상
2017111300100305,2017년 11월 13일 13시,월요일,충청남도 천안시 동남구 신방동,경상사고,0,0,2,0,차대차 - 측면충돌,중앙선침범,건조,맑음,교차로 - 교차로부근,승용,여,34세,경상,승용,남,33세,경상
2017111300100329,2017년 11월 13일 14시,월요일,충청남도 당진시 읍내리,부상신고사고,0,0,0,1,차대사람 - 횡단중,안전운전불이행,건조,맑음,교차로 - 교차로안,승용,여,36세,상해없음,보행자,여,7세,부상신고
2017111300100330,2017년 11월 13일 14시,월요일,충청남도 당진시 우두리,경상사고,0,0,2,0,차대차 - 측면충돌,직진우회전진행방해,건조,맑음,교차로 - 교차로안,승용,남,25세,상해없음,승용,여,52세,경상
2017111300100358,2017년 11월 13일 15시,월요일,충청남도 천안시 서북구 성환읍,경상사고,0,0,2,0,차대차 - 기타,안전운전불이행,건조,맑음,단일로 - 기타,이륜,남,76세,경상,승용,남,41세,상해없음
2017111300100442,2017년 11월 13일 17시,월요일,충청남도 아산시 염치읍,중상사고,0,1,0,0,차대차 - 측면충돌,신호위반,건조,맑음,교차로 - 교차로안,승합,남,59세,상해없음,이륜,남,41세,중상
2017111300100444,2017년 11월 13일 17시,월요일,충청남도 부여군 은산면,중상사고,0,1,0,0,차대차 - 측면충돌,안전운전불이행,건조,흐림,단일로 - 기타,화물,남,61세,상해없음,승용,여,56세,중상
2017111300100445,2017년 11월 13일 17시,월요일,충청남도 천안시 동남구 신방동,경상사고,0,0,1,0,차대사람 - 횡단중,안전운전불이행,건조,맑음,교차로 - 교차로부근,승용,여,52세,상해없음,보행자,여,69세,경상
2017111300100499,2017년 11월 13일 18시,월요일,충청남도 예산군 예산읍,중상사고,0,1,0,0,차대차 - 정면충돌,중앙선침범,건조,맑음,단일로 - 기타,화물,남,61세,상해없음,이륜,남,69세,중상
2017111300100500,2017년 11월 13일 18시,월요일,충청남도 당진시 읍내리,경상사고,0,0,1,0,차대차 - 기타,안전운전불이행,건조,맑음,교차로 - 교차로부근,자전거,남,12세,경상,승용,여,29세,상해없음
2017111300100501,2017년 11월 13일 18시,월요일,충청남도 금산군 남일면,경상사고,0,0,1,0,차량단독 - 전도전복,안전운전불이행,건조,맑음,기타 - 기타,화물,남,64세,경상,미분류,미분류,미분류,미분류
2017111300100564,2017년 11월 13일 20시,월요일,충청남도 당진시 합덕읍,중상사고,0,1,0,0,차대사람 - 횡단중,안전운전불이행,건조,맑음,교차로 - 교차로횡단보도내,승합,남,57세,상해없음,보행자,남,81세,중상
2017111300100600,2017년 11월 13일 21시,월요일,충청남도 서산시 음암면,경상사고,0,0,1,0,차대차 - 추돌,안전운전불이행,건조,맑음,교차로 - 교차로부근,승용,남,51세,상해없음,승용,여,22세,경상
2017111300100636,2017년 11월 13일 22시,월요일,충청남도 천안시 서북구 성정동,중상사고,0,1,0,0,차대사람 - 횡단중,안전운전불이행,건조,맑음,단일로 - 기타,승용,남,26세,상해없음,보행자,남,24세,중상
2017111300100637,2017년 11월 13일 22시,월요일,충청남도 당진시 송산면,중상사고,0,2,0,0,차대차 - 측면충돌,신호위반,건조,맑음,교차로 - 교차로안,승용,남,41세,상해없음,승용,남,28세,중상
2017111400100038,2017년 11월 14일 01시,화요일,충청남도 서산시 음암면,중상사고,0,1,0,0,차량단독 - 기타,안전운전불이행,건조,맑음,단일로 - 기타,이륜,남,34세,중상,,,,
2017111400100099,2017년 11월 14일 07시,화요일,충청남도 천안시 서북구 성거읍,경상사고,0,0,6,1,차대차 - 기타,안전운전불이행,건조,맑음,단일로 - 기타,화물,남,44세,상해없음,승합,남,49세,경상
2017111400100100,2017년 11월 14일 07시,화요일,충청남도 천안시 동남구 동면,중상사고,0,1,0,0,차대차 - 정면충돌,중앙선침범,젖음/습기,흐림,단일로 - 기타,승용,남,23세,상해없음,화물,남,43세,중상
2017111400100133,2017년 11월 14일 08시,화요일,충청남도 아산시 모종동,중상사고,0,1,0,0,차대사람 - 기타,안전운전불이행,건조,맑음,단일로 - 기타,특수,남,45세,상해없음,보행자,여,12세,중상
2017111400100169,2017년 11월 14일 09시,화요일,충청남도 서산시 예천동,경상사고,0,0,1,0,차대차 - 측면충돌,안전운전불이행,건조,맑음,교차로 - 교차로안,승용,남,59세,상해없음,승용,여,27세,경상
2017111400100170,2017년 11월 14일 09시,화요일,충청남도 홍성군 홍성읍,중상사고,0,1,0,0,차대차 - 측면충돌,직진우회전진행방해,건조,맑음,교차로 - 교차로안,승용,남,79세,상해없음,승용,남,27세,중상
2017111400100171,2017년 11월 14일 09시,화요일,충청남도 서천군 마산면,부상신고사고,0,0,0,1,차대차 - 측면충돌,중앙선침범,젖음/습기,맑음,단일로 - 기타,원동기,남,72세,부상신고,화물,남,34세,상해없음
2017111400100172,2017년 11월 14일 09시,화요일,충청남도 당진시 합덕읍,중상사고,0,1,0,0,차대차 - 측면충돌,교차로운행방법위반,건조,맑음,교차로 - 교차로안,화물,남,57세,상해없음,승용,남,47세,상해없음
2017111400100203,2017년 11월 14일 10시,화요일,충청남도 공주시 정안면,사망사고,1,0,0,0,차대차 - 추돌,안전운전불이행,건조,맑음,단일로 - 기타,승합,남,32세,상해없음,이륜,남,90세 이상,사망
2017111400100232,2017년 11월 14일 11시,화요일,충청남도 서산시 고북면,중상사고,0,1,0,0,차대차 - 측면충돌,안전운전불이행,건조,맑음,단일로 - 기타,화물,남,64세,상해없음,이륜,남,76세,중상
2017111400100253,2017년 11월 14일 12시,화요일,충청남도 논산시 지산동,중상사고,0,1,0,0,차대차 - 측면충돌,안전운전불이행,건조,맑음,단일로 - 기타,화물,남,35세,상해없음,자전거,여,74세,중상
2017111400100254,2017년 11월 14일 12시,화요일,충청남도 논산시 강경읍,중상사고,0,1,0,0,차대사람 - 기타,기타,건조,맑음,교차로 - 교차로부근,승용,남,57세,상해없음,보행자,여,69세,중상
2017111400100328,2017년 11월 14일 14시,화요일,충청남도 천안시 서북구 쌍용동,경상사고,0,0,1,0,차대차 - 기타,중앙선침범,건조,맑음,단일로 - 기타,승용,남,21세,상해없음,이륜,남,32세,경상
2017111400100329,2017년 11월 14일 14시,화요일,충청남도 홍성군 금마면,경상사고,0,0,1,0,차대차 - 추돌,안전운전불이행,건조,맑음,교차로 - 교차로부근,승용,남,49세,상해없음,승용,남,81세,경상
2017111400100377,2017년 11월 14일 15시,화요일,충청남도 천안시 동남구 병천면,중상사고,0,1,0,0,차대사람 - 길가장자리구역통행중,보행자보호의무위반,건조,맑음,단일로 - 기타,화물,남,53세,상해없음,보행자,여,81세,중상
2017111400100378,2017년 11월 14일 15시,화요일,충청남도 천안시 동남구 봉명동,중상사고,0,1,0,0,차대차 - 측면충돌,불법유턴,건조,맑음,교차로 - 교차로부근,승용,여,37세,상해없음,자전거,남,85세,중상
2017111400100413,2017년 11월 14일 16시,화요일,충청남도 천안시 서북구 성정동,부상신고사고,0,0,0,1,차대사람 - 횡단중,안전운전불이행,건조,맑음,단일로 - 기타,승용,여,57세,상해없음,보행자,남,48세,부상신고
2017111400100414,2017년 11월 14일 16시,화요일,충청남도 서천군 장항읍,중상사고,0,1,0,0,차대사람 - 횡단중,안전운전불이행,건조,맑음,교차로 - 교차로안,승용,여,39세,상해없음,보행자,여,80세,중상
2017111400100415,2017년 11월 14일 16시,화요일,충청남도 당진시 신평면,경상사고,0,0,1,0,차대차 - 측면충돌,안전운전불이행,건조,맑음,단일로 - 기타,승용,여,58세,경상,화물,남,56세,상해없음
2017111400100448,2017년 11월 14일 17시,화요일,충청남도 보령시 내항동,경상사고,0,0,2,0,차대차 - 정면충돌,신호위반,건조,맑음,교차로 - 교차로안,승용,여,33세,경상,승용,남,35세,경상
2017111400100495,2017년 11월 14일 18시,화요일,충청남도 천안시 서북구 불당동,경상사고,0,0,1,0,차대차 - 추돌,안전운전불이행,건조,맑음,단일로 - 기타,승용,남,49세,상해없음,승용,여,31세,경상
2017111400100496,2017년 11월 14일 18시,화요일,충청남도 홍성군 금마면,중상사고,0,1,0,0,차대사람 - 기타,안전운전불이행,건조,맑음,교차로 - 교차로안,승용,남,26세,상해없음,보행자,남,63세,중상
2017111400100497,2017년 11월 14일 18시,화요일,충청남도 보령시 대천동,경상사고,0,0,1,0,차대사람 - 횡단중,보행자보호의무위반,건조,맑음,교차로 - 교차로횡단보도내,승용,남,61세,상해없음,보행자,여,25세,경상
2017111400100498,2017년 11월 14일 18시,화요일,충청남도 공주시 금흥동,경상사고,0,0,1,0,차대차 - 추돌,안전운전불이행,건조,맑음,단일로 - 기타,승용,남,52세,기타불명,승용,남,49세,경상
2017111400100551,2017년 11월 14일 19시,화요일,충청남도 아산시 실옥동,경상사고,0,0,1,0,차대차 - 기타,안전운전불이행,건조,맑음,교차로 - 교차로안,승용,남,41세,상해없음,자전거,남,14세,경상
2017111400100554,2017년 11월 14일 19시,화요일,충청남도 천안시 동남구 성황동,경상사고,0,0,1,0,차대차 - 측면충돌,직진우회전진행방해,건조,맑음,교차로 - 교차로안,승용,남,41세,경상,승합,남,49세,상해없음
2017111400100555,2017년 11월 14일 19시,화요일,충청남도 천안시 동남구 원성동,경상사고,0,0,1,0,차대차 - 측면충돌,직진우회전진행방해,건조,맑음,교차로 - 교차로안,승용,남,34세,상해없음,자전거,남,70세,경상
2017111400100556,2017년 11월 14일 19시,화요일,충청남도 천안시 동남구 원성동,경상사고,0,0,3,0,차대차 - 측면충돌,안전거리미확보,건조,맑음,교차로 - 교차로부근,승용,남,59세,상해없음,승용,남,30세,경상
2017111400100588,2017년 11월 14일 20시,화요일,충청남도 천안시 서북구 쌍용동,경상사고,0,0,1,0,차대차 - 기타,안전운전불이행,건조,맑음,단일로 - 기타,승용,남,27세,상해없음,이륜,남,30세,경상
2017111400100589,2017년 11월 14일 20시,화요일,충청남도 논산시 내동,부상신고사고,0,0,0,1,차대차 - 추돌,안전운전불이행,건조,맑음,단일로 - 기타,승용,여,39세,상해없음,승용,남,73세,부상신고
2017111400100619,2017년 11월 14일 21시,화요일,충청남도 보령시 동대동,중상사고,0,1,0,0,차대사람 - 횡단중,보행자보호의무위반,건조,맑음,교차로 - 교차로횡단보도내,승용,남,43세,상해없음,보행자,여,44세,중상
2017111400100643,2017년 11월 14일 22시,화요일,충청남도 천안시 서북구 성정동,경상사고,0,0,1,0,차대차 - 추돌,안전운전불이행,건조,맑음,단일로 - 기타,승용,남,21세,상해없음,화물,남,46세,경상
2017111400100675,2017년 11월 14일 23시,화요일,충청남도 공주시 신관동,중상사고,0,1,0,0,차대차 - 정면충돌,안전운전불이행,건조,맑음,단일로 - 기타,승용,여,30세,상해없음,이륜,남,21세,중상
2017111500100034,2017년 11월 15일 00시,수요일,충청남도 당진시 원당리,중상사고,0,1,0,0,차대차 - 추돌,안전거리미확보,젖음/습기,맑음,단일로 - 기타,화물,남,46세,상해없음,승용,남,44세,중상
2017111500100035,2017년 11월 15일 00시,수요일,충청남도 천안시 동남구 수신면,사망사고,1,0,0,0,차량단독 - 도로외이탈 - 추락,안전운전불이행,건조,맑음,단일로 - 기타,화물,남,60세,사망,,,,
2017111500100110,2017년 11월 15일 07시,수요일,충청남도 아산시 배방읍,경상사고,0,0,1,0,차대차 - 기타,안전운전불이행,건조,맑음,교차로 - 교차로부근,승용,여,57세,상해없음,승용,여,50세,경상
2017111500100148,2017년 11월 15일 08시,수요일,충청남도 서산시 예천동,경상사고,0,0,1,0,차대차 - 측면충돌,안전운전불이행,건조,맑음,단일로 - 기타,승용,남,69세,상해없음,승용,여,41세,경상
2017111500100149,2017년 11월 15일 08시,수요일,충청남도 보령시 동대동,경상사고,0,0,1,0,차대차 - 측면충돌,안전운전불이행,건조,맑음,교차로 - 교차로부근,자전거,남,61세,경상,승용,여,22세,상해없음
2017111500100150,2017년 11월 15일 08시,수요일,충청남도 천안시 동남구 청당동,중상사고,0,1,0,0,차대차 - 추돌,안전운전불이행,건조,맑음,단일로 - 기타,화물,남,61세,상해없음,화물,남,33세,중상
2017111500100183,2017년 11월 15일 09시,수요일,충청남도 아산시 둔포면,중상사고,0,1,0,0,차대사람 - 차도통행중,안전운전불이행,건조,맑음,단일로 - 기타,화물,남,64세,상해없음,보행자,여,69세,중상
2017111500100209,2017년 11월 15일 10시,수요일,충청남도 당진시 정미면,중상사고,0,1,1,0,차대차 - 추돌,안전거리미확보,건조,맑음,교차로 - 교차로부근,화물,남,74세,경상,화물,남,55세,중상
2017111500100234,2017년 11월 15일 11시,수요일,충청남도 천안시 서북구 두정동,경상사고,0,0,1,0,차대차 - 기타,안전운전불이행,건조,맑음,단일로 - 기타,승용,여,45세,상해없음,승합,여,43세,경상
2017111500100311,2017년 11월 15일 13시,수요일,충청남도 예산군 예산읍,중상사고,0,1,0,0,차대사람 - 차도통행중,안전운전불이행,건조,맑음,단일로 - 기타,사륜오토바이(ATV),남,73세,상해없음,보행자,남,75세,중상
2017111500100352,2017년 11월 15일 14시,수요일,충청남도 천안시 서북구 불당동,경상사고,0,0,3,0,차대차 - 추돌,안전운전불이행,건조,맑음,단일로 - 기타,승용,남,36세,상해없음,승용,남,56세,경상
2017111500100353,2017년 11월 15일 14시,수요일,충청남도 천안시 서북구 쌍용동,경상사고,0,0,1,0,차대사람 - 차도통행중,안전운전불이행,건조,맑음,단일로 - 기타,승용,남,70세,상해없음,보행자,여,52세,경상
2017111500100354,2017년 11월 15일 14시,수요일,충청남도 논산시 채운면,중상사고,0,1,0,0,차대차 - 측면충돌,안전거리미확보,건조,맑음,단일로 - 기타,화물,남,48세,상해없음,승용,남,59세,중상
2017111500100355,2017년 11월 15일 14시,수요일,충청남도 논산시 화지동,경상사고,0,0,1,0,차대차 - 측면충돌,직진우회전진행방해,건조,맑음,교차로 - 교차로안,승용,남,58세,상해없음,승용,여,49세,상해없음
2017111500100356,2017년 11월 15일 14시,수요일,충청남도 천안시 동남구 다가동,경상사고,0,0,3,0,차대차 - 추돌,안전운전불이행,건조,맑음,단일로 - 기타,화물,남,38세,경상,승용,남,69세,경상
2017111500100357,2017년 11월 15일 14시,수요일,충청남도 천안시 동남구 풍세면,경상사고,0,0,1,0,차대차 - 측면충돌,안전거리미확보,건조,맑음,단일로 - 기타,승용,남,56세,상해없음,승용,남,41세,경상
2017111500100524,2017년 11월 15일 18시,수요일,충청남도 천안시 서북구 성성동,경상사고,0,0,1,0,차대차 - 기타,신호위반,건조,맑음,교차로 - 교차로안,승합,남,46세,상해없음,승용,남,62세,경상
2017111500100525,2017년 11월 15일 18시,수요일,충청남도 당진시 신평면,중상사고,0,1,0,0,차대사람 - 기타,안전운전불이행,건조,흐림,단일로 - 기타,승용,남,27세,상해없음,보행자,남,30세,중상
2017111500100526,2017년 11월 15일 18시,수요일,충청남도 천안시 동남구 봉명동,경상사고,0,0,1,0,차대차 - 기타,안전운전불이행,건조,맑음,기타 - 기타,승용,여,64세,상해없음,승용,여,35세,경상
2017111500100576,2017년 11월 15일 19시,수요일,충청남도 천안시 서북구 직산읍,경상사고,0,0,1,0,차대사람 - 기타,안전운전불이행,건조,맑음,단일로 - 기타,승용,여,47세,상해없음,보행자,여,29세,경상
2017111500100577,2017년 11월 15일 19시,수요일,충청남도 아산시 온천동,경상사고,0,0,1,0,차대차 - 측면충돌,안전운전불이행,건조,맑음,교차로 - 교차로안,승용,남,55세,상해없음,승용,남,31세,경상
2017111500100578,2017년 11월 15일 19시,수요일,충청남도 예산군 예산읍,중상사고,0,1,0,0,차대사람 - 횡단중,안전운전불이행,건조,맑음,단일로 - 기타,승합,남,44세,상해없음,보행자,여,49세,중상
2017111500100579,2017년 11월 15일 19시,수요일,충청남도 천안시 동남구 청수동,경상사고,0,0,1,0,차대사람 - 길가장자리구역통행중,안전운전불이행,건조,맑음,단일로 - 기타,기타불명,기타불명,미분류,기타불명,보행자,여,46세,경상
2017111500100642,2017년 11월 15일 21시,수요일,충청남도 금산군 금산읍,경상사고,0,0,1,0,차대사람 - 차도통행중,안전운전불이행,건조,맑음,교차로 - 교차로부근,승용,여,59세,상해없음,보행자,여,80세,경상
2017111500100668,2017년 11월 15일 22시,수요일,충청남도 논산시 내동,경상사고,0,0,1,0,차대차 - 추돌,안전운전불이행,건조,맑음,교차로 - 교차로부근,이륜,남,18세,경상,승용,남,39세,상해없음
2017111500100669,2017년 11월 15일 22시,수요일,충청남도 아산시 온천동,중상사고,0,1,0,0,차대차 - 측면충돌,안전운전불이행,건조,맑음,교차로 - 교차로안,승용,남,37세,상해없음,승용,남,28세,중상
2017111500100670,2017년 11월 15일 22시,수요일,충청남도 부여군 부여읍,경상사고,0,0,1,0,차대사람 - 차도통행중,안전운전불이행,건조,맑음,교차로 - 교차로부근,승용,여,31세,상해없음,보행자,남,54세,경상
2017111500100695,2017년 11월 15일 23시,수요일,충청남도 아산시 음봉면,중상사고,0,1,1,0,차대차 - 측면충돌,신호위반,건조,맑음,교차로 - 교차로안,승용,남,18세,경상,승용,남,43세,중상
2017111600100055,2017년 11월 16일 03시,목요일,충청남도 청양군 청양읍,사망사고,1,0,0,0,차량단독 - 공작물충돌,안전운전불이행,건조,맑음,교차로 - 교차로안,승용,남,59세,사망,,,,
2017111600100090,2017년 11월 16일 06시,목요일,충청남도 천안시 서북구 성성동,경상사고,0,0,1,0,차대차 - 측면충돌,안전운전불이행,건조,맑음,단일로 - 기타,승용,남,27세,상해없음,승용,남,36세,경상
2017111600100091,2017년 11월 16일 06시,목요일,충청남도 당진시 석문면,사망사고,1,0,0,0,차대사람 - 횡단중,안전운전불이행,건조,맑음,교차로 - 교차로횡단보도내,화물,남,52세,상해없음,보행자,여,67세,사망
2017111600100113,2017년 11월 16일 07시,목요일,충청남도 당진시 송악읍,중상사고,0,1,0,0,차대차 - 측면충돌,신호위반,건조,맑음,교차로 - 교차로부근,특수,남,53세,상해없음,승용,남,32세,중상
2017111600100137,2017년 11월 16일 08시,목요일,충청남도 서산시 읍내동,중상사고,0,1,0,0,차대사람 - 횡단중,보행자보호의무위반,건조,맑음,교차로 - 교차로부근,승용,남,34세,상해없음,보행자,여,75세,중상
2017111600100138,2017년 11월 16일 08시,목요일,충청남도 천안시 서북구 성환읍,중상사고,0,1,0,0,차대사람 - 기타,안전운전불이행,건조,맑음,단일로 - 기타,화물,남,69세,상해없음,보행자,여,65세,중상
2017111600100139,2017년 11월 16일 08시,목요일,충청남도 천안시 서북구 백석동,중상사고,0,1,0,0,차대사람 - 횡단중,신호위반,건조,맑음,교차로 - 교차로안,승용,남,75세,상해없음,보행자,여,38세,중상
2017111600100140,2017년 11월 16일 08시,목요일,충청남도 서천군 종천면,경상사고,0,0,1,0,차대차 - 측면충돌,안전운전불이행,건조,맑음,단일로 - 기타,화물,남,54세,상해없음,이륜,남,79세,경상
2017111600100141,2017년 11월 16일 08시,목요일,충청남도 당진시 용연리,중상사고,0,1,0,0,차량단독 - 공작물충돌,안전운전불이행,건조,맑음,단일로 - 기타,승용,여,27세,중상,,,,
2017111600100176,2017년 11월 16일 09시,목요일,충청남도 천안시 서북구 직산읍,경상사고,0,0,1,0,차대차 - 기타,안전운전불이행,건조,맑음,교차로 - 교차로안,승용,남,52세,상해없음,승용,여,49세,경상
2017111600100177,2017년 11월 16일 09시,목요일,충청남도 부여군 규암면,중상사고,0,1,0,0,차량단독 - 전도전복,안전운전불이행,건조,맑음,교차로 - 교차로부근,이륜,남,58세,중상,미분류,미분류,미분류,미분류
2017111600100178,2017년 11월 16일 09시,목요일,충청남도 당진시 신평면,경상사고,0,0,4,0,차대차 - 기타,기타,건조,맑음,단일로 - 기타,화물,남,65세,상해없음,승용,남,53세,경상
2017111600100201,2017년 11월 16일 10시,목요일,충청남도 천안시 서북구 쌍용동,경상사고,0,0,1,0,차대차 - 기타,안전운전불이행,건조,맑음,단일로 - 기타,승용,여,56세,상해없음,승용,남,30세,경상
2017111600100202,2017년 11월 16일 10시,목요일,충청남도 논산시 강산동,부상신고사고,0,0,0,1,차대차 - 측면충돌,안전운전불이행,건조,맑음,교차로 - 교차로안,자전거,남,13세,부상신고,승용,남,54세,상해없음
2017111600100230,2017년 11월 16일 11시,목요일,충청남도 천안시 동남구 목천읍,중상사고,0,1,1,0,차대차 - 측면충돌,차로위반,건조,맑음,단일로 - 기타,화물,남,54세,상해없음,승용,여,44세,경상
2017111600100231,2017년 11월 16일 11시,목요일,충청남도 천안시 동남구 광덕면,중상사고,0,2,3,0,차대차 - 추돌,안전운전불이행,건조,맑음,단일로 - 터널,화물,남,52세,상해없음,승용,여,37세,경상
2017111600100265,2017년 11월 16일 12시,목요일,충청남도 홍성군 금마면,경상사고,0,0,1,0,차대차 - 측면충돌,과속,건조,맑음,단일로 - 기타,승용,남,25세,상해없음,이륜,남,63세,경상
2017111600100294,2017년 11월 16일 13시,목요일,충청남도 천안시 동남구 풍세면,경상사고,0,0,3,0,차대차 - 추돌,안전거리미확보,건조,맑음,단일로 - 기타,화물,남,46세,상해없음,승용,여,40세,경상
2017111600100386,2017년 11월 16일 16시,목요일,충청남도 아산시 온천동,중상사고,0,1,0,0,차대사람 - 기타,안전운전불이행,건조,맑음,교차로 - 교차로안,승용,남,57세,상해없음,보행자,여,78세,중상
2017111600100387,2017년 11월 16일 16시,목요일,충청남도 서천군 서천읍,중상사고,0,1,0,0,차대차 - 측면충돌,직진우회전진행방해,건조,맑음,교차로 - 교차로안,승용,남,60세,상해없음,이륜,남,81세,중상
2017111600100388,2017년 11월 16일 16시,목요일,충청남도 부여군 부여읍,경상사고,0,0,1,0,차대차 - 측면충돌,안전운전불이행,건조,맑음,교차로 - 교차로부근,화물,남,79세,상해없음,승용,남,61세,경상
2017111600100469,2017년 11월 16일 18시,목요일,충청남도 천안시 서북구 두정동,경상사고,0,0,1,0,차대사람 - 횡단중,보행자보호의무위반,건조,맑음,교차로 - 교차로횡단보도내,화물,남,48세,상해없음,보행자,남,46세,경상
2017111600100470,2017년 11월 16일 18시,목요일,충청남도 천안시 서북구 쌍용동,경상사고,0,0,1,0,차대차 - 측면충돌,안전운전불이행,건조,맑음,단일로 - 기타,승용,남,36세,상해없음,개인형이동수단(PM),남,23세,경상
2017111600100471,2017년 11월 16일 18시,목요일,충청남도 천안시 서북구 직산읍,중상사고,0,1,0,0,차대차 - 추돌,안전운전불이행,건조,맑음,단일로 - 고가도로위,화물,남,48세,중상,건설기계,남,60세,기타불명
2017111600100472,2017년 11월 16일 18시,목요일,충청남도 논산시 반월동,중상사고,0,1,0,0,차대사람 - 차도통행중,과속,건조,맑음,단일로 - 기타,승용,남,73세,상해없음,보행자,남,75세,중상
2017111600100473,2017년 11월 16일 18시,목요일,충청남도 논산시 광석면,경상사고,0,0,1,0,차량단독 - 전도전복 - 전도,안전운전불이행,건조,맑음,단일로 - 기타,이륜,남,66세,경상,,,,
2017111600100474,2017년 11월 16일 18시,목요일,충청남도 아산시 둔포면,중상사고,0,1,0,0,차대차 - 추돌,안전운전불이행,건조,맑음,단일로 - 기타,승용,남,35세,상해없음,승용,남,28세,중상
2017111600100475,2017년 11월 16일 18시,목요일,충청남도 보령시 대천동,중상사고,0,5,1,0,차대차 - 추돌,안전운전불이행,건조,맑음,단일로 - 기타,화물,남,41세,상해없음,승용,남,45세,경상
2017111600100477,2017년 11월 16일 18시,목요일,충청남도 당진시 수청리,중상사고,0,1,1,0,차대차 - 추돌,안전거리미확보,건조,맑음,단일로 - 기타,승합,남,63세,상해없음,승용,남,27세,경상
2017111600100478,2017년 11월 16일 18시,목요일,충청남도 청양군 청양읍,경상사고,0,0,3,0,차대차 - 측면충돌,직진우회전진행방해,건조,맑음,교차로 - 교차로안,승용,남,58세,경상,승용,남,30세,경상
2017111600100527,2017년 11월 16일 19시,목요일,충청남도 천안시 동남구 용곡동,경상사고,0,0,1,0,차대차 - 측면충돌,교차로운행방법위반,건조,맑음,교차로 - 교차로안,승용,여,37세,상해없음,승용,여,52세,경상
2017111600100554,2017년 11월 16일 20시,목요일,충청남도 논산시 은진면,경상사고,0,0,1,0,차대차 - 추돌,안전운전불이행,건조,맑음,단일로 - 기타,승용,남,37세,상해없음,승용,남,70세,경상
2017111600100555,2017년 11월 16일 20시,목요일,충청남도 공주시 신관동,중상사고,0,1,3,0,차대차 - 측면충돌,교차로운행방법위반,건조,맑음,교차로 - 교차로안,이륜,남,18세,중상,승용,여,54세,경상
2017111600100590,2017년 11월 16일 21시,목요일,충청남도 천안시 서북구 백석동,경상사고,0,0,2,0,차대차 - 추돌,안전운전불이행,건조,맑음,단일로 - 기타,승용,남,36세,상해없음,승용,여,25세,경상
2017111600100638,2017년 11월 16일 23시,목요일,충청남도 천안시 서북구 직산읍,경상사고,0,0,1,0,차대차 - 측면충돌,중앙선침범,건조,맑음,교차로 - 교차로안,승용,여,37세,상해없음,승용,남,49세,경상
2017111700100088,2017년 11월 17일 06시,금요일,충청남도 천안시 서북구 백석동,경상사고,0,0,1,0,차대차 - 측면충돌,교차로운행방법위반,건조,맑음,교차로 - 교차로안,승용,남,54세,상해없음,승용,남,26세,경상
2017111700100111,2017년 11월 17일 07시,금요일,충청남도 아산시 인주면,중상사고,0,1,0,0,차대차 - 측면충돌,신호위반,건조,맑음,교차로 - 교차로안,승용,남,35세,상해없음,승용,남,56세,중상
2017111700100112,2017년 11월 17일 07시,금요일,충청남도 청양군 정산면,중상사고,0,1,0,0,차대차 - 기타,과속,건조,맑음,단일로 - 기타,승용,남,28세,상해없음,화물,남,57세,중상
2017111700100151,2017년 11월 17일 08시,금요일,충청남도 천안시 서북구 성정동,중상사고,0,1,0,0,차대사람 - 횡단중,보행자보호의무위반,건조,맑음,교차로 - 교차로횡단보도내,승용,남,54세,상해없음,보행자,남,9세,중상
2017111700100189,2017년 11월 17일 09시,금요일,충청남도 논산시 덕지동,경상사고,0,0,1,0,차대사람 - 차도통행중,안전운전불이행,건조,맑음,교차로 - 교차로안,승용,여,52세,상해없음,보행자,여,75세,경상
2017111700100190,2017년 11월 17일 09시,금요일,충청남도 천안시 동남구 봉명동,경상사고,0,0,1,0,차대사람 - 기타,안전운전불이행,건조,맑음,단일로 - 기타,승용,여,37세,상해없음,보행자,여,25세,경상
2017111700100191,2017년 11월 17일 09시,금요일,충청남도 천안시 동남구 풍세면,경상사고,0,0,2,0,차대차 - 측면충돌,안전운전불이행,건조,맑음,단일로 - 기타,승용,남,23세,상해없음,승용,남,28세,경상
2017111700100226,2017년 11월 17일 10시,금요일,충청남도 금산군 금산읍,경상사고,0,0,1,0,차대차 - 측면충돌,안전운전불이행,건조,흐림,교차로 - 교차로안,이륜,남,75세,경상,승용,남,51세,상해없음
2017111700100257,2017년 11월 17일 11시,금요일,충청남도 천안시 서북구 백석동,경상사고,0,0,1,0,차대차 - 기타,안전운전불이행,건조,맑음,단일로 - 기타,화물,남,57세,상해없음,승용,여,45세,경상