사고번호,사고일시,요일,시군구,사고내용,사망자수,중상자수,경상자수,부상신고자수,사고유형,법규위반,노면상태,기상상태,도로형태,가해운전자 차종,가해운전자 성별,가해운전자 연령,가해운전자 상해정도,피해운전자 차종,피해운전자 성별,피해운전자 연령,피해운전자 상해정도
2017112200100128,2017년 11월 22일 07시,수요일,충청남도 논산시 벌곡면,중상사고,0,1,0,0,차대차 - 정면충돌,직진우회전진행방해,건조,맑음,교차로 - 교차로안,승용,남,60세,상해없음,화물,남,48세,중상
2017112200100176,2017년 11월 22일 08시,수요일,충청남도 홍성군 홍성읍,중상사고,0,1,0,0,차대차 - 측면충돌,안전운전불이행,건조,맑음,단일로 - 기타,화물,남,48세,상해없음,화물,남,45세,중상
2017112200100211,2017년 11월 22일 09시,수요일,충청남도 당진시 송악읍,사망사고,1,1,0,0,차대차 - 추돌,안전운전불이행,젖음/습기,비,단일로 - 기타,승용,여,50세,중상,화물,남,51세,기타불명
2017112200100247,2017년 11월 22일 10시,수요일,충청남도 천안시 동남구 용곡동,경상사고,0,0,1,0,차대차 - 기타,직진우회전진행방해,건조,맑음,교차로 - 교차로안,승용,여,54세,상해없음,승용,남,40세,경상
2017112200100248,2017년 11월 22일 10시,수요일,충청남도 당진시 송악읍,경상사고,0,0,3,0,차대차 - 기타,안전운전불이행,건조,맑음,단일로 - 기타,승용,여,67세,경상,승용,남,53세,경상
2017112200100277,2017년 11월 22일 11시,수요일,충청남도 논산시 은진면,경상사고,0,0,1,0,차대차 - 측면충돌,기타,젖음/습기,비,교차로 - 교차로안,승용,남,61세,상해없음,승용,여,50세,경상
2017112200100278,2017년 11월 22일 11시,수요일,충청남도 천안시 동남구 신부동,경상사고,0,0,1,0,차대차 - 측면충돌,교차로운행방법위반,건조,맑음,교차로 - 교차로안,승용,남,42세,상해없음,승용,여,29세,경상
2017112200100330,2017년 11월 22일 13시,수요일,충청남도 천안시 서북구 불당동,경상사고,0,0,2,0,차대차 - 측면충돌,신호위반,건조,맑음,교차로 - 교차로안,승합,남,60세,상해없음,승용,여,47세,경상
2017112200100363,2017년 11월 22일 14시,수요일,충청남도 당진시 송악읍,중상사고,0,1,0,0,차대차 - 측면충돌,교차로운행방법위반,건조,맑음,단일로 - 기타,화물,남,52세,상해없음,승용,남,24세,중상
2017112200100400,2017년 11월 22일 15시,수요일,충청남도 예산군 예산읍,경상사고,0,0,1,0,차대차 - 측면충돌,안전운전불이행,건조,맑음,교차로 - 교차로부근,화물,남,25세,상해없음,승용,남,38세,경상
2017112200100470,2017년 11월 22일 17시,수요일,충청남도 태안군 고남면,중상사고,0,1,0,0,차대차 - 정면충돌,안전운전불이행,건조,맑음,단일로 - 기타,원동기,남,74세,상해없음,원동기,남,73세,중상
2017112200100471,2017년 11월 22일 17시,수요일,충청남도 천안시 서북구 성성동,경상사고,0,0,1,0,차대차 - 측면충돌,안전운전불이행,건조,맑음,교차로 - 교차로부근,승용,남,54세,상해없음,자전거,여,38세,경상
2017112200100472,2017년 11월 22일 17시,수요일,충청남도 아산시 모종동,중상사고,0,1,0,0,차대차 - 기타,안전운전불이행,건조,맑음,단일로 - 기타,승용,여,37세,상해없음,이륜,남,41세,중상
2017112200100473,2017년 11월 22일 17시,수요일,충청남도 아산시 탕정면,경상사고,0,0,1,0,차대차 - 추돌,신호위반,건조,맑음,교차로 - 교차로안,승용,여,29세,상해없음,이륜,남,32세,경상
2017112200100474,2017년 11월 22일 17시,수요일,충청남도 아산시 둔포면,중상사고,0,1,0,0,차대차 - 기타,신호위반,건조,맑음,교차로 - 교차로안,화물,남,50세,상해없음,화물,남,73세,중상
2017112200100521,2017년 11월 22일 18시,수요일,충청남도 계룡시 금암동,경상사고,0,0,2,0,차대차 - 추돌,안전운전불이행,건조,맑음,단일로 - 기타,화물,남,55세,상해없음,승용,여,37세,경상
2017112200100523,2017년 11월 22일 18시,수요일,충청남도 당진시 송악읍,중상사고,0,1,0,0,차대사람 - 길가장자리구역통행중,안전운전불이행,건조,맑음,단일로 - 기타,승용,여,26세,상해없음,보행자,남,44세,중상
2017112200100524,2017년 11월 22일 18시,수요일,충청남도 천안시 동남구 목천읍,경상사고,0,0,1,0,차대차 - 추돌,안전운전불이행,건조,맑음,단일로 - 기타,화물,남,62세,상해없음,승용,남,45세,경상
2017112200100582,2017년 11월 22일 19시,수요일,충청남도 천안시 서북구 불당동,경상사고,0,0,1,0,차대차 - 측면충돌,안전운전불이행,건조,맑음,단일로 - 기타,승용,남,58세,상해없음,승용,여,38세,경상
2017112200100620,2017년 11월 22일 20시,수요일,충청남도 태안군 태안읍,중상사고,0,1,0,0,차대사람 - 횡단중,과속,건조,맑음,교차로 - 교차로안,승용,남,38세,상해없음,보행자,남,55세,중상
2017112200100621,2017년 11월 22일 20시,수요일,충청남도 천안시 서북구 쌍용동,중상사고,0,1,0,0,차대사람 - 길가장자리구역통행중,안전운전불이행,건조,맑음,단일로 - 기타,승용,여,51세,상해없음,보행자,남,53세,중상
2017112200100622,2017년 11월 22일 20시,수요일,충청남도 천안시 서북구 성정동,경상사고,0,0,1,0,차대차 - 추돌,안전운전불이행,건조,맑음,단일로 - 기타,승용,여,52세,상해없음,승용,남,28세,경상
2017112200100676,2017년 11월 22일 22시,수요일,충청남도 천안시 서북구 두정동,중상사고,0,1,0,0,차대사람 - 기타,안전운전불이행,건조,맑음,단일로 - 기타,승용,남,65세,상해없음,보행자,남,57세,중상
2017112200100677,2017년 11월 22일 22시,수요일,충청남도 홍성군 광천읍,경상사고,0,0,2,0,차대차 - 추돌,안전운전불이행,건조,맑음,단일로 - 기타,승용,남,43세,상해없음,승용,남,39세,경상
2017112200100678,2017년 11월 22일 22시,수요일,충청남도 아산시 풍기동,사망사고,1,2,0,0,차대사람 - 횡단중,신호위반,건조,맑음,교차로 - 교차로횡단보도내,승용,남,37세,상해없음,보행자,남,14세,사망
2017112300100080,2017년 11월 23일 04시,목요일,충청남도 천안시 서북구 성성동,경상사고,0,0,1,0,차대차 - 기타,안전거리미확보,건조,맑음,단일로 - 기타,승용,남,30세,상해없음,승용,여,55세,경상
2017112300100107,2017년 11월 23일 06시,목요일,충청남도 보령시 주교면,경상사고,0,0,2,0,차대차 - 정면충돌,안전운전불이행,건조,맑음,단일로 - 기타,승용,남,26세,경상,화물,남,59세,경상
2017112300100108,2017년 11월 23일 06시,목요일,충청남도 금산군 제원면,중상사고,0,1,2,0,차대차 - 기타,중앙선침범,젖음/습기,안개,단일로 - 교량,승용,여,56세,중상,승용,남,67세,경상
2017112300100157,2017년 11월 23일 08시,목요일,충청남도 공주시 옥룡동,경상사고,0,0,1,0,차대차 - 기타,안전운전불이행,건조,맑음,교차로 - 교차로안,승용,남,61세,상해없음,승합,남,28세,경상
2017112300100158,2017년 11월 23일 08시,목요일,충청남도 당진시 시곡리,경상사고,0,0,1,0,차대차 - 측면충돌,안전운전불이행,적설,눈,단일로 - 기타,화물,남,57세,상해없음,승용,여,29세,경상
2017112300100159,2017년 11월 23일 08시,목요일,충청남도 천안시 동남구 유량동,경상사고,0,0,1,0,차대차 - 측면충돌,안전운전불이행,건조,맑음,단일로 - 기타,승용,여,49세,상해없음,승용,여,29세,경상
2017112300100197,2017년 11월 23일 09시,목요일,충청남도 서산시 대산읍,중상사고,0,1,1,0,차대차 - 측면충돌,직진우회전진행방해,젖음/습기,눈,교차로 - 교차로안,화물,남,55세,상해없음,승용,여,56세,경상
2017112300100198,2017년 11월 23일 09시,목요일,충청남도 당진시 신평면,경상사고,0,0,2,0,차대차 - 측면충돌,차로위반,적설,눈,단일로 - 기타,화물,여,52세,상해없음,승용,여,29세,경상
2017112300100199,2017년 11월 23일 09시,목요일,충청남도 금산군 금산읍,중상사고,0,1,1,0,차대차 - 측면충돌,안전운전불이행,건조,맑음,교차로 - 교차로부근,이륜,남,78세,중상,승용,여,49세,경상
2017112300100200,2017년 11월 23일 09시,목요일,충청남도 청양군 운곡면,중상사고,0,1,0,0,차대차 - 정면충돌,안전운전불이행,적설,눈,단일로 - 기타,승용,남,78세,중상,승용,남,20세,상해없음
2017112300100201,2017년 11월 23일 09시,목요일,충청남도 공주시 정안면,중상사고,0,4,0,0,차대차 - 기타,안전운전불이행,적설,눈,단일로 - 기타,화물,남,64세,중상,화물,남,43세,상해없음
2017112300100230,2017년 11월 23일 10시,목요일,충청남도 서천군 서천읍,중상사고,0,1,1,0,차대차 - 정면충돌,중앙선침범,적설,눈,단일로 - 기타,승용,남,29세,경상,화물,남,81세,중상
2017112300100231,2017년 11월 23일 10시,목요일,충청남도 공주시 의당면,중상사고,0,1,0,0,차대차 - 기타,안전운전불이행,적설,눈,기타 - 기타,화물,남,60세,기타불명,승용,남,67세,중상
2017112300100232,2017년 11월 23일 10시,목요일,충청남도 공주시 봉정동,중상사고,0,1,4,1,차량단독 - 공작물충돌,안전운전불이행,적설,눈,교차로 - 교차로안,승합,남,56세,상해없음,,,,
2017112300100233,2017년 11월 23일 10시,목요일,충청남도 공주시 사곡면,경상사고,0,0,1,0,차대차 - 기타,안전운전불이행,적설,눈,단일로 - 교량,특수,남,56세,상해없음,화물,남,61세,상해없음
2017112300100268,2017년 11월 23일 11시,목요일,충청남도 당진시 읍내리,경상사고,0,0,1,1,차대차 - 측면충돌,교차로운행방법위반,건조,맑음,교차로 - 교차로안,승용,남,62세,부상신고,승용,여,58세,상해없음
2017112300100328,2017년 11월 23일 13시,목요일,충청남도 천안시 서북구 입장면,경상사고,0,0,2,0,차대차 - 추돌,안전거리미확보,건조,맑음,교차로 - 교차로안,승용,남,27세,상해없음,승용,여,43세,경상
2017112300100329,2017년 11월 23일 13시,목요일,충청남도 보령시 대천동,중상사고,0,1,0,0,차대사람 - 횡단중,보행자보호의무위반,건조,맑음,교차로 - 교차로횡단보도내,화물,남,70세,상해없음,보행자,남,62세,중상
2017112300100357,2017년 11월 23일 14시,목요일,충청남도 서산시 석남동,경상사고,0,0,1,0,차대사람 - 보도통행중,신호위반,건조,맑음,교차로 - 교차로횡단보도내,승용,남,67세,상해없음,보행자,여,65세,경상
2017112300100359,2017년 11월 23일 14시,목요일,충청남도 천안시 동남구 성황동,경상사고,0,0,1,1,차대차 - 측면충돌,신호위반,건조,맑음,교차로 - 교차로안,승용,남,29세,부상신고,승용,남,47세,경상
2017112300100386,2017년 11월 23일 15시,목요일,충청남도 당진시 대덕리,경상사고,0,0,1,0,차대차 - 측면충돌,신호위반,건조,맑음,교차로 - 교차로안,승용,여,23세,경상,특수,남,41세,상해없음
2017112300100387,2017년 11월 23일 15시,목요일,충청남도 당진시 신평면,부상신고사고,0,0,0,1,차대차 - 측면충돌,안전운전불이행,건조,맑음,교차로 - 교차로부근,승용,남,74세,상해없음,승용,남,19세,상해없음
2017112300100423,2017년 11월 23일 16시,목요일,충청남도 당진시 읍내리,부상신고사고,0,0,0,1,차대사람 - 횡단중,보행자보호의무위반,건조,맑음,교차로 - 교차로부근,기타불명,기타불명,미분류,기타불명,보행자,남,10세,부상신고
2017112300100462,2017년 11월 23일 17시,목요일,충청남도 서산시 읍내동,경상사고,0,0,2,0,차대사람 - 보도통행중,신호위반,건조,맑음,교차로 - 교차로안,이륜,남,38세,경상,보행자,남,31세,경상
2017112300100463,2017년 11월 23일 17시,목요일,충청남도 천안시 서북구 성정동,경상사고,0,0,1,0,차대차 - 기타,안전운전불이행,건조,맑음,단일로 - 기타,원동기,남,46세,경상,화물,남,43세,상해없음
2017112300100464,2017년 11월 23일 17시,목요일,충청남도 천안시 동남구 목천읍,중상사고,0,1,1,0,차대차 - 측면충돌,직진우회전진행방해,건조,맑음,교차로 - 교차로안,승용,남,31세,경상,승용,남,58세,중상
2017112300100516,2017년 11월 23일 18시,목요일,충청남도 천안시 서북구 백석동,중상사고,0,1,0,0,차대사람 - 횡단중,신호위반,건조,맑음,교차로 - 교차로부근,화물,남,48세,상해없음,보행자,남,38세,중상
2017112300100640,2017년 11월 23일 22시,목요일,충청남도 천안시 동남구 안서동,경상사고,0,0,1,0,차대차 - 추돌,안전운전불이행,건조,맑음,단일로 - 기타,기타불명,기타불명,미분류,기타불명,승용,남,31세,경상
2017112300100659,2017년 11월 23일 23시,목요일,충청남도 아산시 둔포면,경상사고,0,0,2,0,차대차 - 기타,안전운전불이행,서리/결빙,눈,단일로 - 기타,승용,남,44세,경상,승용,남,35세,경상
2017112400100044,2017년 11월 24일 00시,금요일,충청남도 천안시 동남구 광덕면,중상사고,0,1,1,0,차대사람 - 기타,안전운전불이행,서리/결빙,눈,단일로 - 기타,승용,남,35세,상해없음,보행자,남,53세,경상
2017112400100045,2017년 11월 24일 00시,금요일,충청남도 천안시 동남구 광덕면,경상사고,0,0,1,1,차대차 - 추돌,안전운전불이행,서리/결빙,눈,단일로 - 기타,승용,남,47세,상해없음,승용,남,37세,경상
2017112400100074,2017년 11월 24일 01시,금요일,충청남도 당진시 합덕읍,중상사고,0,1,0,0,차량단독 - 공작물충돌,안전운전불이행,적설,눈,단일로 - 기타,승용,여,26세,중상,,,,
2017112400100099,2017년 11월 24일 03시,금요일,충청남도 천안시 서북구 성정동,경상사고,0,0,2,0,차대차 - 추돌,안전운전불이행,적설,눈,단일로 - 기타,승용,남,44세,상해없음,승용,남,50세,경상
2017112400100124,2017년 11월 24일 05시,금요일,충청남도 보령시 대천동,중상사고,0,1,0,0,차대사람 - 횡단중,신호위반,젖음/습기,눈,교차로 - 교차로횡단보도내,화물,남,68세,상해없음,보행자,남,79세,중상
2017112400100145,2017년 11월 24일 06시,금요일,충청남도 서산시 인지면,경상사고,0,0,1,0,차대차 - 측면충돌,신호위반,젖음/습기,눈,교차로 - 교차로안,승용,남,66세,상해없음,승용,남,58세,경상
2017112400100147,2017년 11월 24일 06시,금요일,충청남도 당진시 석문면,경상사고,0,0,1,0,차량단독 - 공작물충돌,안전운전불이행,서리/결빙,눈,단일로 - 교량,승용,남,38세,경상,,,,
2017112400100269,2017년 11월 24일 09시,금요일,충청남도 논산시 연무읍,중상사고,0,1,0,0,차대사람 - 횡단중,중앙선침범,젖음/습기,맑음,단일로 - 기타,승용,남,69세,상해없음,보행자,여,81세,중상
2017112400100294,2017년 11월 24일 10시,금요일,충청남도 보령시 명천동,경상사고,0,0,1,0,차대사람 - 기타,안전운전불이행,건조,맑음,기타 - 기타,승용,남,48세,상해없음,보행자,여,72세,경상
2017112400100322,2017년 11월 24일 11시,금요일,충청남도 홍성군 홍성읍,중상사고,0,1,0,0,차대사람 - 횡단중,안전운전불이행,젖음/습기,흐림,단일로 - 기타,승용,남,73세,상해없음,보행자,여,77세,중상
2017112400100323,2017년 11월 24일 11시,금요일,충청남도 천안시 동남구 영성동,경상사고,0,0,2,0,차대차 - 측면충돌,안전거리미확보,젖음/습기,비,단일로 - 기타,승용,여,36세,상해없음,승용,남,29세,경상
2017112400100394,2017년 11월 24일 13시,금요일,충청남도 아산시 영인면,중상사고,0,1,0,0,차대차 - 측면충돌,안전운전불이행,젖음/습기,맑음,교차로 - 교차로안,승용,여,58세,상해없음,이륜,남,59세,중상
2017112400100395,2017년 11월 24일 13시,금요일,충청남도 아산시 좌부동,경상사고,0,0,1,0,차대차 - 추돌,안전운전불이행,건조,맑음,단일로 - 기타,승용,남,58세,상해없음,승용,남,56세,경상
2017112400100472,2017년 11월 24일 15시,금요일,충청남도 서산시 예천동,중상사고,0,1,0,0,차대차 - 추돌,안전운전불이행,건조,맑음,단일로 - 기타,화물,남,34세,상해없음,승용,남,51세,중상
2017112400100473,2017년 11월 24일 15시,금요일,충청남도 당진시 읍내리,경상사고,0,0,3,0,차대차 - 측면충돌,교차로운행방법위반,건조,맑음,교차로 - 교차로안,승용,남,59세,상해없음,승용,남,59세,경상
2017112400100515,2017년 11월 24일 16시,금요일,충청남도 태안군 원북면,경상사고,0,0,1,0,차대차 - 측면충돌,직진우회전진행방해,건조,맑음,교차로 - 교차로안,승용,남,72세,경상,화물,남,66세,상해없음
2017112400100516,2017년 11월 24일 16시,금요일,충청남도 천안시 서북구 성정동,경상사고,0,0,2,0,차대차 - 기타,안전운전불이행,건조,맑음,교차로 - 교차로안,승용,남,62세,상해없음,화물,남,26세,경상
2017112400100517,2017년 11월 24일 16시,금요일,충청남도 천안시 동남구 신방동,경상사고,0,0,1,0,차대차 - 기타,안전운전불이행,건조,맑음,단일로 - 기타,이륜,남,21세,경상,승용,남,36세,상해없음
2017112400100559,2017년 11월 24일 17시,금요일,충청남도 천안시 동남구 용곡동,경상사고,0,0,1,0,차대차 - 추돌,안전운전불이행,건조,맑음,교차로 - 교차로안,승용,여,31세,상해없음,승용,여,34세,경상
2017112400100615,2017년 11월 24일 18시,금요일,충청남도 아산시 배방읍,경상사고,0,0,1,0,차대차 - 정면충돌,안전운전불이행,건조,맑음,교차로 - 교차로안,승용,남,20세,상해없음,이륜,남,35세,경상
2017112400100616,2017년 11월 24일 18시,금요일,충청남도 당진시 정미면,경상사고,0,0,1,0,차대차 - 추돌,안전운전불이행,건조,맑음,단일로 - 기타,승용,남,69세,상해없음,건설기계,남,22세,경상
2017112400100617,2017년 11월 24일 18시,금요일,충청남도 청양군 청양읍,중상사고,0,1,0,0,차대차 - 추돌,안전운전불이행,건조,맑음,교차로 - 교차로부근,화물,남,58세,상해없음,승용,남,47세,중상
2017112400100677,2017년 11월 24일 19시,금요일,충청남도 천안시 서북구 신당동,경상사고,0,0,1,0,차대차 - 추돌,안전운전불이행,기타,맑음,교차로 - 교차로부근,승용,남,43세,상해없음,승용,여,21세,경상
2017112400100678,2017년 11월 24일 19시,금요일,충청남도 보령시 주포면,경상사고,0,0,3,0,차대차 - 측면충돌,안전운전불이행,건조,맑음,교차로 - 교차로안,승용,여,40세,상해없음,승용,여,36세,경상
2017112400100720,2017년 11월 24일 20시,금요일,충청남도 서산시 석남동,경상사고,0,0,1,0,차대차 - 측면충돌,중앙선침범,건조,맑음,단일로 - 기타,승용,남,51세,상해없음,승용,여,27세,경상
2017112400100743,2017년 11월 24일 21시,금요일,충청남도 당진시 송산면,경상사고,0,0,1,0,차대차 - 측면충돌,신호위반,건조,맑음,교차로 - 교차로안,승용,남,34세,상해없음,승용,여,30세,경상
2017112400100803,2017년 11월 24일 23시,금요일,충청남도 공주시 월송동,중상사고,0,1,0,0,차대차 - 정면충돌,중앙선침범,건조,기타,교차로 - 교차로부근,승용,여,37세,상해없음,승용,남,19세,중상
2017112500100071,2017년 11월 25일 01시,토요일,충청남도 아산시 음봉면,경상사고,0,0,2,0,차대차 - 측면충돌,신호위반,건조,맑음,교차로 - 교차로안,승합,남,37세,상해없음,승용,여,56세,경상
2017112500100072,2017년 11월 25일 01시,토요일,충청남도 천안시 동남구 성남면,경상사고,0,0,1,0,차대차 - 추돌,안전운전불이행,건조,맑음,단일로 - 기타,승용,여,25세,상해없음,승용,남,48세,경상
2017112500100105,2017년 11월 25일 03시,토요일,충청남도 아산시 풍기동,경상사고,0,0,1,0,차대차 - 추돌,안전운전불이행,건조,맑음,교차로 - 교차로부근,승용,남,29세,상해없음,승용,남,51세,경상
2017112500100146,2017년 11월 25일 06시,토요일,충청남도 서산시 석남동,중상사고,0,1,0,0,차대차 - 정면충돌,신호위반,건조,맑음,교차로 - 교차로부근,승용,여,42세,상해없음,승용,여,30세,중상
2017112500100179,2017년 11월 25일 08시,토요일,충청남도 공주시 우성면,중상사고,0,4,2,0,차대차 - 측면충돌,신호위반,건조,맑음,교차로 - 교차로안,승합,남,77세,중상,승합,남,60세,상해없음
2017112500100207,2017년 11월 25일 09시,토요일,충청남도 천안시 서북구 쌍용동,경상사고,0,0,1,0,차대차 - 기타,안전거리미확보,젖음/습기,맑음,단일로 - 기타,승용,남,40세,상해없음,승용,남,55세,경상
2017112500100264,2017년 11월 25일 11시,토요일,충청남도 부여군 외산면,중상사고,0,1,0,0,차대사람 - 기타,안전운전불이행,건조,맑음,기타 - 기타,화물,남,60세,기타불명,보행자,여,68세,중상
2017112500100293,2017년 11월 25일 12시,토요일,충청남도 당진시 석문면,경상사고,0,0,1,0,차대사람 - 차도통행중,안전운전불이행,건조,맑음,단일로 - 기타,승합,여,68세,상해없음,보행자,남,11세,경상
2017112500100329,2017년 11월 25일 13시,토요일,충청남도 태안군 태안읍,경상사고,0,0,1,0,차대사람 - 횡단중,보행자보호의무위반,건조,흐림,단일로 - 기타,승합,남,44세,상해없음,보행자,여,62세,경상
2017112500100422,2017년 11월 25일 16시,토요일,충청남도 아산시 온천동,중상사고,0,1,0,0,차대사람 - 기타,안전운전불이행,건조,맑음,교차로 - 교차로안,승용,남,69세,상해없음,보행자,여,66세,중상
2017112500100462,2017년 11월 25일 17시,토요일,충청남도 천안시 서북구 성성동,경상사고,0,0,2,0,차대차 - 기타,안전운전불이행,건조,맑음,단일로 - 기타,승용,남,53세,상해없음,승용,남,28세,경상
2017112500100527,2017년 11월 25일 18시,토요일,충청남도 당진시 신평면,사망사고,1,0,0,0,차대사람 - 길가장자리구역통행중,안전운전불이행,젖음/습기,흐림,단일로 - 기타,화물,여,54세,상해없음,보행자,남,81세,사망
2017112500100575,2017년 11월 25일 19시,토요일,충청남도 서산시 동문동,경상사고,0,0,1,0,차대차 - 측면충돌,신호위반,젖음/습기,비,교차로 - 교차로안,승용,남,40세,상해없음,승용,남,47세,경상
2017112500100576,2017년 11월 25일 19시,토요일,충청남도 태안군 태안읍,중상사고,0,2,0,0,차대차 - 추돌,안전운전불이행,젖음/습기,흐림,교차로 - 교차로부근,승용,남,46세,상해없음,승용,남,39세,중상
2017112500100577,2017년 11월 25일 19시,토요일,충청남도 공주시 신관동,경상사고,0,0,1,0,차대차 - 기타,안전운전불이행,건조,맑음,교차로 - 교차로안,승용,남,54세,상해없음,이륜,남,47세,경상
2017112500100578,2017년 11월 25일 19시,토요일,충청남도 예산군 예산읍,경상사고,0,0,2,0,차대차 - 측면충돌,신호위반,건조,맑음,교차로 - 교차로안,승용,남,75세,상해없음,승용,남,38세,경상
2017112500100618,2017년 11월 25일 20시,토요일,충청남도 천안시 서북구 성환읍,경상사고,0,0,1,0,차대차 - 추돌,안전운전불이행,건조,맑음,단일로 - 기타,승용,남,47세,상해없음,승용,남,30세,경상
2017112500100646,2017년 11월 25일 21시,토요일,충청남도 천안시 서북구 성정동,경상사고,0,0,1,0,차대차 - 후진중충돌,안전운전불이행,젖음/습기,비,단일로 - 기타,승용,여,44세,상해없음,자전거,남,58세,경상
2017112500100647,2017년 11월 25일 21시,토요일,충청남도 아산시 둔포면,중상사고,0,1,0,0,차대사람 - 길가장자리구역통행중,안전운전불이행,젖음/습기,비,단일로 - 기타,승용,여,58세,상해없음,보행자,남,61세,중상
2017112500100648,2017년 11월 25일 21시,토요일,충청남도 예산군 예산읍,경상사고,0,0,1,0,차대사람 - 차도통행중,안전운전불이행,건조,맑음,단일로 - 기타,승용,남,38세,상해없음,보행자,남,6세,경상
2017112500100671,2017년 11월 25일 22시,토요일,충청남도 천안시 서북구 두정동,경상사고,0,0,1,0,차대차 - 측면충돌,신호위반,젖음/습기,비,교차로 - 교차로안,승용,남,46세,상해없음,승용,남,59세,경상
2017112500100672,2017년 11월 25일 22시,토요일,충청남도 아산시 용화동,경상사고,0,0,1,0,차대사람 - 횡단중,안전운전불이행,건조,맑음,단일로 - 기타,승용,남,29세,상해없음,보행자,남,27세,경상
2017112500100694,2017년 11월 25일 23시,토요일,충청남도 천안시 서북구 쌍용동,경상사고,0,0,1,0,차대사람 - 횡단중,신호위반,젖음/습기,비,교차로 - 교차로횡단보도내,원동기,남,18세,상해없음,보행자,여,50세,경상
2017112500100695,2017년 11월 25일 23시,토요일,충청남도 천안시 동남구 구성동,중상사고,0,1,1,0,차대사람 - 횡단중,보행자보호의무위반,젖음/습기,비,교차로 - 교차로안,승용,여,46세,상해없음,보행자,여,56세,경상
2017112600100022,2017년 11월 26일 00시,일요일,충청남도 당진시 송악읍,사망사고,1,0,0,0,차량단독 - 공작물충돌,안전운전불이행,젖음/습기,흐림,단일로 - 기타,승용,남,47세,사망,,,,
2017112600100127,2017년 11월 26일 09시,일요일,충청남도 예산군 삽교읍,경상사고,0,0,4,0,차대차 - 추돌,안전운전불이행,젖음/습기,안개,단일로 - 기타,화물,남,58세,경상,승용,여,31세,경상
2017112600100165,2017년 11월 26일 11시,일요일,충청남도 천안시 서북구 성정동,경상사고,0,0,1,0,차대차 - 추돌,신호위반,건조,맑음,단일로 - 기타,승합,남,54세,상해없음,승용,남,35세,경상
2017112600100200,2017년 11월 26일 13시,일요일,충청남도 부여군 홍산면,경상사고,0,0,1,0,차대사람 - 보도통행중,기타,건조,맑음,단일로 - 기타,화물,남,55세,상해없음,보행자,여,84세,경상
2017112600100276,2017년 11월 26일 16시,일요일,충청남도 태안군 근흥면,중상사고,0,1,2,0,차대차 - 측면충돌,기타,건조,맑음,교차로 - 교차로안,화물,남,27세,경상,승합,여,62세,중상
2017112600100277,2017년 11월 26일 16시,일요일,충청남도 서산시 동문동,부상신고사고,0,0,0,1,차대차 - 기타,직진우회전진행방해,건조,맑음,교차로 - 교차로안,자전거,남,15세,부상신고,승용,남,39세,상해없음
2017112600100278,2017년 11월 26일 16시,일요일,충청남도 서산시 대산읍,경상사고,0,0,2,0,차대차 - 측면충돌,직진우회전진행방해,젖음/습기,맑음,교차로 - 교차로안,화물,남,52세,상해없음,승용,남,33세,경상
2017112600100279,2017년 11월 26일 16시,일요일,충청남도 서천군 서천읍,경상사고,0,0,1,0,차대차 - 측면충돌,안전운전불이행,건조,맑음,교차로 - 교차로부근,승용,남,57세,상해없음,화물,남,41세,경상
2017112600100280,2017년 11월 26일 16시,일요일,충청남도 천안시 동남구 원성동,경상사고,0,0,2,0,차대차 - 추돌,안전거리미확보,건조,맑음,단일로 - 기타,화물,여,67세,상해없음,승용,남,51세,경상
2017112600100321,2017년 11월 26일 17시,일요일,충청남도 공주시 유구읍,경상사고,0,0,1,0,차대차 - 추돌,안전운전불이행,건조,맑음,단일로 - 기타,승용,남,41세,경상,화물,남,55세,상해없음
2017112600100485,2017년 11월 26일 23시,일요일,충청남도 공주시 정안면,경상사고,0,0,3,1,차대차 - 추돌,안전운전불이행,건조,맑음,단일로 - 기타,승용,남,30세,경상,승용,남,22세,경상
2017112700100052,2017년 11월 27일 02시,월요일,충청남도 태안군 태안읍,중상사고,0,1,1,0,차대사람 - 기타,안전운전불이행,건조,맑음,단일로 - 기타,승용,남,19세,상해없음,보행자,여,19세,중상
2017112700100070,2017년 11월 27일 05시,월요일,충청남도 아산시 음봉면,경상사고,0,0,1,0,차대차 - 기타,신호위반,건조,맑음,교차로 - 교차로안,승용,남,56세,상해없음,승용,남,34세,경상
2017112700100100,2017년 11월 27일 07시,월요일,충청남도 당진시 읍내리,경상사고,0,0,2,0,차대차 - 측면충돌,교차로운행방법위반,건조,맑음,교차로 - 교차로안,승용,남,60세,상해없음,승용,여,47세,경상
2017112700100140,2017년 11월 27일 08시,월요일,충청남도 천안시 서북구 직산읍,경상사고,0,0,1,0,차대차 - 정면충돌,중앙선침범,서리/결빙,맑음,단일로 - 기타,화물,여,49세,상해없음,화물,남,46세,경상