사고번호,사고일시,요일,시군구,사고내용,사망자수,중상자수,경상자수,부상신고자수,사고유형,법규위반,노면상태,기상상태,도로형태,가해운전자 차종,가해운전자 성별,가해운전자 연령,가해운전자 상해정도,피해운전자 차종,피해운전자 성별,피해운전자 연령,피해운전자 상해정도
2017120100100692,2017년 12월 1일 21시,금요일,충청남도 홍성군 홍성읍,중상사고,0,1,0,0,차대차 - 측면충돌,안전운전불이행,건조,맑음,교차로 - 교차로안,이륜,남,17세,상해없음,이륜,남,27세,중상
2017120100100693,2017년 12월 1일 21시,금요일,충청남도 보령시 동대동,경상사고,0,0,2,0,차대차 - 측면충돌,신호위반,건조,흐림,교차로 - 교차로안,이륜,남,19세,상해없음,승용,여,58세,경상
2017120100100694,2017년 12월 1일 21시,금요일,충청남도 보령시 주포면,중상사고,0,1,0,0,차대사람 - 기타,안전운전불이행,건조,흐림,교차로 - 교차로안,승용,남,35세,상해없음,보행자,여,71세,중상
2017120100100696,2017년 12월 1일 21시,금요일,충청남도 예산군 광시면,경상사고,0,0,1,0,차대차 - 정면충돌,중앙선침범,건조,맑음,단일로 - 기타,승용,남,63세,상해없음,승용,여,53세,경상
2017120100100697,2017년 12월 1일 21시,금요일,충청남도 당진시 석문면,중상사고,0,1,0,0,차대차 - 기타,안전운전불이행,서리/결빙,눈,단일로 - 기타,승용,남,46세,상해없음,승용,남,28세,상해없음
2017120100100698,2017년 12월 1일 21시,금요일,충청남도 천안시 동남구 구성동,중상사고,0,1,1,0,차대차 - 측면충돌,안전운전불이행,건조,맑음,단일로 - 기타,승용,남,27세,상해없음,원동기,남,25세,중상
2017120100100732,2017년 12월 1일 22시,금요일,충청남도 천안시 서북구 쌍용동,경상사고,0,0,1,0,차대차 - 측면충돌,안전운전불이행,건조,맑음,단일로 - 기타,승용,남,26세,상해없음,승용,남,40세,상해없음
2017120200100037,2017년 12월 2일 00시,토요일,충청남도 천안시 동남구 청당동,경상사고,0,0,1,0,차대차 - 측면충돌,교차로운행방법위반,건조,맑음,교차로 - 교차로안,승용,남,36세,상해없음,승용,여,55세,경상
2017120200100081,2017년 12월 2일 02시,토요일,충청남도 천안시 서북구 두정동,경상사고,0,0,1,0,차대차 - 측면충돌,중앙선침범,건조,맑음,단일로 - 기타,승용,남,62세,상해없음,승용,남,29세,경상
2017120200100107,2017년 12월 2일 05시,토요일,충청남도 아산시 배미동,중상사고,0,1,0,0,차대차 - 추돌,안전운전불이행,건조,맑음,기타 - 기타,승용,남,45세,상해없음,자전거,남,69세,중상
2017120200100125,2017년 12월 2일 06시,토요일,충청남도 아산시 도고면,경상사고,0,0,1,0,차대사람 - 기타,중앙선침범,건조,맑음,단일로 - 기타,이륜,남,73세,상해없음,보행자,남,75세,경상
2017120200100158,2017년 12월 2일 08시,토요일,충청남도 당진시 합덕읍,경상사고,0,0,1,0,차대차 - 추돌,안전운전불이행,건조,맑음,교차로 - 교차로부근,승용,남,76세,기타불명,승용,남,44세,경상
2017120200100213,2017년 12월 2일 10시,토요일,충청남도 천안시 동남구 구성동,경상사고,0,0,1,0,차대차 - 측면충돌,직진우회전진행방해,건조,맑음,교차로 - 교차로안,승용,여,43세,상해없음,이륜,남,42세,경상
2017120200100214,2017년 12월 2일 10시,토요일,충청남도 천안시 동남구 청당동,경상사고,0,0,1,0,차대차 - 측면충돌,안전거리미확보,건조,맑음,단일로 - 기타,화물,남,60세,상해없음,승용,남,47세,경상
2017120200100248,2017년 12월 2일 11시,토요일,충청남도 천안시 동남구 영성동,중상사고,0,1,0,0,차대차 - 측면충돌,직진우회전진행방해,건조,맑음,교차로 - 교차로안,화물,남,71세,상해없음,이륜,남,68세,중상
2017120200100249,2017년 12월 2일 11시,토요일,충청남도 천안시 동남구 구성동,경상사고,0,0,6,1,차대차 - 추돌,안전운전불이행,건조,맑음,단일로 - 기타,승용,남,36세,상해없음,승용,남,52세,경상
2017120200100280,2017년 12월 2일 12시,토요일,충청남도 공주시 우성면,경상사고,0,0,6,0,차대차 - 측면충돌,안전운전불이행,건조,맑음,교차로 - 교차로안,승용,여,53세,경상,승용,여,49세,경상
2017120200100282,2017년 12월 2일 12시,토요일,충청남도 태안군 안면읍,부상신고사고,0,0,0,1,차대차 - 기타,안전운전불이행,건조,맑음,단일로 - 기타,건설기계,남,48세,상해없음,이륜,남,90세 이상,부상신고
2017120200100313,2017년 12월 2일 13시,토요일,충청남도 공주시 우성면,경상사고,0,0,2,0,차대차 - 추돌,안전운전불이행,건조,맑음,단일로 - 기타,화물,남,72세,상해없음,이륜,남,43세,경상
2017120200100351,2017년 12월 2일 14시,토요일,충청남도 청양군 대치면,중상사고,0,2,3,0,차대차 - 추돌,안전운전불이행,건조,맑음,교차로 - 교차로부근,승합,남,40세,상해없음,승용,남,41세,경상
2017120200100352,2017년 12월 2일 14시,토요일,충청남도 태안군 근흥면,사망사고,1,1,0,0,차대차 - 정면충돌,중앙선침범,건조,흐림,단일로 - 기타,승용,여,50세,사망,승용,남,63세,중상
2017120200100421,2017년 12월 2일 16시,토요일,충청남도 천안시 동남구 원성동,경상사고,0,0,1,0,차대사람 - 횡단중,안전운전불이행,건조,맑음,단일로 - 기타,승용,남,65세,상해없음,보행자,여,53세,경상
2017120200100459,2017년 12월 2일 17시,토요일,충청남도 서산시 예천동,중상사고,0,1,0,0,차대차 - 측면충돌,신호위반,건조,맑음,교차로 - 교차로안,화물,남,57세,기타불명,승용,여,55세,중상
2017120200100460,2017년 12월 2일 17시,토요일,충청남도 예산군 예산읍,경상사고,0,0,1,0,차대사람 - 기타,안전운전불이행,건조,맑음,단일로 - 기타,승용,여,39세,상해없음,보행자,여,63세,경상
2017120200100492,2017년 12월 2일 18시,토요일,충청남도 서산시 온석동,경상사고,0,0,3,0,차대차 - 정면충돌,중앙선침범,건조,맑음,단일로 - 기타,승용,남,52세,상해없음,화물,남,43세,경상
2017120200100493,2017년 12월 2일 18시,토요일,충청남도 아산시 탕정면,사망사고,2,1,0,0,차대차 - 기타,안전운전불이행,건조,맑음,교차로 - 교차로안,승용,여,35세,상해없음,승용,남,54세,중상
2017120200100494,2017년 12월 2일 18시,토요일,충청남도 당진시 원당리,경상사고,0,0,2,0,차대차 - 정면충돌,교차로운행방법위반,건조,맑음,교차로 - 교차로안,승용,여,36세,경상,승용,남,45세,경상
2017120200100495,2017년 12월 2일 18시,토요일,충청남도 천안시 동남구 대흥동,중상사고,0,2,0,0,차대사람 - 기타,안전운전불이행,건조,맑음,단일로 - 기타,승합,남,46세,상해없음,보행자,여,75세,중상
2017120200100541,2017년 12월 2일 19시,토요일,충청남도 당진시 송산면,중상사고,0,1,1,0,차대차 - 정면충돌,중앙선침범,건조,맑음,단일로 - 기타,화물,남,45세,경상,승용,여,38세,중상
2017120200100569,2017년 12월 2일 20시,토요일,충청남도 천안시 서북구 쌍용동,경상사고,0,0,3,0,차대차 - 기타,안전거리미확보,건조,맑음,교차로 - 교차로부근,승용,남,51세,상해없음,승용,남,63세,경상
2017120200100570,2017년 12월 2일 20시,토요일,충청남도 천안시 서북구 불당동,중상사고,0,1,0,0,차대차 - 기타,차로위반,건조,맑음,단일로 - 기타,승용,남,52세,상해없음,이륜,남,20세,중상
2017120200100571,2017년 12월 2일 20시,토요일,충청남도 보령시 웅천읍,사망사고,1,0,0,0,차량단독 - 기타,안전운전불이행,건조,흐림,교차로 - 교차로안,승용,남,46세,상해없음,,,,
2017120200100599,2017년 12월 2일 21시,토요일,충청남도 예산군 예산읍,경상사고,0,0,1,0,차대차 - 기타,안전거리미확보,건조,맑음,단일로 - 기타,화물,남,48세,상해없음,승용,남,60세,경상
2017120200100600,2017년 12월 2일 21시,토요일,충청남도 당진시 송산면,중상사고,0,1,0,0,차량단독 - 공작물충돌,안전운전불이행,건조,맑음,교차로 - 교차로부근,승합,여,46세,상해없음,,,,
2017120200100620,2017년 12월 2일 22시,토요일,충청남도 천안시 동남구 신부동,경상사고,0,0,1,0,차대차 - 측면충돌,신호위반,건조,맑음,교차로 - 교차로안,승용,여,44세,상해없음,승용,남,30세,경상
2017120300100033,2017년 12월 3일 00시,일요일,충청남도 천안시 서북구 쌍용동,경상사고,0,0,2,0,차대차 - 기타,안전운전불이행,건조,맑음,단일로 - 기타,승용,남,32세,상해없음,승용,남,44세,경상
2017120300100178,2017년 12월 3일 11시,일요일,충청남도 금산군 남일면,경상사고,0,0,2,0,차대차 - 측면충돌,안전운전불이행,건조,맑음,단일로 - 기타,화물,남,61세,기타불명,화물,남,38세,경상
2017120300100204,2017년 12월 3일 12시,일요일,충청남도 서산시 예천동,경상사고,0,0,1,0,차대차 - 추돌,안전운전불이행,건조,맑음,교차로 - 교차로부근,화물,남,58세,상해없음,승용,여,30세,경상
2017120300100251,2017년 12월 3일 14시,일요일,충청남도 천안시 서북구 차암동,중상사고,0,1,0,0,차대사람 - 횡단중,안전운전불이행,건조,맑음,교차로 - 교차로안,건설기계,남,58세,상해없음,보행자,남,42세,중상
2017120300100252,2017년 12월 3일 14시,일요일,충청남도 부여군 부여읍,중상사고,0,3,0,0,차대차 - 정면충돌,직진우회전진행방해,건조,맑음,교차로 - 교차로안,건설기계,남,46세,상해없음,승용,남,49세,중상
2017120300100275,2017년 12월 3일 15시,일요일,충청남도 천안시 서북구 쌍용동,경상사고,0,0,1,0,차대차 - 추돌,안전운전불이행,건조,맑음,교차로 - 교차로부근,승합,남,52세,상해없음,승용,남,52세,상해없음
2017120300100276,2017년 12월 3일 15시,일요일,충청남도 공주시 우성면,중상사고,0,1,0,0,차대사람 - 기타,안전운전불이행,젖음/습기,흐림,기타 - 기타,화물,여,31세,상해없음,보행자,여,84세,중상
2017120300100277,2017년 12월 3일 15시,일요일,충청남도 당진시 읍내리,부상신고사고,0,0,0,1,차대사람 - 기타,안전운전불이행,건조,맑음,교차로 - 교차로횡단보도내,기타불명,기타불명,미분류,기타불명,보행자,남,18세,부상신고
2017120300100306,2017년 12월 3일 16시,일요일,충청남도 아산시 송악면,경상사고,0,0,3,0,차대차 - 정면충돌,중앙선침범,건조,맑음,기타 - 기타,승용,남,57세,상해없음,승용,남,61세,경상
2017120300100307,2017년 12월 3일 16시,일요일,충청남도 아산시 영인면,중상사고,0,1,2,0,차대차 - 정면충돌,중앙선침범,젖음/습기,흐림,단일로 - 기타,승용,남,36세,상해없음,승용,남,55세,경상
2017120300100308,2017년 12월 3일 16시,일요일,충청남도 보령시 명천동,중상사고,0,2,0,0,차대차 - 추돌,직진우회전진행방해,건조,맑음,교차로 - 교차로안,화물,남,55세,상해없음,승용,여,36세,중상
2017120300100336,2017년 12월 3일 17시,일요일,충청남도 아산시 모종동,중상사고,0,1,1,0,차대차 - 측면충돌,신호위반,건조,맑음,교차로 - 교차로안,이륜,남,37세,경상,승용,남,34세,중상
2017120300100367,2017년 12월 3일 18시,일요일,충청남도 천안시 서북구 성정동,경상사고,0,0,1,0,차대사람 - 횡단중,안전운전불이행,건조,맑음,교차로 - 교차로횡단보도내,승용,남,57세,상해없음,보행자,남,40세,경상
2017120300100369,2017년 12월 3일 18시,일요일,충청남도 천안시 동남구 병천면,중상사고,0,1,0,0,차대사람 - 횡단중,안전운전불이행,건조,맑음,단일로 - 기타,승용,남,44세,상해없음,보행자,여,68세,중상
2017120300100370,2017년 12월 3일 18시,일요일,충청남도 천안시 동남구 병천면,중상사고,0,2,1,0,차대차 - 정면충돌,중앙선침범,건조,흐림,단일로 - 기타,승용,여,34세,상해없음,승용,남,57세,중상
2017120300100410,2017년 12월 3일 19시,일요일,충청남도 서산시 동문동,경상사고,0,0,1,0,차대차 - 측면충돌,안전운전불이행,건조,맑음,교차로 - 교차로부근,승용,남,47세,기타불명,승용,남,29세,경상
2017120300100459,2017년 12월 3일 21시,일요일,충청남도 공주시 동현동,중상사고,0,5,6,0,차대차 - 정면충돌,안전운전불이행,건조,맑음,교차로 - 교차로안,승용,남,54세,중상,승합,남,51세,중상
2017120300100460,2017년 12월 3일 21시,일요일,충청남도 금산군 군북면,경상사고,0,0,1,0,차대차 - 기타,안전운전불이행,건조,맑음,기타 - 기타,승용,남,35세,상해없음,승용,여,28세,경상
2017120400100069,2017년 12월 4일 06시,월요일,충청남도 아산시 온천동,중상사고,0,1,0,0,차대차 - 기타,중앙선침범,건조,맑음,단일로 - 기타,자전거,남,67세,중상,승용,남,40세,상해없음
2017120400100095,2017년 12월 4일 07시,월요일,충청남도 천안시 서북구 입장면,부상신고사고,0,0,0,1,차대사람 - 기타,안전운전불이행,건조,맑음,기타 - 기타,승합,남,53세,상해없음,보행자,여,79세,부상신고
2017120400100096,2017년 12월 4일 07시,월요일,충청남도 청양군 대치면,경상사고,0,0,1,0,차대차 - 기타,안전거리미확보,건조,맑음,교차로 - 교차로부근,승용,남,52세,상해없음,승용,남,45세,경상
2017120400100146,2017년 12월 4일 08시,월요일,충청남도 서산시 해미면,사망사고,1,0,0,0,차대차 - 측면충돌,안전운전불이행,건조,맑음,단일로 - 기타,자전거,남,75세,사망,승용,여,37세,상해없음
2017120400100147,2017년 12월 4일 08시,월요일,충청남도 서산시 대산읍,중상사고,0,1,0,0,차대사람 - 횡단중,안전운전불이행,건조,맑음,단일로 - 기타,승용,여,46세,상해없음,보행자,남,58세,중상
2017120400100148,2017년 12월 4일 08시,월요일,충청남도 천안시 서북구 백석동,경상사고,0,0,1,1,차대차 - 기타,안전거리미확보,건조,맑음,단일로 - 기타,승용,여,52세,상해없음,승용,남,31세,경상
2017120400100149,2017년 12월 4일 08시,월요일,충청남도 논산시 취암동,경상사고,0,0,4,0,차대차 - 기타,신호위반,건조,맑음,교차로 - 교차로안,승용,남,81세,경상,승용,남,73세,경상
2017120400100150,2017년 12월 4일 08시,월요일,충청남도 예산군 예산읍,중상사고,0,1,0,0,차대차 - 측면충돌,안전운전불이행,건조,흐림,단일로 - 기타,화물,남,62세,상해없음,이륜,남,69세,중상
2017120400100151,2017년 12월 4일 08시,월요일,충청남도 당진시 읍내리,경상사고,0,0,1,0,차대사람 - 횡단중,안전운전불이행,건조,맑음,단일로 - 기타,기타불명,기타불명,미분류,기타불명,보행자,남,15세,경상
2017120400100187,2017년 12월 4일 09시,월요일,충청남도 공주시 중동,중상사고,0,2,1,0,차대차 - 측면충돌,신호위반,건조,맑음,교차로 - 교차로안,승용,남,37세,경상,승용,여,44세,중상
2017120400100210,2017년 12월 4일 10시,월요일,충청남도 서산시 음암면,경상사고,0,0,1,0,차대사람 - 횡단중,안전운전불이행,건조,맑음,교차로 - 교차로부근,승용,남,58세,상해없음,보행자,남,86세,경상
2017120400100211,2017년 12월 4일 10시,월요일,충청남도 천안시 서북구 쌍용동,경상사고,0,0,1,0,차대사람 - 횡단중,안전운전불이행,건조,맑음,교차로 - 교차로안,승용,남,68세,기타불명,보행자,여,42세,경상
2017120400100212,2017년 12월 4일 10시,월요일,충청남도 논산시 연산면,경상사고,0,0,2,0,차대차 - 측면충돌,안전운전불이행,건조,맑음,단일로 - 기타,건설기계,남,49세,상해없음,승용,남,69세,경상
2017120400100213,2017년 12월 4일 10시,월요일,충청남도 보령시 명천동,경상사고,0,0,1,0,차대차 - 측면충돌,신호위반,건조,맑음,교차로 - 교차로안,승용,남,67세,상해없음,승용,여,38세,경상
2017120400100236,2017년 12월 4일 11시,월요일,충청남도 아산시 온천동,경상사고,0,0,1,0,차대차 - 후진중충돌,안전운전불이행,건조,맑음,교차로 - 교차로부근,승용,남,68세,상해없음,승합,남,58세,경상
2017120400100237,2017년 12월 4일 11시,월요일,충청남도 공주시 반포면,중상사고,0,1,0,0,차대차 - 기타,안전운전불이행,건조,맑음,단일로 - 기타,승용,남,30세,중상,화물,남,57세,상해없음
2017120400100238,2017년 12월 4일 11시,월요일,충청남도 당진시 읍내리,경상사고,0,0,1,0,차대차 - 측면충돌,안전거리미확보,건조,맑음,단일로 - 기타,화물,남,34세,상해없음,승용,여,51세,경상
2017120400100259,2017년 12월 4일 12시,월요일,충청남도 부여군 부여읍,경상사고,0,0,1,0,차대사람 - 횡단중,보행자보호의무위반,건조,맑음,교차로 - 교차로횡단보도내,승용,남,28세,상해없음,보행자,여,70세,경상
2017120400100260,2017년 12월 4일 12시,월요일,충청남도 부여군 부여읍,경상사고,0,0,1,0,차대차 - 측면충돌,안전운전불이행,건조,맑음,교차로 - 교차로횡단보도내,승용,남,68세,상해없음,자전거,남,76세,경상
2017120400100325,2017년 12월 4일 14시,월요일,충청남도 홍성군 홍북읍,경상사고,0,0,1,0,차대차 - 추돌,안전운전불이행,건조,맑음,단일로 - 기타,승용,남,45세,상해없음,승용,여,42세,경상
2017120400100326,2017년 12월 4일 14시,월요일,충청남도 당진시 대호지면,중상사고,0,1,0,0,차량단독 - 도로외이탈 - 기타,안전운전불이행,건조,맑음,기타 - 기타,화물,남,77세,중상,,,,
2017120400100358,2017년 12월 4일 15시,월요일,충청남도 당진시 읍내리,경상사고,0,0,1,0,차대사람 - 보도통행중,안전운전불이행,건조,맑음,단일로 - 기타,승용,여,55세,기타불명,보행자,여,62세,경상
2017120400100418,2017년 12월 4일 17시,월요일,충청남도 천안시 서북구 불당동,부상신고사고,0,0,0,2,차대차 - 추돌,안전운전불이행,건조,맑음,교차로 - 교차로부근,승용,여,65세,상해없음,승용,여,36세,부상신고
2017120400100419,2017년 12월 4일 17시,월요일,충청남도 예산군 고덕면,경상사고,0,0,1,0,차대차 - 측면충돌,안전운전불이행,건조,맑음,교차로 - 교차로안,화물,남,63세,상해없음,승용,여,59세,경상
2017120400100463,2017년 12월 4일 18시,월요일,충청남도 천안시 서북구 쌍용동,중상사고,0,1,0,0,차대차 - 측면충돌,교차로운행방법위반,적설,눈,교차로 - 교차로안,승용,남,34세,상해없음,이륜,남,24세,중상
2017120400100464,2017년 12월 4일 18시,월요일,충청남도 천안시 서북구 직산읍,경상사고,0,0,1,0,차대차 - 측면충돌,안전운전불이행,건조,맑음,교차로 - 교차로안,승용,여,35세,상해없음,승용,남,25세,경상
2017120400100465,2017년 12월 4일 18시,월요일,충청남도 아산시 배방읍,경상사고,0,0,1,0,차대차 - 정면충돌,신호위반,젖음/습기,눈,교차로 - 교차로안,승용,남,29세,상해없음,승용,여,31세,경상
2017120400100466,2017년 12월 4일 18시,월요일,충청남도 천안시 동남구 오룡동,경상사고,0,0,1,0,차대차 - 측면충돌,안전운전불이행,건조,맑음,교차로 - 교차로안,승용,남,55세,상해없음,승용,남,59세,경상
2017120400100526,2017년 12월 4일 19시,월요일,충청남도 천안시 서북구 쌍용동,중상사고,0,1,0,0,차대차 - 측면충돌,안전운전불이행,건조,맑음,단일로 - 기타,승용,여,38세,상해없음,승용,여,44세,중상
2017120400100527,2017년 12월 4일 19시,월요일,충청남도 아산시 배방읍,경상사고,0,0,2,0,차대차 - 기타,안전운전불이행,젖음/습기,눈,교차로 - 교차로안,승용,여,28세,상해없음,승용,여,30세,경상
2017120400100557,2017년 12월 4일 20시,월요일,충청남도 보령시 신흑동,경상사고,0,0,1,0,차대차 - 측면충돌,직진우회전진행방해,젖음/습기,눈,교차로 - 교차로안,승용,남,47세,상해없음,승용,남,48세,경상
2017120400100599,2017년 12월 4일 22시,월요일,충청남도 서산시 석림동,중상사고,0,1,2,0,차대차 - 정면충돌,안전운전불이행,젖음/습기,흐림,교차로 - 교차로안,승용,남,21세,상해없음,승용,남,47세,중상
2017120400100600,2017년 12월 4일 22시,월요일,충청남도 천안시 서북구 두정동,경상사고,0,0,3,0,차대차 - 추돌,안전운전불이행,건조,맑음,단일로 - 기타,승용,남,29세,상해없음,승용,여,26세,경상
2017120400100627,2017년 12월 4일 23시,월요일,충청남도 서산시 석남동,경상사고,0,0,1,0,차대차 - 측면충돌,안전운전불이행,건조,맑음,교차로 - 교차로안,승용,남,49세,상해없음,승용,남,34세,경상
2017120400100628,2017년 12월 4일 23시,월요일,충청남도 서산시 대산읍,경상사고,0,0,3,0,차대차 - 측면충돌,안전운전불이행,건조,맑음,단일로 - 기타,승용,남,51세,상해없음,승용,남,37세,경상
2017120500100043,2017년 12월 5일 00시,화요일,충청남도 공주시 신관동,경상사고,0,0,2,0,차대차 - 추돌,안전운전불이행,건조,흐림,교차로 - 교차로부근,승용,남,38세,상해없음,승용,남,49세,상해없음
2017120500100061,2017년 12월 5일 02시,화요일,충청남도 서산시 부석면,중상사고,0,2,0,0,차량단독 - 공작물충돌,안전운전불이행,건조,맑음,단일로 - 기타,승용,남,42세,중상,,,,
2017120500100157,2017년 12월 5일 08시,화요일,충청남도 아산시 방축동,중상사고,0,1,0,0,차대차 - 기타,신호위반,건조,맑음,교차로 - 교차로안,승용,남,63세,상해없음,자전거,남,74세,중상
2017120500100186,2017년 12월 5일 09시,화요일,충청남도 금산군 금산읍,경상사고,0,0,1,0,차대차 - 측면충돌,안전운전불이행,건조,맑음,교차로 - 교차로안,승용,여,27세,상해없음,이륜,남,72세,경상
2017120500100326,2017년 12월 5일 14시,화요일,충청남도 천안시 서북구 성성동,경상사고,0,0,1,0,차대차 - 기타,중앙선침범,건조,맑음,단일로 - 기타,승용,남,42세,상해없음,승용,여,29세,경상
2017120500100327,2017년 12월 5일 14시,화요일,충청남도 태안군 고남면,중상사고,0,1,0,0,차대차 - 기타,안전운전불이행,건조,맑음,단일로 - 기타,사륜오토바이(ATV),남,80세,상해없음,화물,남,53세,상해없음
2017120500100381,2017년 12월 5일 16시,화요일,충청남도 서산시 대산읍,경상사고,0,0,2,0,차대차 - 측면충돌,안전운전불이행,건조,맑음,단일로 - 기타,화물,남,24세,상해없음,승용,남,47세,경상
2017120500100413,2017년 12월 5일 17시,화요일,충청남도 서천군 서천읍,경상사고,0,0,2,1,차대차 - 측면충돌,직진우회전진행방해,젖음/습기,흐림,교차로 - 교차로안,승용,여,51세,부상신고,화물,남,72세,경상
2017120500100414,2017년 12월 5일 17시,화요일,충청남도 서천군 서천읍,경상사고,0,0,1,0,차대사람 - 횡단중,보행자보호의무위반,젖음/습기,흐림,교차로 - 교차로횡단보도내,승용,남,47세,상해없음,보행자,여,22세,경상
2017120500100415,2017년 12월 5일 17시,화요일,충청남도 천안시 동남구 신부동,경상사고,0,0,1,0,차대사람 - 기타,보행자보호의무위반,건조,맑음,단일로 - 기타,승용,남,16세,상해없음,보행자,여,53세,경상
2017120500100470,2017년 12월 5일 18시,화요일,충청남도 서산시 동문동,중상사고,0,1,1,0,차대차 - 측면충돌,직진우회전진행방해,건조,맑음,교차로 - 교차로안,승용,남,46세,경상,화물,남,57세,중상
2017120500100471,2017년 12월 5일 18시,화요일,충청남도 아산시 온천동,경상사고,0,0,1,0,차대사람 - 차도통행중,안전운전불이행,건조,맑음,교차로 - 교차로안,승용,남,27세,상해없음,보행자,남,68세,경상
2017120500100472,2017년 12월 5일 18시,화요일,충청남도 공주시 중동,중상사고,0,2,0,0,차대차 - 측면충돌,안전운전불이행,건조,맑음,교차로 - 교차로안,승용,남,48세,상해없음,이륜,남,64세,중상
2017120500100473,2017년 12월 5일 18시,화요일,충청남도 부여군 세도면,중상사고,0,1,0,0,차대차 - 정면충돌,중앙선침범,건조,맑음,단일로 - 기타,화물,남,70세,상해없음,승용,남,41세,중상
2017120500100522,2017년 12월 5일 19시,화요일,충청남도 서산시 동문동,중상사고,0,1,0,0,차대차 - 측면충돌,직진우회전진행방해,건조,맑음,교차로 - 교차로안,이륜,남,63세,중상,이륜,남,44세,상해없음
2017120500100523,2017년 12월 5일 19시,화요일,충청남도 당진시 합덕읍,중상사고,0,4,1,0,차대차 - 정면충돌,중앙선침범,건조,흐림,교차로 - 교차로부근,승용,남,61세,상해없음,승합,남,45세,중상
2017120500100551,2017년 12월 5일 20시,화요일,충청남도 천안시 서북구 성정동,경상사고,0,0,1,0,차대차 - 기타,교차로운행방법위반,건조,맑음,교차로 - 교차로안,승용,남,20세,상해없음,승용,남,57세,경상
2017120500100552,2017년 12월 5일 20시,화요일,충청남도 보령시 동대동,중상사고,0,1,0,0,차대사람 - 횡단중,보행자보호의무위반,건조,맑음,교차로 - 교차로횡단보도내,승용,남,22세,상해없음,보행자,남,27세,중상
2017120600100040,2017년 12월 6일 00시,수요일,충청남도 아산시 온천동,경상사고,0,0,1,0,차대차 - 기타,안전운전불이행,젖음/습기,눈,단일로 - 기타,화물,남,43세,상해없음,승용,남,42세,경상
2017120600100069,2017년 12월 6일 02시,수요일,충청남도 논산시 반월동,중상사고,0,1,0,0,차량단독 - 공작물충돌,안전운전불이행,건조,맑음,교차로 - 교차로안,승합,남,40세,중상,,,,
2017120600100078,2017년 12월 6일 03시,수요일,충청남도 천안시 서북구 성정동,경상사고,0,0,1,0,차대차 - 기타,안전운전불이행,적설,눈,단일로 - 기타,화물,남,34세,상해없음,승용,남,26세,경상
2017120600100079,2017년 12월 6일 03시,수요일,충청남도 아산시 배방읍,경상사고,0,0,1,0,차대차 - 기타,안전운전불이행,적설,눈,단일로 - 기타,승용,남,38세,상해없음,화물,남,38세,경상
2017120600100116,2017년 12월 6일 06시,수요일,충청남도 천안시 동남구 수신면,중상사고,0,1,0,0,차대차 - 추돌,안전운전불이행,서리/결빙,눈,교차로 - 교차로부근,승용,남,30세,상해없음,승용,남,38세,중상
2017120600100136,2017년 12월 6일 07시,수요일,충청남도 공주시 이인면,경상사고,0,0,1,0,차대차 - 측면충돌,안전운전불이행,서리/결빙,흐림,단일로 - 기타,승용,남,56세,상해없음,승용,남,29세,경상
2017120600100137,2017년 12월 6일 07시,수요일,충청남도 부여군 규암면,중상사고,0,1,0,0,차대차 - 측면충돌,교차로운행방법위반,서리/결빙,눈,교차로 - 교차로안,승합,남,60세,상해없음,화물,남,75세,상해없음
2017120600100138,2017년 12월 6일 07시,수요일,충청남도 천안시 동남구 신부동,경상사고,0,0,1,0,차대차 - 정면충돌,안전운전불이행,적설,눈,단일로 - 기타,승용,남,45세,상해없음,승용,남,24세,경상
2017120600100139,2017년 12월 6일 07시,수요일,충청남도 태안군 근흥면,중상사고,0,1,1,0,차대차 - 추돌,안전운전불이행,건조,흐림,단일로 - 기타,화물,남,65세,중상,화물,남,61세,경상
2017120600100174,2017년 12월 6일 08시,수요일,충청남도 천안시 서북구 불당동,경상사고,0,0,1,0,차대사람 - 기타,신호위반,적설,눈,단일로 - 기타,승용,남,27세,상해없음,보행자,남,7세,경상
2017120600100175,2017년 12월 6일 08시,수요일,충청남도 천안시 서북구 불당동,경상사고,0,0,1,0,차대사람 - 기타,보행자보호의무위반,적설,눈,교차로 - 교차로부근,승용,남,35세,상해없음,보행자,여,41세,경상
2017120600100176,2017년 12월 6일 08시,수요일,충청남도 아산시 인주면,경상사고,0,0,6,0,차대차 - 기타,중앙선침범,서리/결빙,맑음,기타 - 기타,승용,남,26세,상해없음,승용,남,36세,경상
2017120600100177,2017년 12월 6일 08시,수요일,충청남도 천안시 동남구 목천읍,경상사고,0,0,1,0,차대차 - 기타,안전운전불이행,건조,맑음,단일로 - 기타,화물,남,43세,상해없음,승용,여,45세,경상
2017120600100349,2017년 12월 6일 13시,수요일,충청남도 천안시 동남구 청당동,경상사고,0,0,1,0,차대사람 - 기타,보행자보호의무위반,건조,맑음,단일로 - 기타,승용,여,45세,상해없음,보행자,남,7세,경상
2017120600100422,2017년 12월 6일 15시,수요일,충청남도 보령시 동대동,중상사고,0,1,0,0,차대사람 - 길가장자리구역통행중,안전운전불이행,건조,맑음,단일로 - 기타,승용,여,27세,상해없음,보행자,남,51세,중상
2017120600100424,2017년 12월 6일 15시,수요일,충청남도 당진시 석문면,중상사고,0,2,0,0,차대차 - 정면충돌,중앙선침범,젖음/습기,맑음,단일로 - 기타,승용,남,79세,상해없음,승용,여,38세,중상