사고번호,사고일시,요일,시군구,사고내용,사망자수,중상자수,경상자수,부상신고자수,사고유형,법규위반,노면상태,기상상태,도로형태,가해운전자 차종,가해운전자 성별,가해운전자 연령,가해운전자 상해정도,피해운전자 차종,피해운전자 성별,피해운전자 연령,피해운전자 상해정도
2017120600100425,2017년 12월 6일 15시,수요일,충청남도 청양군 정산면,중상사고,0,1,0,0,차대사람 - 차도통행중,안전운전불이행,건조,맑음,교차로 - 교차로안,승용,여,57세,상해없음,보행자,여,76세,중상
2017120600100465,2017년 12월 6일 16시,수요일,충청남도 보령시 동대동,경상사고,0,0,1,0,차대차 - 기타,안전운전불이행,건조,맑음,단일로 - 기타,이륜,남,53세,상해없음,자전거,여,65세,경상
2017120600100466,2017년 12월 6일 16시,수요일,충청남도 공주시 중학동,부상신고사고,0,0,0,1,차대사람 - 횡단중,보행자보호의무위반,건조,맑음,교차로 - 교차로횡단보도내,승용,남,44세,상해없음,보행자,남,8세,부상신고
2017120600100518,2017년 12월 6일 17시,수요일,충청남도 천안시 서북구 입장면,중상사고,0,1,0,0,차대차 - 기타,안전운전불이행,건조,맑음,교차로 - 교차로안,승용,남,51세,상해없음,승용,남,65세,중상
2017120600100519,2017년 12월 6일 17시,수요일,충청남도 청양군 비봉면,경상사고,0,0,2,0,차대차 - 측면충돌,신호위반,건조,맑음,교차로 - 교차로안,승용,여,33세,상해없음,승용,남,68세,경상
2017120600100581,2017년 12월 6일 18시,수요일,충청남도 보령시 주교면,중상사고,0,4,3,0,차대차 - 측면충돌,기타,건조,맑음,교차로 - 교차로안,승용,남,42세,상해없음,승합,남,64세,경상
2017120600100582,2017년 12월 6일 18시,수요일,충청남도 태안군 태안읍,중상사고,0,3,2,0,차대차 - 기타,안전거리미확보,건조,맑음,단일로 - 기타,승용,여,46세,중상,승용,남,39세,중상
2017120600100626,2017년 12월 6일 19시,수요일,충청남도 천안시 서북구 두정동,중상사고,0,1,0,0,차대사람 - 차도통행중,안전운전불이행,적설,눈,단일로 - 기타,승용,여,61세,상해없음,보행자,남,66세,중상
2017120600100685,2017년 12월 6일 21시,수요일,충청남도 천안시 동남구 북면,경상사고,0,0,1,0,차대차 - 추돌,안전운전불이행,젖음/습기,비,단일로 - 기타,승용,남,29세,상해없음,승용,남,52세,경상
2017120600100711,2017년 12월 6일 22시,수요일,충청남도 천안시 동남구 신방동,중상사고,0,1,0,0,차대사람 - 횡단중,안전운전불이행,건조,맑음,단일로 - 기타,이륜,남,54세,상해없음,보행자,남,40세,중상
2017120600100712,2017년 12월 6일 22시,수요일,충청남도 천안시 동남구 신방동,경상사고,0,0,1,0,차대차 - 정면충돌,중앙선침범,건조,맑음,단일로 - 지하차도(도로)내,승용,여,45세,상해없음,승용,남,50세,경상
2017120700100028,2017년 12월 7일 00시,목요일,충청남도 천안시 서북구 두정동,경상사고,0,0,3,0,차대차 - 기타,직진우회전진행방해,젖음/습기,비,교차로 - 교차로안,승용,남,50세,상해없음,승용,남,23세,경상
2017120700100059,2017년 12월 7일 03시,목요일,충청남도 공주시 송선동,중상사고,0,2,0,0,차량단독 - 공작물충돌,안전운전불이행,젖음/습기,비,단일로 - 기타,승용,남,29세,기타불명,,,,
2017120700100078,2017년 12월 7일 05시,목요일,충청남도 천안시 서북구 성정동,중상사고,0,3,0,0,차대차 - 기타,안전거리미확보,건조,맑음,교차로 - 교차로안,승용,남,22세,상해없음,승용,남,56세,중상
2017120700100079,2017년 12월 7일 05시,목요일,충청남도 태안군 태안읍,사망사고,1,0,0,0,차대사람 - 횡단중,기타,건조,맑음,교차로 - 교차로횡단보도내,승용,남,20세,상해없음,보행자,남,73세,사망
2017120700100099,2017년 12월 7일 06시,목요일,충청남도 아산시 둔포면,중상사고,0,1,0,0,차대사람 - 횡단중,신호위반,건조,기타,교차로 - 교차로횡단보도내,승용,남,32세,상해없음,보행자,남,24세,중상
2017120700100100,2017년 12월 7일 06시,목요일,충청남도 당진시 읍내리,경상사고,0,0,1,0,차대사람 - 횡단중,보행자보호의무위반,젖음/습기,맑음,교차로 - 교차로횡단보도내,승용,남,56세,상해없음,보행자,여,28세,경상
2017120700100127,2017년 12월 7일 07시,목요일,충청남도 서천군 장항읍,경상사고,0,0,1,0,차대차 - 후진중충돌,불법유턴,젖음/습기,비,교차로 - 교차로안,승합,남,54세,상해없음,승용,여,52세,경상
2017120700100128,2017년 12월 7일 07시,목요일,충청남도 예산군 예산읍,사망사고,1,0,0,0,차량단독 - 공작물충돌,안전운전불이행,서리/결빙,비,단일로 - 교량,승용,남,72세,사망,,,,
2017120700100164,2017년 12월 7일 08시,목요일,충청남도 예산군 대술면,중상사고,0,1,0,0,차대차 - 정면충돌,안전운전불이행,서리/결빙,눈,단일로 - 기타,승용,남,25세,상해없음,승용,남,52세,중상
2017120700100197,2017년 12월 7일 09시,목요일,충청남도 논산시 부적면,중상사고,0,1,1,0,차대차 - 추돌,안전운전불이행,젖음/습기,흐림,단일로 - 기타,승용,여,55세,경상,승용,여,49세,중상
2017120700100198,2017년 12월 7일 09시,목요일,충청남도 홍성군 서부면,경상사고,0,0,1,0,차대차 - 측면충돌,안전운전불이행,건조,맑음,단일로 - 기타,승용,남,20세,상해없음,이륜,남,45세,경상
2017120700100213,2017년 12월 7일 10시,목요일,충청남도 당진시 읍내리,경상사고,0,0,1,0,차대차 - 측면충돌,교차로운행방법위반,건조,맑음,교차로 - 교차로안,승용,남,62세,상해없음,승용,남,30세,상해없음
2017120700100256,2017년 12월 7일 12시,목요일,충청남도 천안시 서북구 성정동,경상사고,0,0,2,0,차대차 - 기타,교차로운행방법위반,건조,맑음,교차로 - 교차로안,승용,남,35세,경상,승용,남,33세,상해없음
2017120700100257,2017년 12월 7일 12시,목요일,충청남도 논산시 연산면,경상사고,0,0,1,0,차대차 - 기타,안전운전불이행,건조,흐림,단일로 - 기타,승용,여,44세,상해없음,화물,남,59세,경상
2017120700100258,2017년 12월 7일 12시,목요일,충청남도 보령시 대천동,중상사고,0,1,0,0,차대사람 - 횡단중,안전운전불이행,건조,맑음,교차로 - 교차로횡단보도내,화물,남,63세,상해없음,보행자,여,78세,중상
2017120700100259,2017년 12월 7일 12시,목요일,충청남도 보령시 명천동,경상사고,0,0,1,0,차대사람 - 기타,안전운전불이행,건조,맑음,기타 - 기타,승용,남,66세,상해없음,보행자,여,81세,경상
2017120700100308,2017년 12월 7일 14시,목요일,충청남도 청양군 정산면,중상사고,0,1,0,0,차량단독 - 기타,기타,건조,맑음,단일로 - 기타,승용,남,73세,중상,,,,
2017120700100329,2017년 12월 7일 15시,목요일,충청남도 논산시 양촌면,중상사고,0,1,1,0,차대차 - 추돌,안전운전불이행,건조,맑음,단일로 - 기타,이륜,남,66세,경상,자전거,여,82세,중상
2017120700100330,2017년 12월 7일 15시,목요일,충청남도 아산시 인주면,경상사고,0,0,1,0,차대차 - 측면충돌,신호위반,건조,맑음,교차로 - 교차로안,승용,남,61세,상해없음,승용,남,27세,경상
2017120700100367,2017년 12월 7일 16시,목요일,충청남도 아산시 음봉면,중상사고,0,1,0,0,차대차 - 측면충돌,안전운전불이행,건조,맑음,기타 - 기타,화물,남,57세,상해없음,승용,남,35세,중상
2017120700100399,2017년 12월 7일 17시,목요일,충청남도 논산시 연무읍,중상사고,0,1,1,0,차대차 - 기타,안전운전불이행,건조,맑음,교차로 - 교차로부근,화물,남,43세,기타불명,승용,남,61세,경상
2017120700100400,2017년 12월 7일 17시,목요일,충청남도 아산시 둔포면,경상사고,0,0,1,0,차대차 - 측면충돌,신호위반,건조,맑음,교차로 - 교차로안,승용,남,63세,상해없음,승용,남,19세,경상
2017120700100401,2017년 12월 7일 17시,목요일,충청남도 아산시 둔포면,경상사고,0,0,1,0,차대차 - 기타,안전운전불이행,건조,맑음,단일로 - 기타,승용,남,68세,상해없음,승용,남,25세,경상
2017120700100402,2017년 12월 7일 17시,목요일,충청남도 공주시 계룡면,부상신고사고,0,0,0,1,차량단독 - 공작물충돌,안전운전불이행,건조,맑음,단일로 - 기타,화물,남,50세,부상신고,,,,
2017120700100403,2017년 12월 7일 17시,목요일,충청남도 부여군 은산면,사망사고,1,0,0,0,차대차 - 추돌,안전운전불이행,건조,맑음,단일로 - 기타,승용,남,64세,상해없음,이륜,남,83세,사망
2017120700100447,2017년 12월 7일 18시,목요일,충청남도 서산시 예천동,중상사고,0,1,0,0,차대차 - 정면충돌,신호위반,건조,맑음,교차로 - 교차로안,승용,남,41세,상해없음,이륜,남,33세,중상
2017120700100448,2017년 12월 7일 18시,목요일,충청남도 천안시 서북구 입장면,중상사고,0,1,4,0,차대차 - 기타,교차로운행방법위반,건조,맑음,교차로 - 교차로안,승용,남,47세,상해없음,승용,여,37세,중상
2017120700100449,2017년 12월 7일 18시,목요일,충청남도 논산시 반월동,경상사고,0,0,1,0,차대차 - 측면충돌,안전운전불이행,건조,맑음,교차로 - 교차로안,자전거,남,52세,경상,승용,여,56세,상해없음
2017120700100451,2017년 12월 7일 18시,목요일,충청남도 당진시 석문면,중상사고,0,1,0,0,차대사람 - 횡단중,안전운전불이행,건조,맑음,교차로 - 교차로안,승용,남,38세,상해없음,보행자,남,82세,중상
2017120700100494,2017년 12월 7일 19시,목요일,충청남도 보령시 죽정동,중상사고,0,1,1,0,차대차 - 정면충돌,중앙선침범,건조,맑음,단일로 - 기타,승용,남,42세,상해없음,승용,남,61세,중상
2017120700100495,2017년 12월 7일 19시,목요일,충청남도 천안시 동남구 목천읍,중상사고,0,1,1,0,차대사람 - 횡단중,안전운전불이행,건조,맑음,단일로 - 기타,원동기,남,31세,경상,보행자,여,60세,중상
2017120700100521,2017년 12월 7일 20시,목요일,충청남도 태안군 태안읍,경상사고,0,0,1,0,차대사람 - 횡단중,안전운전불이행,건조,맑음,교차로 - 교차로안,승용,남,75세,상해없음,보행자,남,43세,경상
2017120700100546,2017년 12월 7일 21시,목요일,충청남도 청양군 청양읍,사망사고,1,0,0,0,차량단독 - 공작물충돌,안전운전불이행,건조,맑음,교차로 - 교차로부근,화물,남,56세,사망,,,,
2017120700100572,2017년 12월 7일 22시,목요일,충청남도 보령시 대천동,경상사고,0,0,1,0,차대사람 - 길가장자리구역통행중,안전운전불이행,건조,맑음,단일로 - 기타,승용,여,42세,상해없음,보행자,여,57세,경상
2017120700100574,2017년 12월 7일 22시,목요일,충청남도 당진시 읍내리,경상사고,0,0,1,0,차대차 - 측면충돌,중앙선침범,건조,맑음,단일로 - 기타,승용,남,18세,상해없음,승합,여,46세,경상
2017120700100608,2017년 12월 7일 23시,목요일,충청남도 아산시 온천동,경상사고,0,0,3,0,차대차 - 추돌,안전운전불이행,건조,맑음,교차로 - 교차로부근,화물,남,52세,상해없음,승용,여,29세,경상
2017120700100609,2017년 12월 7일 23시,목요일,충청남도 보령시 동대동,중상사고,0,1,0,0,차대차 - 기타,직진우회전진행방해,건조,맑음,교차로 - 교차로안,승용,남,30세,상해없음,승용,남,45세,중상
2017120800100041,2017년 12월 8일 00시,금요일,충청남도 천안시 서북구 불당동,경상사고,0,0,2,0,차대차 - 측면충돌,안전운전불이행,건조,맑음,교차로 - 교차로안,승용,남,30세,상해없음,승용,남,21세,경상
2017120800100118,2017년 12월 8일 06시,금요일,충청남도 천안시 서북구 쌍용동,경상사고,0,0,3,0,차대차 - 정면충돌,안전운전불이행,건조,맑음,교차로 - 교차로안,승합,남,58세,상해없음,승용,여,46세,상해없음
2017120800100119,2017년 12월 8일 06시,금요일,충청남도 부여군 남면,중상사고,0,1,0,0,차대사람 - 길가장자리구역통행중,안전운전불이행,건조,맑음,단일로 - 기타,승용,남,33세,상해없음,보행자,여,20세,중상
2017120800100142,2017년 12월 8일 07시,금요일,충청남도 아산시 배방읍,경상사고,0,0,1,0,차대사람 - 횡단중,안전운전불이행,건조,맑음,교차로 - 교차로횡단보도내,기타불명,기타불명,미분류,기타불명,보행자,남,23세,경상
2017120800100143,2017년 12월 8일 07시,금요일,충청남도 당진시 송산면,경상사고,0,0,1,0,차대사람 - 차도통행중,안전운전불이행,건조,맑음,단일로 - 기타,승용,여,46세,상해없음,보행자,여,28세,경상
2017120800100175,2017년 12월 8일 08시,금요일,충청남도 홍성군 홍북읍,경상사고,0,0,1,0,차대차 - 추돌,안전운전불이행,건조,맑음,단일로 - 기타,승용,여,38세,기타불명,승용,여,25세,경상
2017120800100176,2017년 12월 8일 08시,금요일,충청남도 천안시 동남구 목천읍,사망사고,1,0,0,0,차대차 - 측면충돌,안전운전불이행,건조,맑음,기타 - 기타,승용,남,67세,사망,화물,여,41세,상해없음
2017120800100285,2017년 12월 8일 11시,금요일,충청남도 서산시 음암면,중상사고,0,2,0,0,차량단독 - 공작물충돌,안전운전불이행,건조,맑음,교차로 - 교차로부근,승용,남,17세,중상,,,,
2017120800100346,2017년 12월 8일 13시,금요일,충청남도 천안시 서북구 불당동,경상사고,0,0,1,0,차대차 - 기타,신호위반,건조,맑음,교차로 - 교차로안,승용,여,56세,상해없음,승용,남,28세,경상
2017120800100347,2017년 12월 8일 13시,금요일,충청남도 부여군 규암면,경상사고,0,0,1,0,차대사람 - 횡단중,안전운전불이행,건조,맑음,교차로 - 교차로부근,화물,남,53세,상해없음,보행자,여,16세,경상
2017120800100485,2017년 12월 8일 17시,금요일,충청남도 서천군 판교면,중상사고,0,1,0,0,차대사람 - 차도통행중,안전운전불이행,건조,맑음,단일로 - 기타,화물,여,63세,상해없음,보행자,남,60세,중상
2017120800100542,2017년 12월 8일 18시,금요일,충청남도 천안시 서북구 쌍용동,경상사고,0,0,1,0,차대차 - 측면충돌,중앙선침범,건조,맑음,단일로 - 기타,승용,남,33세,상해없음,승용,남,34세,경상
2017120800100543,2017년 12월 8일 18시,금요일,충청남도 천안시 서북구 성거읍,경상사고,0,0,1,0,차대차 - 측면충돌,안전운전불이행,건조,맑음,단일로 - 기타,농기계,남,67세,기타불명,승용,여,36세,경상
2017120800100638,2017년 12월 8일 20시,금요일,충청남도 아산시 둔포면,경상사고,0,0,1,0,차대차 - 기타,안전운전불이행,건조,맑음,단일로 - 기타,승용,남,61세,상해없음,승합,남,48세,경상
2017120800100639,2017년 12월 8일 20시,금요일,충청남도 보령시 오천면,사망사고,1,0,0,0,차량단독 - 전도전복,안전운전불이행,젖음/습기,눈,교차로 - 교차로안,농기계,남,72세,사망,미분류,미분류,미분류,미분류
2017120800100641,2017년 12월 8일 20시,금요일,충청남도 천안시 동남구 목천읍,경상사고,0,0,1,0,차대차 - 기타,안전운전불이행,건조,맑음,단일로 - 기타,승합,남,64세,상해없음,승용,남,44세,경상
2017120800100672,2017년 12월 8일 21시,금요일,충청남도 천안시 동남구 광덕면,경상사고,0,0,1,0,차대차 - 측면충돌,안전운전불이행,건조,맑음,단일로 - 기타,승용,여,22세,상해없음,승용,남,52세,경상
2017120900100091,2017년 12월 9일 02시,토요일,충청남도 서산시 석남동,중상사고,0,1,1,0,차량단독 - 기타,안전운전불이행,서리/결빙,흐림,단일로 - 기타,승용,남,24세,상해없음,,,,
2017120900100140,2017년 12월 9일 06시,토요일,충청남도 서산시 석림동,중상사고,0,1,3,0,차대차 - 측면충돌,중앙선침범,서리/결빙,눈,단일로 - 기타,승용,남,52세,경상,화물,남,51세,경상
2017120900100174,2017년 12월 9일 08시,토요일,충청남도 태안군 남면,중상사고,0,1,1,1,차대차 - 정면충돌,안전운전불이행,적설,눈,단일로 - 교량,화물,남,57세,부상신고,승용,남,52세,경상
2017120900100195,2017년 12월 9일 09시,토요일,충청남도 예산군 삽교읍,경상사고,0,0,2,0,차대차 - 측면충돌,교차로운행방법위반,건조,맑음,교차로 - 교차로안,화물,남,57세,경상,화물,남,53세,경상
2017120900100196,2017년 12월 9일 09시,토요일,충청남도 태안군 태안읍,경상사고,0,0,1,0,차대차 - 추돌,안전운전불이행,젖음/습기,비,교차로 - 교차로부근,승합,남,29세,상해없음,승용,남,66세,경상
2017120900100216,2017년 12월 9일 10시,토요일,충청남도 서산시 해미면,경상사고,0,0,1,0,차대차 - 측면충돌,안전운전불이행,건조,맑음,교차로 - 교차로횡단보도내,승용,남,56세,상해없음,자전거,여,40세,경상
2017120900100251,2017년 12월 9일 11시,토요일,충청남도 서천군 비인면,경상사고,0,0,1,0,차대차 - 측면충돌,안전운전불이행,건조,맑음,단일로 - 기타,승용,남,52세,상해없음,원동기,남,79세,경상
2017120900100252,2017년 12월 9일 11시,토요일,충청남도 공주시 유구읍,중상사고,0,3,2,0,차대차 - 정면충돌,직진우회전진행방해,건조,맑음,교차로 - 교차로안,승용,남,82세,경상,승용,여,69세,경상
2017120900100253,2017년 12월 9일 11시,토요일,충청남도 부여군 부여읍,중상사고,0,1,0,0,차대사람 - 횡단중,보행자보호의무위반,건조,맑음,교차로 - 교차로횡단보도내,승용,남,64세,상해없음,보행자,남,70세,중상
2017120900100254,2017년 12월 9일 11시,토요일,충청남도 천안시 동남구 사직동,경상사고,0,0,1,0,차대사람 - 길가장자리구역통행중,안전운전불이행,건조,맑음,단일로 - 기타,승용,여,44세,상해없음,보행자,여,63세,경상
2017120900100281,2017년 12월 9일 12시,토요일,충청남도 논산시 연무읍,사망사고,1,0,0,0,차대사람 - 기타,안전운전불이행,건조,맑음,단일로 - 기타,화물,남,49세,상해없음,보행자,여,90세 이상,사망
2017120900100283,2017년 12월 9일 12시,토요일,충청남도 천안시 동남구 삼룡동,중상사고,0,1,7,0,차대차 - 추돌,안전운전불이행,건조,맑음,단일로 - 기타,승용,남,52세,상해없음,승용,남,30세,상해없음
2017120900100324,2017년 12월 9일 13시,토요일,충청남도 아산시 온천동,경상사고,0,0,1,0,차대차 - 후진중충돌,안전운전불이행,건조,맑음,단일로 - 기타,승용,남,31세,상해없음,자전거,남,71세,경상
2017120900100325,2017년 12월 9일 13시,토요일,충청남도 공주시 신관동,경상사고,0,0,1,0,차대차 - 측면충돌,안전운전불이행,건조,맑음,교차로 - 교차로부근,승용,여,32세,기타불명,승합,남,47세,경상
2017120900100326,2017년 12월 9일 13시,토요일,충청남도 예산군 예산읍,중상사고,0,1,0,0,차대차 - 기타,안전운전불이행,건조,맑음,단일로 - 기타,기타불명,기타불명,미분류,기타불명,이륜,남,82세,중상
2017120900100363,2017년 12월 9일 14시,토요일,충청남도 서산시 고북면,중상사고,0,1,0,0,차대차 - 기타,직진우회전진행방해,건조,맑음,교차로 - 교차로안,승용,여,66세,상해없음,승합,남,47세,상해없음
2017120900100364,2017년 12월 9일 14시,토요일,충청남도 천안시 서북구 성환읍,중상사고,0,1,0,0,차대사람 - 횡단중,보행자보호의무위반,건조,맑음,교차로 - 교차로횡단보도내,승용,남,52세,상해없음,보행자,여,24세,중상
2017120900100365,2017년 12월 9일 14시,토요일,충청남도 천안시 동남구 삼룡동,경상사고,0,0,2,0,차대차 - 기타,중앙선침범,건조,맑음,단일로 - 기타,승용,남,74세,상해없음,승용,여,62세,경상
2017120900100412,2017년 12월 9일 16시,토요일,충청남도 부여군 부여읍,중상사고,0,1,1,0,차대사람 - 기타,안전운전불이행,건조,맑음,단일로 - 기타,승용,여,62세,상해없음,보행자,남,50세,중상
2017120900100450,2017년 12월 9일 17시,토요일,충청남도 아산시 풍기동,중상사고,0,1,4,1,차대차 - 추돌,안전운전불이행,건조,맑음,단일로 - 기타,승용,남,42세,중상,승용,남,57세,경상
2017120900100451,2017년 12월 9일 17시,토요일,충청남도 천안시 동남구 대흥동,경상사고,0,0,1,0,차대사람 - 길가장자리구역통행중,안전운전불이행,건조,맑음,단일로 - 기타,승용,남,19세,상해없음,보행자,남,75세,경상
2017120900100509,2017년 12월 9일 18시,토요일,충청남도 서산시 동문동,경상사고,0,0,1,0,차대차 - 추돌,안전거리미확보,건조,맑음,단일로 - 기타,승용,남,26세,상해없음,승용,여,40세,상해없음
2017120900100510,2017년 12월 9일 18시,토요일,충청남도 천안시 서북구 불당동,경상사고,0,0,2,0,차대차 - 기타,신호위반,건조,맑음,교차로 - 교차로안,승용,여,36세,상해없음,승용,여,34세,경상
2017120900100511,2017년 12월 9일 18시,토요일,충청남도 보령시 주산면,중상사고,0,1,0,0,차대차 - 측면충돌,직진우회전진행방해,건조,흐림,교차로 - 교차로안,승용,남,68세,상해없음,승용,남,68세,중상
2017120900100512,2017년 12월 9일 18시,토요일,충청남도 공주시 송선동,중상사고,0,1,0,0,차대차 - 정면충돌,신호위반,건조,맑음,교차로 - 교차로안,이륜,남,64세,중상,승용,남,58세,상해없음
2017120900100514,2017년 12월 9일 18시,토요일,충청남도 예산군 덕산면,경상사고,0,0,1,0,차대사람 - 길가장자리구역통행중,안전운전불이행,건조,맑음,단일로 - 기타,승용,여,55세,상해없음,보행자,남,31세,경상
2017120900100515,2017년 12월 9일 18시,토요일,충청남도 천안시 동남구 신부동,경상사고,0,0,4,0,차대차 - 측면충돌,안전운전불이행,젖음/습기,비,교차로 - 교차로안,화물,남,59세,상해없음,승용,남,75세,경상
2017120900100566,2017년 12월 9일 19시,토요일,충청남도 천안시 서북구 성환읍,경상사고,0,0,1,0,차대차 - 기타,안전운전불이행,건조,맑음,교차로 - 교차로부근,승용,남,63세,상해없음,승용,남,65세,경상
2017120900100567,2017년 12월 9일 19시,토요일,충청남도 아산시 배방읍,중상사고,0,1,1,0,차대차 - 측면충돌,신호위반,건조,기타,교차로 - 교차로안,승용,여,44세,상해없음,승용,남,51세,중상
2017120900100596,2017년 12월 9일 20시,토요일,충청남도 당진시 석문면,중상사고,0,1,1,0,차대차 - 정면충돌,중앙선침범,젖음/습기,흐림,단일로 - 기타,화물,남,63세,상해없음,건설기계,남,36세,경상
2017120900100634,2017년 12월 9일 21시,토요일,충청남도 공주시 금성동,중상사고,0,2,0,0,차대사람 - 차도통행중,안전운전불이행,건조,맑음,단일로 - 기타,화물,남,65세,상해없음,보행자,남,30세,중상
2017120900100659,2017년 12월 9일 22시,토요일,충청남도 천안시 서북구 쌍용동,경상사고,0,0,1,0,차대차 - 기타,안전운전불이행,건조,맑음,교차로 - 교차로부근,승용,남,33세,상해없음,승합,여,55세,경상
2017120900100660,2017년 12월 9일 22시,토요일,충청남도 홍성군 홍성읍,경상사고,0,0,2,0,차대차 - 측면충돌,중앙선침범,건조,맑음,단일로 - 기타,승용,남,53세,상해없음,승용,남,42세,경상
2017120900100687,2017년 12월 9일 23시,토요일,충청남도 천안시 서북구 성거읍,경상사고,0,0,1,0,차대차 - 추돌,안전거리미확보,건조,맑음,교차로 - 교차로안,승용,남,34세,상해없음,승용,남,32세,경상
2017121000100031,2017년 12월 10일 00시,일요일,충청남도 아산시 온천동,부상신고사고,0,0,0,1,차대차 - 측면충돌,안전운전불이행,건조,기타,교차로 - 교차로안,승용,남,26세,상해없음,승용,여,23세,부상신고
2017121000100053,2017년 12월 10일 01시,일요일,충청남도 당진시 읍내리,사망사고,1,0,0,0,차대사람 - 기타,안전운전불이행,건조,맑음,단일로 - 기타,화물,남,60세,상해없음,보행자,남,52세,사망
2017121000100066,2017년 12월 10일 02시,일요일,충청남도 천안시 서북구 두정동,경상사고,0,0,1,0,차대사람 - 기타,안전운전불이행,건조,맑음,단일로 - 기타,승용,남,20세,상해없음,보행자,남,37세,경상
2017121000100108,2017년 12월 10일 05시,일요일,충청남도 아산시 둔포면,경상사고,0,0,1,0,차량단독 - 공작물충돌,안전운전불이행,건조,맑음,단일로 - 기타,승용,남,42세,경상,,,,
2017121000100109,2017년 12월 10일 05시,일요일,충청남도 공주시 금흥동,중상사고,0,1,0,0,차대차 - 측면충돌,신호위반,건조,맑음,교차로 - 교차로안,승용,여,49세,상해없음,승합,남,63세,중상
2017121000100110,2017년 12월 10일 05시,일요일,충청남도 태안군 안면읍,부상신고사고,0,0,0,1,차량단독 - 공작물충돌,안전운전불이행,서리/결빙,흐림,교차로 - 교차로안,승용,남,57세,부상신고,,,,
2017121000100138,2017년 12월 10일 07시,일요일,충청남도 아산시 둔포면,경상사고,0,0,1,0,차대차 - 측면충돌,안전운전불이행,건조,기타,단일로 - 기타,승용,남,59세,상해없음,자전거,남,60세,경상
2017121000100151,2017년 12월 10일 08시,일요일,충청남도 논산시 취암동,경상사고,0,0,2,0,차대차 - 측면충돌,안전운전불이행,건조,맑음,교차로 - 교차로안,승용,남,58세,상해없음,화물,남,50세,경상
2017121000100159,2017년 12월 10일 09시,일요일,충청남도 천안시 서북구 직산읍,중상사고,0,1,0,0,차대차 - 기타,안전운전불이행,건조,맑음,단일로 - 기타,승용,여,48세,상해없음,이륜,남,76세,중상
2017121000100222,2017년 12월 10일 12시,일요일,충청남도 논산시 지산동,경상사고,0,0,1,0,차대차 - 측면충돌,교차로운행방법위반,건조,맑음,교차로 - 교차로안,승용,남,56세,상해없음,승용,여,49세,경상
2017121000100223,2017년 12월 10일 12시,일요일,충청남도 보령시 신흑동,경상사고,0,0,1,0,차대사람 - 기타,안전운전불이행,건조,맑음,기타 - 기타,승용,남,28세,상해없음,보행자,여,51세,경상
2017121000100224,2017년 12월 10일 12시,일요일,충청남도 금산군 금산읍,경상사고,0,0,2,0,차량단독 - 공작물충돌,안전운전불이행,건조,맑음,단일로 - 기타,승용,남,20세,상해없음,,,,
2017121000100262,2017년 12월 10일 14시,일요일,충청남도 서산시 동문동,중상사고,0,1,0,0,차대차 - 측면충돌,안전운전불이행,건조,맑음,단일로 - 기타,이륜,남,17세,중상,승용,여,31세,기타불명
2017121000100263,2017년 12월 10일 14시,일요일,충청남도 논산시 강경읍,사망사고,1,0,0,0,차대차 - 측면충돌,교차로운행방법위반,건조,맑음,교차로 - 교차로안,승용,남,66세,상해없음,이륜,남,81세,사망
2017121000100309,2017년 12월 10일 16시,일요일,충청남도 태안군 태안읍,경상사고,0,0,1,0,차대차 - 측면충돌,안전운전불이행,건조,맑음,단일로 - 기타,승용,남,67세,상해없음,화물,남,58세,경상
2017121000100378,2017년 12월 10일 18시,일요일,충청남도 천안시 서북구 성정동,경상사고,0,0,1,0,차대차 - 추돌,안전운전불이행,젖음/습기,비,교차로 - 교차로부근,승용,남,44세,상해없음,승용,남,40세,경상
2017121000100404,2017년 12월 10일 19시,일요일,충청남도 천안시 서북구 불당동,중상사고,0,1,0,0,차대차 - 측면충돌,안전운전불이행,젖음/습기,비,교차로 - 교차로안,승용,여,38세,상해없음,승용,남,27세,상해없음
2017121000100451,2017년 12월 10일 21시,일요일,충청남도 논산시 취암동,경상사고,0,0,4,0,차대차 - 추돌,안전운전불이행,젖음/습기,흐림,교차로 - 교차로부근,승용,남,38세,상해없음,승용,남,36세,경상
2017121000100452,2017년 12월 10일 21시,일요일,충청남도 아산시 모종동,중상사고,0,2,0,0,차대사람 - 횡단중,안전운전불이행,건조,기타,교차로 - 교차로안,승용,남,24세,상해없음,보행자,남,56세,중상
2017121000100493,2017년 12월 10일 23시,일요일,충청남도 금산군 금산읍,중상사고,0,2,0,0,차량단독 - 전도전복,안전운전불이행,적설,눈,단일로 - 기타,승용,남,50세,중상,미분류,미분류,미분류,미분류
2017121100100057,2017년 12월 11일 06시,월요일,충청남도 보령시 동대동,중상사고,0,1,0,0,차대사람 - 횡단중,보행자보호의무위반,건조,흐림,교차로 - 교차로횡단보도내,승용,남,60세,상해없음,보행자,남,67세,중상
2017121100100099,2017년 12월 11일 08시,월요일,충청남도 천안시 서북구 두정동,사망사고,1,0,1,0,차대차 - 측면충돌,중앙선침범,서리/결빙,눈,단일로 - 기타,승용,남,40세,사망,승용,남,34세,상해없음