사고번호,사고일시,요일,시군구,사고내용,사망자수,중상자수,경상자수,부상신고자수,사고유형,법규위반,노면상태,기상상태,도로형태,가해운전자 차종,가해운전자 성별,가해운전자 연령,가해운전자 상해정도,피해운전자 차종,피해운전자 성별,피해운전자 연령,피해운전자 상해정도
2017122100100155,2017년 12월 21일 08시,목요일,충청남도 천안시 동남구 청수동,경상사고,0,0,2,0,차대차 - 추돌,안전운전불이행,건조,맑음,단일로 - 기타,승용,여,25세,상해없음,승용,남,34세,경상
2017122100100197,2017년 12월 21일 09시,목요일,충청남도 서산시 부석면,중상사고,0,1,1,0,차대차 - 측면충돌,신호위반,서리/결빙,안개,교차로 - 교차로안,건설기계,남,62세,상해없음,승합,남,56세,중상
2017122100100198,2017년 12월 21일 09시,목요일,충청남도 천안시 서북구 불당동,경상사고,0,0,1,0,차대차 - 추돌,안전거리미확보,건조,맑음,교차로 - 교차로부근,건설기계,남,41세,상해없음,승용,여,51세,경상
2017122100100199,2017년 12월 21일 09시,목요일,충청남도 보령시 남곡동,중상사고,0,3,0,0,차대차 - 정면충돌,중앙선침범,서리/결빙,맑음,단일로 - 기타,승용,남,60세,중상,승용,남,48세,중상
2017122100100200,2017년 12월 21일 09시,목요일,충청남도 천안시 동남구 광덕면,경상사고,0,0,1,0,차대차 - 측면충돌,안전운전불이행,서리/결빙,맑음,교차로 - 교차로안,승용,남,63세,상해없음,승용,여,53세,경상
2017122100100269,2017년 12월 21일 11시,목요일,충청남도 천안시 서북구 백석동,경상사고,0,0,1,0,차대차 - 기타,안전거리미확보,건조,맑음,교차로 - 교차로부근,화물,남,64세,상해없음,승용,남,58세,경상
2017122100100271,2017년 12월 21일 11시,목요일,충청남도 청양군 청양읍,중상사고,0,3,0,0,차량단독 - 공작물충돌,안전운전불이행,적설,맑음,교차로 - 교차로부근,승합,남,60세,상해없음,,,,
2017122100100315,2017년 12월 21일 13시,목요일,충청남도 서산시 해미면,경상사고,0,0,1,0,차대차 - 측면충돌,교차로운행방법위반,건조,맑음,교차로 - 교차로안,승용,여,43세,상해없음,화물,남,65세,경상
2017122100100316,2017년 12월 21일 13시,목요일,충청남도 천안시 서북구 성환읍,중상사고,0,2,0,0,차대차 - 측면충돌,직진우회전진행방해,건조,맑음,교차로 - 교차로안,화물,남,57세,상해없음,화물,남,69세,중상
2017122100100317,2017년 12월 21일 13시,목요일,충청남도 천안시 서북구 쌍용동,경상사고,0,0,1,0,차대차 - 기타,직진우회전진행방해,건조,맑음,교차로 - 교차로안,화물,남,45세,상해없음,승용,여,32세,경상
2017122100100344,2017년 12월 21일 14시,목요일,충청남도 천안시 서북구 성환읍,중상사고,0,1,0,0,차대차 - 측면충돌,신호위반,건조,맑음,교차로 - 교차로안,승용,여,56세,상해없음,승용,남,34세,중상
2017122100100364,2017년 12월 21일 15시,목요일,충청남도 부여군 외산면,경상사고,0,0,1,0,차대차 - 추돌,안전운전불이행,젖음/습기,맑음,교차로 - 교차로부근,승용,남,38세,상해없음,화물,남,63세,경상
2017122100100398,2017년 12월 21일 16시,목요일,충청남도 논산시 내동,중상사고,0,1,0,0,차대사람 - 차도통행중,안전운전불이행,건조,맑음,단일로 - 기타,승용,여,36세,상해없음,보행자,남,59세,중상
2017122100100399,2017년 12월 21일 16시,목요일,충청남도 아산시 둔포면,경상사고,0,0,2,0,차대차 - 추돌,안전운전불이행,건조,맑음,단일로 - 기타,승용,남,35세,상해없음,승용,여,57세,경상
2017122100100401,2017년 12월 21일 16시,목요일,충청남도 당진시 채운동,중상사고,0,1,0,0,차대차 - 기타,안전운전불이행,건조,맑음,교차로 - 교차로부근,승용,여,41세,상해없음,자전거,여,67세,중상
2017122100100448,2017년 12월 21일 17시,목요일,충청남도 아산시 둔포면,중상사고,0,2,0,0,차대차 - 측면충돌,신호위반,건조,맑음,교차로 - 교차로안,승용,남,33세,중상,승용,남,48세,중상
2017122100100490,2017년 12월 21일 18시,목요일,충청남도 당진시 송악읍,경상사고,0,0,1,0,차대사람 - 기타,안전운전불이행,건조,맑음,기타 - 기타,승용,여,64세,상해없음,보행자,남,44세,경상
2017122100100553,2017년 12월 21일 19시,목요일,충청남도 천안시 서북구 두정동,경상사고,0,0,4,0,차대차 - 추돌,안전운전불이행,건조,맑음,교차로 - 교차로부근,승용,남,57세,상해없음,승용,남,42세,경상
2017122100100554,2017년 12월 21일 19시,목요일,충청남도 보령시 미산면,중상사고,0,3,0,0,차대차 - 정면충돌,중앙선침범,건조,맑음,단일로 - 기타,승합,남,62세,상해없음,화물,남,73세,중상
2017122100100632,2017년 12월 21일 21시,목요일,충청남도 서산시 동문동,경상사고,0,0,1,0,차대차 - 측면충돌,직진우회전진행방해,건조,맑음,교차로 - 교차로안,승용,남,42세,경상,승용,남,52세,상해없음
2017122100100663,2017년 12월 21일 22시,목요일,충청남도 아산시 용화동,경상사고,0,0,1,0,차대차 - 측면충돌,신호위반,건조,기타,교차로 - 교차로안,승용,남,23세,상해없음,승용,남,50세,경상
2017122200100050,2017년 12월 22일 00시,금요일,충청남도 아산시 음봉면,경상사고,0,0,3,0,차대차 - 추돌,안전운전불이행,건조,맑음,단일로 - 기타,승용,남,35세,상해없음,승용,여,30세,경상
2017122200100077,2017년 12월 22일 01시,금요일,충청남도 천안시 동남구 구성동,경상사고,0,0,1,0,차대차 - 기타,안전운전불이행,건조,맑음,교차로 - 교차로부근,승용,남,26세,상해없음,승용,남,57세,경상
2017122200100087,2017년 12월 22일 02시,금요일,충청남도 천안시 서북구 백석동,경상사고,0,0,2,0,차대차 - 기타,안전거리미확보,건조,맑음,교차로 - 교차로부근,승용,남,26세,상해없음,승용,남,24세,기타불명
2017122200100099,2017년 12월 22일 03시,금요일,충청남도 보령시 미산면,경상사고,0,0,1,0,차대차 - 측면충돌,안전운전불이행,건조,맑음,기타 - 기타,승용,남,63세,상해없음,특수,남,32세,경상
2017122200100159,2017년 12월 22일 07시,금요일,충청남도 서산시 지곡면,경상사고,0,0,1,0,차량단독 - 공작물충돌,안전운전불이행,건조,맑음,단일로 - 기타,승용,남,52세,경상,,,,
2017122200100160,2017년 12월 22일 07시,금요일,충청남도 논산시 광석면,경상사고,0,0,1,0,차대차 - 추돌,안전운전불이행,건조,맑음,단일로 - 기타,화물,남,21세,기타불명,건설기계,남,46세,경상
2017122200100197,2017년 12월 22일 08시,금요일,충청남도 서산시 석남동,경상사고,0,0,1,0,차대차 - 측면충돌,신호위반,건조,맑음,교차로 - 교차로안,승용,남,48세,상해없음,승용,남,43세,상해없음
2017122200100256,2017년 12월 22일 10시,금요일,충청남도 서산시 부석면,사망사고,1,1,0,0,차량단독 - 공작물충돌,안전운전불이행,서리/결빙,맑음,단일로 - 기타,화물,남,69세,사망,,,,
2017122200100282,2017년 12월 22일 11시,금요일,충청남도 서천군 화양면,사망사고,1,0,0,0,차대차 - 측면충돌,직진우회전진행방해,건조,맑음,교차로 - 교차로안,화물,남,42세,상해없음,자전거,남,60세,사망
2017122200100283,2017년 12월 22일 11시,금요일,충청남도 예산군 예산읍,중상사고,0,1,1,1,차대차 - 측면충돌,신호위반,건조,맑음,교차로 - 교차로안,화물,남,57세,상해없음,화물,남,49세,부상신고
2017122200100314,2017년 12월 22일 12시,금요일,충청남도 아산시 온천동,중상사고,0,1,0,0,차대차 - 측면충돌,안전운전불이행,건조,맑음,교차로 - 교차로안,승용,남,38세,상해없음,자전거,남,68세,중상
2017122200100344,2017년 12월 22일 13시,금요일,충청남도 서산시 석림동,중상사고,0,1,0,0,차대차 - 측면충돌,안전운전불이행,건조,맑음,교차로 - 교차로안,승용,남,44세,상해없음,화물,남,46세,중상
2017122200100345,2017년 12월 22일 13시,금요일,충청남도 논산시 등화동,중상사고,0,1,0,0,차대차 - 추돌,안전운전불이행,건조,맑음,단일로 - 기타,화물,남,42세,상해없음,화물,여,60세,중상
2017122200100378,2017년 12월 22일 14시,금요일,충청남도 서산시 동문동,중상사고,0,1,0,0,차대차 - 기타,안전운전불이행,건조,맑음,단일로 - 기타,이륜,남,47세,상해없음,자전거,남,80세,중상
2017122200100379,2017년 12월 22일 14시,금요일,충청남도 아산시 실옥동,경상사고,0,0,1,0,차대차 - 추돌,안전운전불이행,건조,맑음,단일로 - 기타,건설기계,남,39세,상해없음,승용,남,27세,경상
2017122200100408,2017년 12월 22일 15시,금요일,충청남도 논산시 강경읍,중상사고,0,1,0,0,차대차 - 측면충돌,안전운전불이행,건조,맑음,단일로 - 기타,화물,남,55세,상해없음,이륜,남,69세,중상
2017122200100409,2017년 12월 22일 15시,금요일,충청남도 아산시 둔포면,중상사고,0,1,1,0,차대차 - 측면충돌,과속,건조,맑음,교차로 - 교차로안,승용,남,30세,경상,화물,남,29세,중상
2017122200100438,2017년 12월 22일 16시,금요일,충청남도 서산시 대산읍,중상사고,0,1,0,0,차대차 - 측면충돌,신호위반,건조,맑음,교차로 - 교차로안,승합,남,44세,상해없음,승용,남,56세,중상
2017122200100439,2017년 12월 22일 16시,금요일,충청남도 서산시 대산읍,경상사고,0,0,1,0,차대차 - 측면충돌,안전운전불이행,건조,맑음,단일로 - 기타,특수,남,56세,상해없음,승용,남,36세,경상
2017122200100440,2017년 12월 22일 16시,금요일,충청남도 예산군 덕산면,중상사고,0,1,0,0,차대차 - 추돌,안전운전불이행,건조,맑음,교차로 - 교차로부근,승용,남,42세,상해없음,승용,여,44세,중상
2017122200100478,2017년 12월 22일 17시,금요일,충청남도 서천군 비인면,중상사고,0,1,2,0,차대차 - 측면충돌,직진우회전진행방해,건조,맑음,교차로 - 교차로안,승용,남,52세,경상,화물,남,62세,중상
2017122200100479,2017년 12월 22일 17시,금요일,충청남도 공주시 의당면,경상사고,0,0,1,0,차대사람 - 횡단중,안전운전불이행,건조,흐림,단일로 - 기타,화물,남,67세,상해없음,보행자,여,61세,경상
2017122200100480,2017년 12월 22일 17시,금요일,충청남도 부여군 장암면,경상사고,0,0,4,0,차대차 - 정면충돌,안전운전불이행,건조,맑음,단일로 - 기타,화물,남,66세,상해없음,승합,남,65세,상해없음
2017122200100547,2017년 12월 22일 18시,금요일,충청남도 서산시 해미면,중상사고,0,1,0,0,차대차 - 추돌,안전거리미확보,건조,맑음,단일로 - 기타,승용,남,50세,상해없음,농기계,남,36세,중상
2017122200100548,2017년 12월 22일 18시,금요일,충청남도 서산시 석림동,경상사고,0,0,3,0,차대차 - 추돌,안전거리미확보,건조,맑음,단일로 - 기타,승용,남,37세,상해없음,승용,여,47세,경상
2017122200100549,2017년 12월 22일 18시,금요일,충청남도 홍성군 홍성읍,경상사고,0,0,1,0,차대차 - 추돌,안전운전불이행,건조,맑음,단일로 - 기타,승용,남,29세,상해없음,승용,남,41세,경상
2017122200100550,2017년 12월 22일 18시,금요일,충청남도 아산시 모종동,경상사고,0,0,1,0,차대차 - 기타,안전운전불이행,건조,맑음,교차로 - 교차로안,기타불명,기타불명,미분류,기타불명,이륜,남,16세,경상
2017122200100551,2017년 12월 22일 18시,금요일,충청남도 아산시 온천동,중상사고,0,1,0,0,차대사람 - 기타,안전운전불이행,건조,맑음,단일로 - 기타,승합,여,53세,상해없음,보행자,여,52세,중상
2017122200100552,2017년 12월 22일 18시,금요일,충청남도 아산시 좌부동,경상사고,0,0,3,0,차대차 - 측면충돌,중앙선침범,건조,맑음,단일로 - 기타,승용,남,57세,상해없음,승용,남,29세,경상
2017122200100553,2017년 12월 22일 18시,금요일,충청남도 서천군 서천읍,중상사고,0,1,0,0,차대사람 - 차도통행중,안전운전불이행,건조,맑음,교차로 - 교차로안,승용,여,44세,상해없음,보행자,여,81세,중상
2017122200100554,2017년 12월 22일 18시,금요일,충청남도 예산군 삽교읍,경상사고,0,0,1,0,차대차 - 추돌,안전운전불이행,건조,맑음,교차로 - 교차로부근,승용,여,48세,상해없음,승용,남,47세,경상
2017122200100555,2017년 12월 22일 18시,금요일,충청남도 당진시 면천면,경상사고,0,0,1,0,차대차 - 측면충돌,교차로운행방법위반,젖음/습기,맑음,교차로 - 교차로부근,화물,남,49세,상해없음,승용,남,66세,경상
2017122200100617,2017년 12월 22일 19시,금요일,충청남도 천안시 서북구 쌍용동,경상사고,0,0,1,0,차대차 - 측면충돌,안전운전불이행,건조,맑음,단일로 - 기타,승합,여,50세,상해없음,이륜,남,44세,경상
2017122200100618,2017년 12월 22일 19시,금요일,충청남도 논산시 강경읍,중상사고,0,1,0,0,차대사람 - 횡단중,안전운전불이행,건조,맑음,단일로 - 기타,승용,남,33세,상해없음,보행자,여,75세,중상
2017122200100619,2017년 12월 22일 19시,금요일,충청남도 천안시 동남구 청당동,경상사고,0,0,1,0,차대차 - 측면충돌,안전운전불이행,건조,맑음,단일로 - 기타,승용,남,52세,상해없음,승용,남,29세,경상
2017122200100668,2017년 12월 22일 20시,금요일,충청남도 논산시 내동,경상사고,0,0,1,0,차대사람 - 보도통행중,안전운전불이행,건조,맑음,단일로 - 기타,승용,남,36세,상해없음,보행자,남,32세,경상
2017122200100705,2017년 12월 22일 21시,금요일,충청남도 서산시 동문동,중상사고,0,1,0,0,차대차 - 측면충돌,안전운전불이행,건조,맑음,단일로 - 기타,승용,여,49세,상해없음,승용,남,54세,기타불명
2017122200100741,2017년 12월 22일 22시,금요일,충청남도 천안시 서북구 두정동,경상사고,0,0,1,0,차대차 - 기타,안전운전불이행,건조,맑음,단일로 - 기타,승용,남,32세,상해없음,승용,남,50세,경상
2017122200100781,2017년 12월 22일 23시,금요일,충청남도 천안시 서북구 불당동,경상사고,0,0,1,0,차대차 - 측면충돌,안전운전불이행,건조,흐림,단일로 - 기타,승용,남,37세,상해없음,이륜,남,17세,경상
2017122200100782,2017년 12월 22일 23시,금요일,충청남도 아산시 용화동,경상사고,0,0,2,0,차대차 - 측면충돌,신호위반,건조,맑음,교차로 - 교차로안,승용,남,40세,상해없음,승용,남,32세,경상
2017122300100092,2017년 12월 23일 01시,토요일,충청남도 천안시 서북구 백석동,경상사고,0,0,1,0,차대사람 - 기타,안전운전불이행,건조,흐림,단일로 - 기타,화물,남,45세,상해없음,보행자,남,34세,경상
2017122300100093,2017년 12월 23일 01시,토요일,충청남도 천안시 동남구 신부동,경상사고,0,0,1,0,차대사람 - 보도통행중,보행자보호의무위반,건조,맑음,단일로 - 기타,기타불명,기타불명,미분류,기타불명,보행자,여,23세,경상
2017122300100160,2017년 12월 23일 05시,토요일,충청남도 당진시 송악읍,경상사고,0,0,1,0,차량단독 - 전도전복 - 전도,안전운전불이행,건조,맑음,교차로 - 교차로안,승용,남,31세,상해없음,,,,
2017122300100185,2017년 12월 23일 07시,토요일,충청남도 천안시 동남구 삼룡동,중상사고,0,1,1,0,차대차 - 측면충돌,신호위반,건조,맑음,교차로 - 교차로안,승용,남,37세,중상,승용,남,54세,경상
2017122300100206,2017년 12월 23일 08시,토요일,충청남도 천안시 서북구 직산읍,중상사고,0,1,1,0,차대차 - 측면충돌,신호위반,건조,맑음,교차로 - 교차로안,승용,남,45세,상해없음,화물,남,55세,경상
2017122300100224,2017년 12월 23일 09시,토요일,충청남도 서산시 동문동,중상사고,0,1,1,0,차대차 - 측면충돌,기타,건조,맑음,교차로 - 교차로안,승용,남,44세,상해없음,이륜,남,79세,경상
2017122300100225,2017년 12월 23일 09시,토요일,충청남도 천안시 서북구 직산읍,중상사고,0,1,0,0,차대차 - 측면충돌,안전운전불이행,건조,맑음,교차로 - 교차로안,승용,남,55세,상해없음,승용,남,22세,중상
2017122300100258,2017년 12월 23일 10시,토요일,충청남도 천안시 동남구 유량동,경상사고,0,0,1,0,차대차 - 측면충돌,안전운전불이행,건조,맑음,단일로 - 기타,화물,남,72세,상해없음,승용,여,41세,경상
2017122300100286,2017년 12월 23일 11시,토요일,충청남도 예산군 오가면,중상사고,0,1,0,0,차대사람 - 횡단중,안전운전불이행,건조,맑음,단일로 - 기타,승용,남,44세,상해없음,보행자,남,16세,중상
2017122300100320,2017년 12월 23일 12시,토요일,충청남도 서천군 서천읍,경상사고,0,0,1,0,차대차 - 측면충돌,직진우회전진행방해,건조,맑음,교차로 - 교차로안,승용,여,66세,상해없음,승용,남,57세,경상
2017122300100322,2017년 12월 23일 12시,토요일,충청남도 부여군 구룡면,경상사고,0,0,5,0,차대차 - 측면충돌,안전운전불이행,건조,맑음,교차로 - 교차로안,승용,남,77세,상해없음,승용,남,56세,경상
2017122300100408,2017년 12월 23일 15시,토요일,충청남도 서산시 석남동,부상신고사고,0,0,0,1,차대차 - 측면충돌,안전운전불이행,건조,맑음,교차로 - 교차로부근,자전거,남,9세,부상신고,화물,여,61세,상해없음
2017122300100441,2017년 12월 23일 16시,토요일,충청남도 천안시 서북구 쌍용동,경상사고,0,0,1,0,차대차 - 기타,안전운전불이행,건조,맑음,교차로 - 교차로안,승용,여,51세,상해없음,이륜,남,28세,경상
2017122300100442,2017년 12월 23일 16시,토요일,충청남도 천안시 서북구 성환읍,경상사고,0,0,1,0,차대차 - 추돌,안전운전불이행,건조,맑음,교차로 - 교차로부근,승용,남,75세,상해없음,승용,남,55세,경상
2017122300100443,2017년 12월 23일 16시,토요일,충청남도 아산시 음봉면,경상사고,0,0,4,0,차대차 - 측면충돌,안전운전불이행,건조,맑음,교차로 - 교차로안,화물,남,72세,상해없음,승용,남,40세,경상
2017122300100444,2017년 12월 23일 16시,토요일,충청남도 태안군 태안읍,경상사고,0,0,1,0,차대차 - 측면충돌,안전운전불이행,건조,맑음,기타 - 기타,건설기계,남,46세,상해없음,승용,남,44세,경상
2017122300100485,2017년 12월 23일 17시,토요일,충청남도 서산시 운산면,중상사고,0,2,2,0,차대차 - 정면충돌,중앙선침범,건조,맑음,단일로 - 기타,승용,남,18세,상해없음,승용,남,47세,중상
2017122300100486,2017년 12월 23일 17시,토요일,충청남도 서천군 서천읍,사망사고,1,0,0,0,차대사람 - 차도통행중,안전운전불이행,건조,맑음,교차로 - 교차로안,승용,남,37세,상해없음,보행자,여,58세,사망
2017122300100542,2017년 12월 23일 18시,토요일,충청남도 예산군 오가면,사망사고,1,0,0,0,차대사람 - 기타,안전운전불이행,건조,맑음,단일로 - 기타,승용,남,31세,상해없음,보행자,남,81세,사망
2017122300100543,2017년 12월 23일 18시,토요일,충청남도 당진시 송악읍,경상사고,0,0,2,0,차대차 - 측면충돌,직진우회전진행방해,건조,맑음,교차로 - 교차로안,승합,남,55세,상해없음,승용,남,66세,상해없음
2017122300100544,2017년 12월 23일 18시,토요일,충청남도 당진시 읍내리,중상사고,0,1,0,1,차량단독 - 공작물충돌,안전운전불이행,젖음/습기,흐림,단일로 - 기타,승용,남,70세,부상신고,,,,
2017122300100596,2017년 12월 23일 19시,토요일,충청남도 천안시 동남구 광덕면,경상사고,0,0,2,0,차대차 - 측면충돌,안전운전불이행,건조,맑음,교차로 - 교차로부근,화물,남,52세,상해없음,승용,남,44세,경상
2017122300100627,2017년 12월 23일 20시,토요일,충청남도 홍성군 홍성읍,경상사고,0,0,1,0,차대차 - 측면충돌,안전운전불이행,건조,맑음,단일로 - 기타,승용,남,66세,상해없음,승용,여,49세,경상
2017122300100628,2017년 12월 23일 20시,토요일,충청남도 태안군 소원면,경상사고,0,0,3,0,차대차 - 추돌,안전운전불이행,건조,기타,교차로 - 교차로부근,승용,남,52세,상해없음,승용,여,46세,경상
2017122300100662,2017년 12월 23일 21시,토요일,충청남도 예산군 신양면,경상사고,0,0,5,0,차대차 - 기타,안전운전불이행,건조,맑음,단일로 - 기타,화물,남,63세,경상,특수,남,62세,경상
2017122400100056,2017년 12월 24일 01시,일요일,충청남도 논산시 내동,중상사고,0,1,4,0,차대차 - 측면충돌,안전운전불이행,건조,맑음,교차로 - 교차로안,화물,남,43세,상해없음,승용,여,43세,경상
2017122400100158,2017년 12월 24일 09시,일요일,충청남도 천안시 동남구 목천읍,경상사고,0,0,1,0,차대차 - 정면충돌,중앙선침범,젖음/습기,비,단일로 - 기타,이륜,남,35세,경상,승용,남,53세,상해없음
2017122400100176,2017년 12월 24일 10시,일요일,충청남도 아산시 초사동,중상사고,0,1,0,0,차대차 - 측면충돌,안전운전불이행,건조,맑음,교차로 - 교차로안,승용,여,48세,기타불명,승용,남,56세,중상
2017122400100235,2017년 12월 24일 13시,일요일,충청남도 아산시 온천동,경상사고,0,0,1,0,차대차 - 측면충돌,차로위반,건조,맑음,단일로 - 기타,승용,남,18세,상해없음,이륜,남,18세,경상
2017122400100236,2017년 12월 24일 13시,일요일,충청남도 예산군 덕산면,경상사고,0,0,1,0,차대사람 - 차도통행중,안전운전불이행,건조,맑음,단일로 - 기타,승용,남,75세,상해없음,보행자,남,44세,경상
2017122400100295,2017년 12월 24일 16시,일요일,충청남도 천안시 동남구 신부동,경상사고,0,0,1,0,차대사람 - 기타,안전운전불이행,건조,맑음,단일로 - 기타,승용,남,71세,상해없음,보행자,남,38세,경상
2017122400100356,2017년 12월 24일 18시,일요일,충청남도 서산시 해미면,중상사고,0,2,2,1,차대차 - 추돌,안전운전불이행,건조,맑음,단일로 - 기타,화물,남,45세,부상신고,승용,남,41세,중상
2017122400100357,2017년 12월 24일 18시,일요일,충청남도 당진시 송악읍,중상사고,0,1,0,0,차대사람 - 보도통행중,안전운전불이행,건조,맑음,기타 - 기타,이륜,남,36세,상해없음,보행자,남,64세,중상
2017122400100393,2017년 12월 24일 19시,일요일,충청남도 아산시 신창면,경상사고,0,0,1,0,차대차 - 정면충돌,안전운전불이행,건조,맑음,교차로 - 교차로안,승용,남,32세,상해없음,승용,남,61세,경상
2017122400100420,2017년 12월 24일 20시,일요일,충청남도 보령시 동대동,경상사고,0,0,1,0,차대사람 - 차도통행중,안전운전불이행,건조,맑음,단일로 - 기타,승용,남,43세,상해없음,보행자,남,37세,경상
2017122400100444,2017년 12월 24일 21시,일요일,충청남도 논산시 취암동,중상사고,0,1,0,0,차대차 - 추돌,안전운전불이행,건조,맑음,교차로 - 교차로부근,승용,남,25세,중상,승용,남,60세,기타불명
2017122400100445,2017년 12월 24일 21시,일요일,충청남도 태안군 태안읍,부상신고사고,0,0,0,1,차량단독 - 전도전복 - 전도,안전운전불이행,건조,흐림,단일로 - 기타,이륜,남,31세,부상신고,,,,
2017122400100462,2017년 12월 24일 22시,일요일,충청남도 서산시 석남동,경상사고,0,0,4,0,차대차 - 추돌,안전운전불이행,건조,맑음,교차로 - 교차로부근,승용,남,58세,상해없음,승용,남,37세,경상
2017122400100463,2017년 12월 24일 22시,일요일,충청남도 보령시 대천동,중상사고,0,1,0,0,차대차 - 측면충돌,안전운전불이행,건조,맑음,교차로 - 교차로부근,승용,남,57세,상해없음,자전거,여,65세,중상
2017122500100113,2017년 12월 25일 10시,월요일,충청남도 아산시 둔포면,경상사고,0,0,3,0,차대차 - 추돌,안전운전불이행,건조,맑음,단일로 - 기타,화물,남,54세,상해없음,승용,남,48세,경상
2017122500100114,2017년 12월 25일 10시,월요일,충청남도 당진시 신평면,중상사고,0,2,2,0,차대차 - 측면충돌,직진우회전진행방해,건조,맑음,교차로 - 교차로안,화물,남,75세,중상,승용,남,55세,중상
2017122500100126,2017년 12월 25일 11시,월요일,충청남도 천안시 서북구 백석동,경상사고,0,0,4,0,차대차 - 추돌,안전운전불이행,건조,맑음,단일로 - 기타,승용,남,19세,상해없음,승용,남,32세,경상
2017122500100127,2017년 12월 25일 11시,월요일,충청남도 보령시 신흑동,경상사고,0,0,1,0,차대사람 - 횡단중,신호위반,건조,맑음,기타 - 기타,승용,남,47세,상해없음,보행자,남,76세,경상
2017122500100148,2017년 12월 25일 12시,월요일,충청남도 아산시 배방읍,경상사고,0,0,4,0,차대차 - 측면충돌,안전운전불이행,건조,맑음,교차로 - 교차로부근,승용,여,57세,상해없음,승용,여,32세,경상
2017122500100149,2017년 12월 25일 12시,월요일,충청남도 당진시 읍내리,중상사고,0,1,0,0,차대사람 - 횡단중,보행자보호의무위반,건조,맑음,교차로 - 교차로횡단보도내,승합,남,68세,상해없음,보행자,여,41세,중상
2017122500100189,2017년 12월 25일 14시,월요일,충청남도 천안시 서북구 성성동,경상사고,0,0,2,0,차대차 - 측면충돌,안전운전불이행,건조,맑음,단일로 - 기타,승용,남,52세,상해없음,승용,남,28세,경상
2017122500100190,2017년 12월 25일 14시,월요일,충청남도 서천군 장항읍,경상사고,0,0,3,0,차대차 - 측면충돌,직진우회전진행방해,건조,맑음,교차로 - 교차로안,승용,남,48세,상해없음,승용,남,58세,경상
2017122500100222,2017년 12월 25일 15시,월요일,충청남도 공주시 산성동,경상사고,0,0,1,0,차대사람 - 횡단중,보행자보호의무위반,건조,맑음,교차로 - 교차로횡단보도내,승용,남,45세,상해없음,보행자,남,72세,경상
2017122500100240,2017년 12월 25일 16시,월요일,충청남도 태안군 남면,경상사고,0,0,3,0,차대차 - 추돌,안전거리미확보,건조,맑음,단일로 - 기타,승용,남,25세,상해없음,승용,남,51세,경상
2017122500100266,2017년 12월 25일 17시,월요일,충청남도 홍성군 홍성읍,경상사고,0,0,1,0,차대차 - 기타,안전운전불이행,건조,맑음,단일로 - 기타,승용,남,50세,상해없음,승용,남,55세,경상
2017122500100297,2017년 12월 25일 18시,월요일,충청남도 서산시 음암면,중상사고,0,4,0,0,차대차 - 추돌,안전운전불이행,건조,맑음,교차로 - 교차로부근,승용,남,65세,상해없음,승용,여,35세,중상
2017122500100322,2017년 12월 25일 19시,월요일,충청남도 서산시 고북면,사망사고,1,0,0,0,차대사람 - 횡단중,보행자보호의무위반,건조,맑음,교차로 - 교차로부근,승용,여,28세,상해없음,보행자,여,65세,사망
2017122500100340,2017년 12월 25일 20시,월요일,충청남도 아산시 배방읍,경상사고,0,0,1,0,차대차 - 기타,신호위반,건조,맑음,교차로 - 교차로안,승용,여,43세,상해없음,승용,여,41세,경상
2017122500100364,2017년 12월 25일 21시,월요일,충청남도 논산시 내동,경상사고,0,0,2,0,차대차 - 측면충돌,신호위반,건조,맑음,교차로 - 교차로안,승용,남,40세,상해없음,승용,여,48세,경상
2017122500100379,2017년 12월 25일 22시,월요일,충청남도 천안시 서북구 백석동,경상사고,0,0,3,0,차대차 - 측면충돌,신호위반,건조,맑음,교차로 - 교차로안,승용,여,23세,경상,화물,남,24세,경상
2017122500100405,2017년 12월 25일 23시,월요일,충청남도 천안시 서북구 성정동,경상사고,0,0,1,0,차대차 - 측면충돌,안전운전불이행,건조,맑음,단일로 - 기타,승용,남,26세,상해없음,이륜,남,16세,경상
2017122500100406,2017년 12월 25일 23시,월요일,충청남도 천안시 서북구 성거읍,경상사고,0,0,1,0,차대차 - 추돌,안전운전불이행,건조,맑음,교차로 - 교차로안,승용,남,28세,상해없음,승용,남,41세,경상
2017122500100407,2017년 12월 25일 23시,월요일,충청남도 부여군 장암면,경상사고,0,0,2,0,차대차 - 추돌,안전운전불이행,건조,맑음,단일로 - 기타,승용,여,50세,상해없음,화물,남,64세,경상
2017122600100035,2017년 12월 26일 00시,화요일,충청남도 홍성군 홍성읍,경상사고,0,0,1,0,차대차 - 측면충돌,신호위반,젖음/습기,맑음,교차로 - 교차로안,승용,여,46세,상해없음,승용,남,21세,경상
2017122600100071,2017년 12월 26일 05시,화요일,충청남도 공주시 송선동,경상사고,0,0,2,0,차대차 - 추돌,안전운전불이행,서리/결빙,눈,단일로 - 고가도로위,승용,남,42세,경상,화물,남,57세,경상