사고번호,사고일시,요일,시군구,사고내용,사망자수,중상자수,경상자수,부상신고자수,사고유형,법규위반,노면상태,기상상태,도로형태,가해운전자 차종,가해운전자 성별,가해운전자 연령,가해운전자 상해정도,피해운전자 차종,피해운전자 성별,피해운전자 연령,피해운전자 상해정도
2017122600100111,2017년 12월 26일 07시,화요일,충청남도 아산시 온천동,사망사고,1,0,0,0,차대사람 - 보도통행중,보행자보호의무위반,젖음/습기,눈,교차로 - 교차로횡단보도내,승용,여,44세,상해없음,보행자,여,79세,사망
2017122600100144,2017년 12월 26일 08시,화요일,충청남도 서천군 장항읍,경상사고,0,0,1,0,차대차 - 측면충돌,안전운전불이행,젖음/습기,눈,교차로 - 교차로안,자전거,여,22세,경상,승용,여,22세,상해없음
2017122600100145,2017년 12월 26일 08시,화요일,충청남도 부여군 규암면,중상사고,0,1,2,0,차대차 - 정면충돌,안전운전불이행,적설,눈,단일로 - 기타,승용,남,26세,상해없음,승용,여,43세,중상
2017122600100173,2017년 12월 26일 09시,화요일,충청남도 천안시 동남구 목천읍,경상사고,0,0,1,0,차대차 - 측면충돌,안전운전불이행,건조,맑음,교차로 - 교차로부근,화물,남,63세,상해없음,승용,남,31세,경상
2017122600100197,2017년 12월 26일 10시,화요일,충청남도 논산시 취암동,중상사고,0,1,0,0,차대차 - 측면충돌,교차로운행방법위반,건조,맑음,교차로 - 교차로안,승용,여,56세,상해없음,이륜,남,78세,중상
2017122600100198,2017년 12월 26일 10시,화요일,충청남도 아산시 온천동,중상사고,0,2,0,0,차대차 - 추돌,안전운전불이행,건조,맑음,단일로 - 기타,승용,남,52세,상해없음,승용,여,44세,중상
2017122600100200,2017년 12월 26일 10시,화요일,충청남도 천안시 동남구 수신면,중상사고,0,1,0,0,차대차 - 측면충돌,안전운전불이행,건조,맑음,교차로 - 교차로부근,승용,남,52세,상해없음,이륜,남,76세,중상
2017122600100231,2017년 12월 26일 11시,화요일,충청남도 부여군 석성면,경상사고,0,0,1,0,차대차 - 정면충돌,신호위반,건조,맑음,교차로 - 교차로안,승용,남,65세,상해없음,화물,남,42세,경상
2017122600100289,2017년 12월 26일 13시,화요일,충청남도 홍성군 서부면,경상사고,0,0,3,0,차대차 - 추돌,안전운전불이행,서리/결빙,흐림,단일로 - 기타,승합,남,61세,상해없음,승용,남,64세,경상
2017122600100319,2017년 12월 26일 14시,화요일,충청남도 천안시 서북구 성정동,경상사고,0,0,1,0,차대사람 - 횡단중,보행자보호의무위반,건조,맑음,단일로 - 기타,건설기계,남,57세,상해없음,보행자,여,71세,경상
2017122600100320,2017년 12월 26일 14시,화요일,충청남도 예산군 예산읍,경상사고,0,0,1,0,차대차 - 추돌,안전운전불이행,건조,맑음,단일로 - 기타,승용,여,56세,상해없음,승용,남,50세,경상
2017122600100348,2017년 12월 26일 15시,화요일,충청남도 서산시 읍내동,중상사고,0,1,0,0,차대차 - 측면충돌,직진우회전진행방해,건조,맑음,교차로 - 교차로안,이륜,남,80세,중상,이륜,남,25세,상해없음
2017122600100378,2017년 12월 26일 16시,화요일,충청남도 계룡시 금암동,경상사고,0,0,1,0,차대차 - 측면충돌,교차로운행방법위반,건조,맑음,교차로 - 교차로안,승합,여,32세,상해없음,승용,여,38세,경상
2017122600100419,2017년 12월 26일 17시,화요일,충청남도 천안시 서북구 불당동,경상사고,0,0,1,0,차대차 - 기타,차로위반,건조,맑음,단일로 - 기타,승용,남,31세,상해없음,승용,남,36세,경상
2017122600100456,2017년 12월 26일 18시,화요일,충청남도 공주시 사곡면,경상사고,0,0,2,0,차대차 - 측면충돌,중앙선침범,건조,기타,교차로 - 교차로부근,화물,남,53세,기타불명,승용,여,63세,경상
2017122600100458,2017년 12월 26일 18시,화요일,충청남도 당진시 석문면,중상사고,0,1,0,0,차대차 - 측면충돌,교차로운행방법위반,건조,맑음,교차로 - 교차로안,승용,남,45세,상해없음,승용,남,62세,중상
2017122600100488,2017년 12월 26일 19시,화요일,충청남도 서산시 석남동,중상사고,0,1,1,0,차대차 - 추돌,안전운전불이행,건조,맑음,교차로 - 교차로부근,화물,남,55세,상해없음,승용,여,28세,중상
2017122600100489,2017년 12월 26일 19시,화요일,충청남도 천안시 서북구 성환읍,경상사고,0,0,1,0,차대차 - 기타,안전운전불이행,건조,맑음,단일로 - 기타,화물,남,37세,상해없음,승용,남,24세,경상
2017122600100580,2017년 12월 26일 22시,화요일,충청남도 서천군 서천읍,경상사고,0,0,1,0,차량단독 - 기타,안전운전불이행,젖음/습기,흐림,단일로 - 기타,승용,남,59세,경상,,,,
2017122700100046,2017년 12월 27일 01시,수요일,충청남도 당진시 신평면,경상사고,0,0,1,0,차대사람 - 횡단중,보행자보호의무위반,건조,맑음,단일로 - 기타,승용,남,33세,상해없음,보행자,남,31세,경상
2017122700100054,2017년 12월 27일 02시,수요일,충청남도 청양군 청양읍,사망사고,1,0,0,0,차량단독 - 전도전복,안전운전불이행,건조,맑음,교차로 - 교차로부근,화물,남,47세,사망,미분류,미분류,미분류,미분류
2017122700100082,2017년 12월 27일 06시,수요일,충청남도 천안시 동남구 신부동,경상사고,0,0,1,0,차대사람 - 횡단중,신호위반,건조,맑음,교차로 - 교차로부근,승용,여,43세,상해없음,보행자,여,31세,경상
2017122700100124,2017년 12월 27일 08시,수요일,충청남도 서산시 석남동,사망사고,1,1,0,0,차대차 - 정면충돌,중앙선침범,건조,맑음,단일로 - 기타,승용,남,62세,사망,승용,남,35세,중상
2017122700100166,2017년 12월 27일 10시,수요일,충청남도 천안시 동남구 사직동,경상사고,0,0,1,0,차대사람 - 횡단중,안전운전불이행,건조,맑음,단일로 - 기타,이륜,남,19세,상해없음,보행자,여,57세,경상
2017122700100167,2017년 12월 27일 10시,수요일,충청남도 태안군 태안읍,경상사고,0,0,1,0,차대차 - 측면충돌,안전운전불이행,건조,맑음,교차로 - 교차로안,승용,남,26세,상해없음,이륜,남,68세,경상
2017122700100224,2017년 12월 27일 12시,수요일,충청남도 홍성군 홍성읍,중상사고,0,1,0,0,차대차 - 측면충돌,안전운전불이행,건조,맑음,교차로 - 교차로안,승용,남,39세,상해없음,이륜,남,79세,중상
2017122700100246,2017년 12월 27일 13시,수요일,충청남도 당진시 읍내리,경상사고,0,0,2,0,차대차 - 측면충돌,직진우회전진행방해,건조,맑음,단일로 - 기타,승용,남,67세,상해없음,승용,여,47세,경상
2017122700100275,2017년 12월 27일 14시,수요일,충청남도 천안시 동남구 다가동,중상사고,0,1,0,0,차대차 - 측면충돌,안전운전불이행,건조,맑음,교차로 - 교차로안,화물,남,43세,상해없음,자전거,남,63세,중상
2017122700100301,2017년 12월 27일 15시,수요일,충청남도 공주시 계룡면,경상사고,0,0,2,0,차대차 - 측면충돌,안전운전불이행,건조,맑음,기타 - 기타,화물,남,58세,경상,승용,여,51세,경상
2017122700100302,2017년 12월 27일 15시,수요일,충청남도 공주시 계룡면,부상신고사고,0,0,0,1,차량단독 - 도로외이탈 - 기타,안전운전불이행,건조,맑음,단일로 - 기타,승용,남,50세,부상신고,,,,
2017122700100360,2017년 12월 27일 17시,수요일,충청남도 천안시 서북구 쌍용동,경상사고,0,0,1,0,차대차 - 측면충돌,안전운전불이행,건조,맑음,단일로 - 기타,화물,남,52세,상해없음,화물,남,40세,경상
2017122700100361,2017년 12월 27일 17시,수요일,충청남도 천안시 서북구 성정동,경상사고,0,0,1,0,차대차 - 측면충돌,안전운전불이행,건조,맑음,단일로 - 기타,승용,남,39세,상해없음,원동기,남,44세,경상
2017122700100362,2017년 12월 27일 17시,수요일,충청남도 아산시 탕정면,경상사고,0,0,1,0,차대차 - 측면충돌,안전운전불이행,건조,기타,교차로 - 교차로안,승용,남,33세,상해없음,이륜,남,24세,경상
2017122700100408,2017년 12월 27일 18시,수요일,충청남도 서천군 장항읍,경상사고,0,0,1,0,차대사람 - 횡단중,보행자보호의무위반,건조,맑음,교차로 - 교차로안,승용,여,27세,상해없음,보행자,여,52세,경상
2017122700100444,2017년 12월 27일 19시,수요일,충청남도 아산시 용화동,사망사고,1,0,0,0,차대차 - 측면충돌,신호위반,건조,맑음,교차로 - 교차로안,이륜,남,18세,사망,승용,남,37세,상해없음
2017122700100445,2017년 12월 27일 19시,수요일,충청남도 금산군 금산읍,중상사고,0,1,0,0,차대사람 - 횡단중,안전운전불이행,건조,맑음,단일로 - 기타,승용,남,34세,상해없음,보행자,여,76세,중상
2017122700100502,2017년 12월 27일 21시,수요일,충청남도 천안시 서북구 성정동,중상사고,0,1,0,0,차대차 - 추돌,안전운전불이행,건조,맑음,단일로 - 기타,승용,남,36세,상해없음,승용,남,62세,중상
2017122800100039,2017년 12월 28일 00시,목요일,충청남도 천안시 서북구 불당동,중상사고,0,1,0,0,차대차 - 기타,안전운전불이행,건조,맑음,단일로 - 기타,승용,남,42세,상해없음,승용,남,27세,중상
2017122800100051,2017년 12월 28일 01시,목요일,충청남도 아산시 온천동,경상사고,0,0,1,0,차대차 - 측면충돌,신호위반,건조,맑음,교차로 - 교차로안,승용,남,24세,상해없음,승용,남,22세,경상
2017122800100066,2017년 12월 28일 03시,목요일,충청남도 서산시 잠홍동,중상사고,0,1,0,0,차량단독 - 공작물충돌,안전운전불이행,건조,맑음,단일로 - 기타,승용,남,28세,중상,,,,
2017122800100067,2017년 12월 28일 03시,목요일,충청남도 천안시 서북구 성정동,경상사고,0,0,1,0,차대차 - 기타,신호위반,건조,맑음,교차로 - 교차로안,승용,남,41세,상해없음,승용,여,39세,경상
2017122800100074,2017년 12월 28일 04시,목요일,충청남도 천안시 동남구 구성동,경상사고,0,0,1,0,차대차 - 정면충돌,중앙선침범,젖음/습기,흐림,단일로 - 기타,승용,남,36세,상해없음,승용,남,58세,경상
2017122800100127,2017년 12월 28일 08시,목요일,충청남도 천안시 서북구 두정동,경상사고,0,0,1,0,차대차 - 측면충돌,직진우회전진행방해,건조,맑음,교차로 - 교차로안,승용,여,40세,상해없음,승용,여,33세,경상
2017122800100128,2017년 12월 28일 08시,목요일,충청남도 보령시 대천동,경상사고,0,0,1,0,차대사람 - 기타,안전운전불이행,건조,맑음,단일로 - 기타,승용,남,30세,상해없음,보행자,남,36세,경상
2017122800100144,2017년 12월 28일 09시,목요일,충청남도 아산시 모종동,중상사고,0,1,0,0,차대사람 - 기타,안전운전불이행,건조,맑음,단일로 - 기타,승용,여,54세,상해없음,보행자,여,48세,중상
2017122800100165,2017년 12월 28일 10시,목요일,충청남도 태안군 태안읍,경상사고,0,0,1,0,차대차 - 후진중충돌,안전운전불이행,건조,맑음,교차로 - 교차로부근,화물,남,70세,상해없음,승용,남,69세,경상
2017122800100185,2017년 12월 28일 11시,목요일,충청남도 천안시 서북구 업성동,경상사고,0,0,1,0,차대사람 - 횡단중,안전운전불이행,건조,맑음,단일로 - 기타,승용,남,28세,상해없음,보행자,여,67세,경상
2017122800100210,2017년 12월 28일 12시,목요일,충청남도 서산시 동문동,중상사고,0,1,0,0,차대차 - 추돌,안전운전불이행,건조,맑음,교차로 - 교차로안,자전거,남,78세,중상,승용,여,39세,상해없음
2017122800100231,2017년 12월 28일 13시,목요일,충청남도 서천군 비인면,중상사고,0,1,2,0,차대차 - 측면충돌,직진우회전진행방해,건조,맑음,교차로 - 교차로안,화물,여,47세,경상,승용,남,77세,중상
2017122800100261,2017년 12월 28일 14시,목요일,충청남도 금산군 남이면,경상사고,0,0,1,0,차량단독 - 전도전복,안전운전불이행,건조,맑음,단일로 - 기타,이륜,남,53세,경상,미분류,미분류,미분류,미분류
2017122800100308,2017년 12월 28일 16시,목요일,충청남도 천안시 동남구 신부동,경상사고,0,0,1,0,차대차 - 측면충돌,안전운전불이행,건조,맑음,단일로 - 기타,특수,남,47세,상해없음,승용,여,34세,경상
2017122800100339,2017년 12월 28일 17시,목요일,충청남도 논산시 지산동,경상사고,0,0,1,0,차대차 - 측면충돌,안전거리미확보,건조,맑음,교차로 - 교차로부근,승용,여,68세,상해없음,승용,남,61세,경상
2017122800100387,2017년 12월 28일 18시,목요일,충청남도 천안시 서북구 와촌동,경상사고,0,0,1,0,차대차 - 추돌,안전운전불이행,건조,맑음,교차로 - 교차로부근,승용,남,19세,상해없음,승용,남,24세,경상
2017122800100422,2017년 12월 28일 19시,목요일,충청남도 논산시 광석면,경상사고,0,0,2,0,차대차 - 측면충돌,안전운전불이행,건조,맑음,교차로 - 교차로부근,화물,남,72세,상해없음,승용,여,52세,경상
2017122800100476,2017년 12월 28일 21시,목요일,충청남도 천안시 서북구 성거읍,중상사고,0,1,0,0,차대차 - 기타,안전운전불이행,건조,맑음,단일로 - 기타,승용,남,36세,중상,화물,남,51세,상해없음
2017122800100502,2017년 12월 28일 22시,목요일,충청남도 서산시 잠홍동,경상사고,0,0,1,0,차대차 - 측면충돌,차로위반,건조,맑음,교차로 - 교차로부근,화물,남,67세,상해없음,승용,남,64세,경상
2017122900100038,2017년 12월 29일 00시,금요일,충청남도 천안시 서북구 두정동,경상사고,0,0,1,0,차대차 - 기타,안전운전불이행,건조,맑음,교차로 - 교차로안,승용,남,24세,상해없음,승용,남,50세,경상
2017122900100063,2017년 12월 29일 01시,금요일,충청남도 당진시 송악읍,중상사고,0,2,0,0,차대차 - 측면충돌,안전운전불이행,건조,흐림,단일로 - 기타,승용,남,27세,중상,승용,남,27세,상해없음
2017122900100077,2017년 12월 29일 02시,금요일,충청남도 천안시 서북구 두정동,경상사고,0,0,4,0,차대차 - 기타,교차로운행방법위반,건조,맑음,교차로 - 교차로안,승용,남,52세,경상,승용,남,27세,경상
2017122900100113,2017년 12월 29일 06시,금요일,충청남도 서천군 서천읍,중상사고,0,1,1,0,차대차 - 추돌,안전운전불이행,건조,맑음,단일로 - 기타,승용,남,24세,상해없음,화물,남,51세,중상
2017122900100114,2017년 12월 29일 06시,금요일,충청남도 청양군 청양읍,중상사고,0,1,1,0,차대차 - 추돌,안전운전불이행,건조,맑음,교차로 - 교차로부근,화물,남,64세,중상,화물,남,34세,경상
2017122900100134,2017년 12월 29일 07시,금요일,충청남도 서산시 예천동,경상사고,0,0,3,0,차대차 - 측면충돌,교차로운행방법위반,건조,맑음,교차로 - 교차로안,승용,남,58세,경상,승용,여,56세,경상
2017122900100135,2017년 12월 29일 07시,금요일,충청남도 계룡시 엄사면,경상사고,0,0,1,0,차량단독 - 기타,기타,건조,맑음,교차로 - 교차로안,이륜,남,57세,경상,,,,
2017122900100161,2017년 12월 29일 08시,금요일,충청남도 논산시 내동,중상사고,0,1,0,0,차대사람 - 길가장자리구역통행중,안전운전불이행,젖음/습기,흐림,단일로 - 기타,승용,여,38세,상해없음,보행자,여,24세,중상
2017122900100162,2017년 12월 29일 08시,금요일,충청남도 당진시 채운동,경상사고,0,0,1,0,차대사람 - 횡단중,보행자보호의무위반,건조,맑음,교차로 - 교차로횡단보도내,승용,여,48세,상해없음,보행자,남,10세,경상
2017122900100209,2017년 12월 29일 10시,금요일,충청남도 천안시 서북구 두정동,경상사고,0,0,1,0,차대차 - 기타,안전거리미확보,건조,맑음,단일로 - 기타,승용,여,46세,상해없음,승합,남,58세,경상
2017122900100210,2017년 12월 29일 10시,금요일,충청남도 금산군 금산읍,중상사고,0,2,0,0,차대차 - 측면충돌,직진우회전진행방해,건조,맑음,교차로 - 교차로안,화물,남,58세,상해없음,이륜,남,80세,중상
2017122900100269,2017년 12월 29일 12시,금요일,충청남도 예산군 오가면,경상사고,0,0,3,0,차대차 - 추돌,안전운전불이행,건조,맑음,교차로 - 교차로안,화물,남,37세,상해없음,승용,여,42세,경상
2017122900100270,2017년 12월 29일 12시,금요일,충청남도 천안시 동남구 수신면,중상사고,0,1,0,0,차대차 - 기타,직진우회전진행방해,건조,맑음,교차로 - 교차로안,승용,남,45세,상해없음,승용,남,29세,중상
2017122900100318,2017년 12월 29일 14시,금요일,충청남도 천안시 동남구 용곡동,경상사고,0,0,1,0,차대차 - 측면충돌,안전운전불이행,건조,맑음,단일로 - 고가도로위,화물,남,62세,상해없음,화물,남,73세,경상
2017122900100383,2017년 12월 29일 16시,금요일,충청남도 서산시 동문동,경상사고,0,0,1,0,차대차 - 추돌,안전거리미확보,건조,맑음,단일로 - 기타,이륜,남,35세,경상,승용,남,59세,상해없음
2017122900100384,2017년 12월 29일 16시,금요일,충청남도 금산군 추부면,경상사고,0,0,4,0,차대차 - 측면충돌,안전운전불이행,건조,맑음,단일로 - 기타,승용,여,55세,상해없음,승합,남,35세,경상
2017122900100410,2017년 12월 29일 17시,금요일,충청남도 홍성군 금마면,중상사고,0,1,1,0,차대사람 - 기타,안전운전불이행,건조,맑음,단일로 - 기타,승용,여,66세,상해없음,보행자,남,57세,중상
2017122900100472,2017년 12월 29일 18시,금요일,충청남도 천안시 서북구 성환읍,경상사고,0,0,1,0,차대사람 - 기타,안전운전불이행,건조,맑음,단일로 - 기타,승용,여,62세,상해없음,보행자,남,72세,경상
2017122900100473,2017년 12월 29일 18시,금요일,충청남도 논산시 강경읍,경상사고,0,0,3,0,차대차 - 측면충돌,중앙선침범,건조,맑음,단일로 - 기타,승용,남,34세,경상,승용,남,43세,경상
2017122900100474,2017년 12월 29일 18시,금요일,충청남도 아산시 염치읍,경상사고,0,0,3,0,차대차 - 추돌,안전운전불이행,건조,맑음,기타 - 기타,승용,여,45세,상해없음,승용,남,41세,경상
2017122900100476,2017년 12월 29일 18시,금요일,충청남도 당진시 읍내리,경상사고,0,0,2,0,차대차 - 측면충돌,안전운전불이행,건조,맑음,단일로 - 기타,승용,남,59세,상해없음,승용,남,18세,경상
2017122900100477,2017년 12월 29일 18시,금요일,충청남도 천안시 동남구 삼룡동,중상사고,0,1,0,0,차대사람 - 횡단중,보행자보호의무위반,건조,맑음,교차로 - 교차로안,승용,남,51세,상해없음,보행자,남,46세,중상
2017122900100530,2017년 12월 29일 19시,금요일,충청남도 천안시 서북구 두정동,경상사고,0,0,2,0,차대사람 - 횡단중,보행자보호의무위반,건조,맑음,단일로 - 기타,승용,여,44세,상해없음,보행자,남,7세,경상
2017122900100567,2017년 12월 29일 20시,금요일,충청남도 서산시 고북면,경상사고,0,0,1,0,차대사람 - 길가장자리구역통행중,안전운전불이행,건조,맑음,단일로 - 기타,승용,남,65세,상해없음,보행자,남,49세,경상
2017122900100568,2017년 12월 29일 20시,금요일,충청남도 천안시 서북구 성정동,경상사고,0,0,2,0,차대차 - 기타,안전운전불이행,건조,맑음,교차로 - 교차로안,승용,남,31세,상해없음,승용,남,31세,경상
2017122900100569,2017년 12월 29일 20시,금요일,충청남도 공주시 신관동,경상사고,0,0,2,0,차대차 - 측면충돌,신호위반,건조,맑음,교차로 - 교차로안,승용,남,30세,상해없음,승용,남,56세,경상
2017122900100693,2017년 12월 29일 23시,금요일,충청남도 당진시 읍내리,경상사고,0,0,1,1,차대차 - 측면충돌,신호위반,건조,맑음,교차로 - 교차로안,승용,남,43세,상해없음,승용,남,21세,부상신고
2017122900100694,2017년 12월 29일 23시,금요일,충청남도 당진시 읍내리,경상사고,0,0,1,0,차대차 - 측면충돌,직진우회전진행방해,젖음/습기,흐림,교차로 - 교차로안,승용,남,49세,상해없음,승용,남,57세,경상
2017122900100695,2017년 12월 29일 23시,금요일,충청남도 천안시 동남구 청당동,중상사고,0,1,0,0,차대차 - 기타,안전운전불이행,건조,맑음,단일로 - 기타,기타불명,기타불명,미분류,기타불명,자전거,여,53세,중상
2017123000100091,2017년 12월 30일 02시,토요일,충청남도 천안시 동남구 병천면,경상사고,0,0,1,0,차대사람 - 기타,안전운전불이행,건조,맑음,단일로 - 기타,승용,남,36세,상해없음,보행자,남,47세,경상
2017123000100145,2017년 12월 30일 06시,토요일,충청남도 천안시 서북구 성거읍,경상사고,0,0,1,0,차대차 - 기타,안전운전불이행,건조,맑음,단일로 - 기타,승용,남,39세,상해없음,승용,남,55세,경상
2017123000100146,2017년 12월 30일 06시,토요일,충청남도 아산시 온천동,경상사고,0,0,1,0,차대사람 - 횡단중,보행자보호의무위반,건조,맑음,교차로 - 교차로횡단보도내,승용,남,69세,상해없음,보행자,여,65세,경상
2017123000100159,2017년 12월 30일 07시,토요일,충청남도 천안시 서북구 쌍용동,경상사고,0,0,1,0,차대차 - 기타,안전운전불이행,건조,맑음,단일로 - 기타,승용,여,31세,상해없음,승용,남,46세,경상
2017123000100160,2017년 12월 30일 07시,토요일,충청남도 천안시 서북구 불당동,경상사고,0,0,2,0,차대차 - 기타,안전운전불이행,건조,맑음,단일로 - 기타,승용,남,35세,상해없음,승용,남,46세,상해없음
2017123000100201,2017년 12월 30일 10시,토요일,충청남도 당진시 순성면,중상사고,0,1,0,0,차대차 - 측면충돌,중앙선침범,건조,맑음,단일로 - 기타,화물,남,50세,상해없음,승용,여,40세,중상
2017123000100221,2017년 12월 30일 11시,토요일,충청남도 천안시 동남구 봉명동,중상사고,0,1,0,0,차대차 - 추돌,안전운전불이행,건조,맑음,기타 - 기타,승용,남,47세,상해없음,승용,여,45세,중상
2017123000100270,2017년 12월 30일 14시,토요일,충청남도 공주시 산성동,경상사고,0,0,1,0,차대차 - 측면충돌,불법유턴,건조,맑음,교차로 - 교차로안,이륜,남,59세,경상,승합,남,34세,상해없음
2017123000100340,2017년 12월 30일 17시,토요일,충청남도 천안시 서북구 성거읍,경상사고,0,0,3,0,차대차 - 기타,안전운전불이행,건조,맑음,교차로 - 교차로안,승용,남,70세,상해없음,승용,남,48세,경상
2017123000100370,2017년 12월 30일 18시,토요일,충청남도 논산시 부적면,중상사고,0,2,5,0,차대차 - 측면충돌,중앙선침범,건조,맑음,단일로 - 기타,승용,남,31세,상해없음,승용,남,54세,중상
2017123000100400,2017년 12월 30일 19시,토요일,충청남도 천안시 동남구 청당동,중상사고,0,2,1,0,차대차 - 추돌,안전운전불이행,건조,맑음,단일로 - 기타,승용,남,42세,상해없음,승용,남,65세,경상
2017123000100446,2017년 12월 30일 21시,토요일,충청남도 아산시 배방읍,중상사고,0,1,1,0,차대차 - 추돌,안전운전불이행,젖음/습기,비,교차로 - 교차로부근,화물,남,48세,상해없음,승용,여,44세,상해없음
2017123000100495,2017년 12월 30일 23시,토요일,충청남도 아산시 온천동,경상사고,0,0,1,0,차대차 - 추돌,안전거리미확보,젖음/습기,비,교차로 - 교차로부근,승용,여,53세,상해없음,승용,남,47세,상해없음
2017123000100496,2017년 12월 30일 23시,토요일,충청남도 천안시 동남구 용곡동,경상사고,0,0,3,0,차대차 - 추돌,중앙선침범,젖음/습기,비,단일로 - 교량,승용,남,48세,상해없음,화물,남,58세,경상
2017123100100050,2017년 12월 31일 01시,일요일,충청남도 논산시 내동,경상사고,0,0,1,0,차대사람 - 기타,안전운전불이행,젖음/습기,흐림,단일로 - 기타,승용,남,43세,상해없음,보행자,남,26세,경상
2017123100100109,2017년 12월 31일 06시,일요일,충청남도 아산시 둔포면,경상사고,0,0,5,0,차대차 - 정면충돌,안전운전불이행,건조,기타,교차로 - 교차로안,승용,남,69세,상해없음,화물,남,58세,경상
2017123100100118,2017년 12월 31일 07시,일요일,충청남도 천안시 서북구 성정동,경상사고,0,0,1,0,차대사람 - 보도통행중,안전운전불이행,건조,맑음,단일로 - 기타,기타불명,기타불명,미분류,기타불명,보행자,남,31세,경상
2017123100100131,2017년 12월 31일 08시,일요일,충청남도 청양군 청양읍,경상사고,0,0,1,0,차량단독 - 공작물충돌,안전운전불이행,서리/결빙,맑음,단일로 - 기타,승용,여,30세,경상,,,,
2017123100100147,2017년 12월 31일 09시,일요일,충청남도 당진시 석문면,중상사고,0,1,2,0,차대사람 - 기타,안전운전불이행,서리/결빙,흐림,기타 - 기타,승용,여,59세,경상,보행자,여,75세,경상
2017123100100161,2017년 12월 31일 10시,일요일,충청남도 아산시 온천동,경상사고,0,0,4,0,차대차 - 추돌,안전운전불이행,건조,맑음,단일로 - 기타,승용,남,24세,상해없음,승용,남,42세,경상
2017123100100162,2017년 12월 31일 10시,일요일,충청남도 서천군 비인면,중상사고,0,1,2,0,차대차 - 추돌,안전운전불이행,건조,맑음,교차로 - 교차로안,승용,남,71세,상해없음,화물,남,51세,중상
2017123100100193,2017년 12월 31일 12시,일요일,충청남도 천안시 동남구 원성동,경상사고,0,0,1,0,차대차 - 기타,안전운전불이행,건조,맑음,교차로 - 교차로안,승용,남,35세,상해없음,화물,남,32세,경상
2017123100100213,2017년 12월 31일 13시,일요일,충청남도 부여군 양화면,경상사고,0,0,1,0,차대차 - 측면충돌,안전운전불이행,건조,맑음,단일로 - 기타,승용,남,59세,상해없음,이륜,여,76세,경상
2017123100100255,2017년 12월 31일 15시,일요일,충청남도 천안시 서북구 입장면,경상사고,0,0,2,1,차대차 - 측면충돌,안전운전불이행,건조,맑음,교차로 - 교차로안,승용,남,36세,부상신고,승용,남,67세,경상
2017123100100256,2017년 12월 31일 15시,일요일,충청남도 천안시 서북구 불당동,경상사고,0,0,1,0,차대차 - 기타,신호위반,건조,맑음,교차로 - 교차로안,승용,남,23세,상해없음,승용,남,47세,경상
2017123100100257,2017년 12월 31일 15시,일요일,충청남도 부여군 부여읍,중상사고,0,1,0,0,차대차 - 측면충돌,교차로운행방법위반,건조,맑음,교차로 - 교차로안,승용,남,33세,상해없음,이륜,여,60세,중상
2017123100100285,2017년 12월 31일 16시,일요일,충청남도 보령시 신흑동,경상사고,0,0,1,0,차대사람 - 기타,안전운전불이행,건조,맑음,단일로 - 기타,승용,남,48세,상해없음,보행자,남,38세,경상
2017123100100298,2017년 12월 31일 17시,일요일,충청남도 천안시 동남구 신부동,부상신고사고,0,0,0,1,차대사람 - 기타,안전운전불이행,건조,맑음,단일로 - 기타,승용,남,28세,상해없음,보행자,남,42세,부상신고
2017123100100336,2017년 12월 31일 18시,일요일,충청남도 천안시 서북구 직산읍,경상사고,0,0,1,0,차대차 - 기타,안전운전불이행,건조,맑음,교차로 - 교차로부근,승합,남,49세,상해없음,승용,남,45세,경상
2017123100100338,2017년 12월 31일 18시,일요일,충청남도 당진시 신평면,중상사고,0,1,1,0,차대차 - 추돌,안전운전불이행,건조,맑음,단일로 - 기타,승용,남,33세,중상,화물,남,44세,상해없음
2017123100100339,2017년 12월 31일 18시,일요일,충청남도 태안군 태안읍,중상사고,0,2,0,0,차대차 - 추돌,안전운전불이행,기타,맑음,교차로 - 교차로부근,승용,남,43세,상해없음,승용,남,51세,중상
2017123100100366,2017년 12월 31일 19시,일요일,충청남도 당진시 채운동,경상사고,0,0,2,0,차대차 - 기타,안전운전불이행,건조,맑음,단일로 - 기타,승용,남,33세,상해없음,승용,남,38세,경상
2017123100100388,2017년 12월 31일 20시,일요일,충청남도 서천군 장항읍,경상사고,0,0,8,0,차대차 - 측면충돌,신호위반,건조,맑음,교차로 - 교차로안,승용,남,52세,상해없음,승용,여,31세,경상
2017123100100413,2017년 12월 31일 21시,일요일,충청남도 청양군 청양읍,경상사고,0,0,1,0,차대사람 - 횡단중,안전운전불이행,건조,맑음,교차로 - 교차로안,승용,남,41세,상해없음,보행자,남,69세,경상
2017123100100414,2017년 12월 31일 21시,일요일,충청남도 천안시 동남구 삼룡동,경상사고,0,0,1,0,차대차 - 추돌,안전거리미확보,건조,맑음,단일로 - 교량,승용,남,33세,상해없음,승용,남,48세,경상